lang,term,frequency,category,source_types,is_valid_cognate,is_valid_integrated,is_valid_historical
ast,click,2,new/tech,noun_raw,0,0,0
ast,clicks,8,new/tech,noun_plural_english,0,0,0
ast,faciendo click,1,new/tech,verb_light_construction,0,0,0
ast,post,5,new/tech,noun_raw,0,0,0
ast,postes,5,new/tech,noun_plural_native,0,0,0
ast,posts,1,new/tech,noun_plural_english,0,0,0
ast,chat,3,new/tech,noun_raw,0,0,0
ast,chates,6,new/tech,noun_plural_native,0,0,0
ast,chats,4,new/tech,noun_plural_english,0,0,0
ast,link,5,new/tech,noun_raw,0,0,0
ast,linkes,1,new/tech,noun_plural_native,0,0,0
ast,tag,1,new/tech,noun_raw,0,0,0
ast,tages,3,new/tech,noun_plural_native,0,0,0
ast,tags,2,new/tech,noun_plural_english,0,0,0
ast,tuit,2,new/tech,noun_raw,0,0,0
ast,tuits,4,new/tech,noun_plural_english,0,0,0
ast,escaniar,6,new/tech,verb_morph_prescriptive,0,0,0
ast,escaniáu,5,new/tech,verb_participle_prescriptive,0,0,0
ast,format,2,new/tech,noun_raw,0,0,0
ast,formates,3,new/tech,noun_plural_native,0,0,0
ast,formats,1,new/tech,noun_plural_english,0,0,0
ast,hack,13,new/tech,noun_raw,0,0,0
ast,hackes,1,new/tech,noun_plural_native,0,0,0
ast,hacks,3,new/tech,noun_plural_english,0,0,0
ast,ban,15,new/tech,noun_raw,0,0,0
ast,log,1,new/tech,noun_raw,0,0,0
ast,loges,3,new/tech,noun_plural_native,0,0,0
ast,logs,4,new/tech,noun_plural_english,0,0,0
ast,reset,11,new/tech,noun_raw,0,0,0
ast,downloads,3,new/tech,noun_plural_english,0,0,0
ast,estreames,1,new/tech,noun_plural_native,0,0,0
ast,likes,3,new/tech,noun_plural_native,0,0,0
ast,update,1,new/tech,noun_raw,0,0,0
ast,updates,1,new/tech,noun_plural_native,0,0,0
ast,forward,12,new/tech,noun_raw,0,0,0
ast,forwards,5,new/tech,noun_plural_english,0,0,0
ast,trolles,1,new/tech,noun_plural_native,0,0,0
ast,trolls,6,new/tech,noun_plural_english,0,0,0
ast,server,15,new/tech,noun_raw,0,0,0
ast,servers,2,new/tech,noun_plural_english,0,0,0
ast,cloud,4,new/tech,noun_raw,0,0,0
ast,clouds,5,new/tech,noun_plural_english,0,0,0
ast,software,1,new/tech,noun_raw,0,0,0
ast,softwares,5,new/tech,noun_plural_native,0,0,0
ast,hardware,10,new/tech,noun_raw,0,0,0
ast,hardwares,3,new/tech,noun_plural_native,0,0,0
ast,online,6,new/tech,noun_raw,0,0,0
ast,onlines,1,new/tech,noun_plural_native,0,0,0
ast,interface,5,new/tech,noun_raw,0,0,0
ast,interfaces,15,new/tech,noun_plural_native,0,0,0
ast,user,1,new/tech,noun_raw,0,0,0
ast,users,1,new/tech,noun_plural_english,0,0,0
ast,botes,26,new/tech,noun_plural_native,0,0,0
ast,app,13,new/tech,noun_raw,0,0,0
ast,apps,4,new/tech,noun_plural_english,0,0,0
ast,pixel,22,new/tech,noun_raw,0,0,0
ast,pixeles,11,new/tech,noun_plural_native,0,0,0
ast,pixels,3,new/tech,noun_plural_english,0,0,0
eu,click,3,new/tech,noun_raw,0,0,0
eu,klika,4,new/tech,noun_integrated_sg,0,0,0
eu,klikak,6,new/tech,noun_integrated_pl,0,0,0
eu,klik egin,9,new/tech,verb_light_construction,0,0,0
eu,klik egiten,3,new/tech,verb_light_construction,0,0,0
eu,klikatu,10,new/tech,verb_morph_integrated,0,0,0
eu,klikatzen,3,new/tech,verb_habitual,0,0,0
eu,post,11,new/tech,noun_raw,0,0,0
eu,posta,15,new/tech,noun_integrated_sg,0,0,0
eu,postak,7,new/tech,noun_integrated_pl,0,0,0
eu,chat,3,new/tech,noun_raw,0,0,0
eu,txata,4,new/tech,noun_integrated_sg,0,0,0
eu,txatak,2,new/tech,noun_integrated_pl,0,0,0
eu,link,12,new/tech,noun_raw,0,0,0
eu,linka,2,new/tech,noun_integrated_sg,0,0,0
eu,linkak,2,new/tech,noun_integrated_pl,0,0,0
eu,tag,2,new/tech,noun_raw,0,0,0
eu,taga,5,new/tech,noun_integrated_sg,0,0,0
eu,tweet,2,new/tech,noun_raw,0,0,0
eu,tuita,2,new/tech,noun_integrated_sg,0,0,0
eu,tuitak,2,new/tech,noun_integrated_pl,0,0,0
eu,scan,1,new/tech,noun_raw,0,0,0
eu,format,1,new/tech,noun_raw,0,0,0
eu,formata,1,new/tech,noun_integrated_sg,0,0,0
eu,formatatu,1,new/tech,verb_morph_integrated,0,0,0
eu,hack,11,new/tech,noun_raw,0,0,0
eu,haka,20,new/tech,noun_integrated_sg,0,0,0
eu,hakak,4,new/tech,noun_integrated_pl,0,0,0
eu,log,2,new/tech,noun_raw,0,0,0
eu,loga,1,new/tech,noun_integrated_sg,0,0,0
eu,reset,7,new/tech,noun_raw,0,0,0
eu,download,5,new/tech,noun_raw,0,0,0
eu,stream,9,new/tech,noun_raw,0,0,0
eu,like,7,new/tech,noun_raw,0,0,0
eu,likeak,1,new/tech,noun_integrated_pl,0,0,0
eu,likatzen,1,new/tech,verb_habitual,0,0,0
eu,scroll,10,new/tech,noun_raw,0,0,0
eu,update,4,new/tech,noun_raw,0,0,0
eu,forward,8,new/tech,noun_raw,0,0,0
eu,forwardak,1,new/tech,noun_integrated_pl,0,0,0
eu,spam,73,new/tech,noun_raw,0,0,0
eu,check,7,new/tech,noun_raw,0,0,0
eu,txeka,6,new/tech,noun_integrated_sg,0,0,0
eu,txekak,11,new/tech,noun_integrated_pl,0,0,0
eu,spoiler,4,new/tech,noun_raw,0,0,0
eu,troll,4,new/tech,noun_raw,0,0,0
eu,trolla,5,new/tech,noun_integrated_sg,0,0,0
eu,trollak,6,new/tech,noun_integrated_pl,0,0,0
eu,bug,11,new/tech,noun_raw,0,0,0
eu,buga,5,new/tech,noun_integrated_sg,0,0,0
eu,server,6,new/tech,noun_raw,0,0,0
eu,servera,3,new/tech,noun_integrated_sg,0,0,0
eu,software,135,new/tech,noun_raw,0,0,0
eu,softwarea,22,new/tech,noun_integrated_sg,0,0,0
eu,softwareak,15,new/tech,noun_integrated_pl,0,0,0
eu,hardware,11,new/tech,noun_raw,0,0,0
eu,hardwarea,6,new/tech,noun_integrated_sg,0,0,0
eu,hardwareak,9,new/tech,noun_integrated_pl,0,0,0
eu,online,11,new/tech,noun_raw,0,0,0
eu,onlinea,2,new/tech,noun_integrated_sg,0,0,0
eu,interface,5,new/tech,noun_raw,0,0,0
eu,user,3,new/tech,noun_raw,0,0,0
eu,usera,5,new/tech,noun_integrated_sg,0,0,0
eu,bot,5,new/tech,noun_raw,0,0,0
eu,bota,50,established,"wiktionary_es, noun_integrated_sg",0,0,0
eu,botak,8,new/tech,noun_integrated_pl,0,0,0
eu,app,26,new/tech,noun_raw,0,0,0
eu,appa,1,new/tech,noun_integrated_sg,0,0,0
eu,appak,3,new/tech,noun_integrated_pl,0,0,0
eu,pixel,35,new/tech,noun_raw,0,0,0
eu,pixela,4,new/tech,noun_integrated_sg,0,0,0
eu,pixelak,9,new/tech,noun_integrated_pl,0,0,0
el,click,5,new/tech,cs_latin_raw,0,0,0
el,κλικ,24,established,"noun_transliterated, wiktionary_fr",0,0,1
el,κάνει κλικ,6,new/tech,verb_light_greek,0,0,0
el,έκανε κλικ,1,new/tech,verb_light_greek,0,0,0
el,κάνοντας κλικ,9,new/tech,verb_light_greek,0,0,0
el,post,1,new/tech,cs_latin_raw,0,0,0
el,κάνει post,1,new/tech,verb_light_latin,0,0,0
el,ποστ,3,new/tech,noun_transliterated,0,0,0
el,chat,11,new/tech,cs_latin_raw,0,0,0
el,τσατ,3,new/tech,noun_transliterated,0,0,0
el,λινκ,4,new/tech,noun_transliterated,0,0,0
el,tag,9,new/tech,cs_latin_raw,0,0,0
el,κάνει tag,1,new/tech,verb_light_latin,0,0,0
el,κάνει tweet,1,new/tech,verb_light_latin,0,0,0
el,έκανε tweet,1,new/tech,verb_light_latin,0,0,0
el,τουίτ,6,new/tech,noun_transliterated,0,0,0
el,scan,8,new/tech,cs_latin_raw,0,0,0
el,σκαν,1,new/tech,noun_transliterated,0,0,0
el,format,3,new/tech,cs_latin_raw,0,0,0
el,φορμάτ,6,new/tech,noun_transliterated,0,0,0
el,hack,2,new/tech,cs_latin_raw,0,0,0
el,χακ,8,new/tech,noun_transliterated,0,0,0
el,χακαρισμένος,1,new/tech,verb_participle,0,0,0
el,ban,1,new/tech,cs_latin_raw,0,0,0
el,μπαν,23,new/tech,noun_transliterated,0,0,0
el,log,8,new/tech,cs_latin_raw,0,0,0
el,κάνει log,1,new/tech,verb_light_latin,0,0,0
el,λογκ,6,new/tech,noun_transliterated,0,0,0
el,reset,12,new/tech,cs_latin_raw,0,0,0
el,κάνει reset,1,new/tech,verb_light_latin,0,0,0
el,download,2,new/tech,cs_latin_raw,0,0,0
el,stream,2,new/tech,cs_latin_raw,0,0,0
el,κάνει stream,4,new/tech,verb_light_latin,0,0,0
el,στριμ,8,new/tech,noun_transliterated,0,0,0
el,κάνει like,1,new/tech,verb_light_latin,0,0,0
el,scroll,1,new/tech,cs_latin_raw,0,0,0
el,σκρολ,1,new/tech,noun_transliterated,0,0,0
el,forward,2,new/tech,cs_latin_raw,0,0,0
el,φόργουορντ,14,new/tech,noun_transliterated,0,0,0
el,spam,14,new/tech,cs_latin_raw,0,0,0
el,σπαμ,8,new/tech,noun_transliterated,0,0,0
el,check,1,new/tech,cs_latin_raw,0,0,0
el,κάνει check,1,new/tech,verb_light_latin,0,0,0
el,έκανε check,4,new/tech,verb_light_latin,0,0,0
el,τσεκ,4,new/tech,noun_transliterated,0,0,0
el,έκανε τσεκ,3,new/tech,verb_light_greek,0,0,0
el,σπόιλερ,5,new/tech,noun_transliterated,0,0,0
el,troll,3,new/tech,cs_latin_raw,0,0,0
el,τρολ,30,new/tech,noun_transliterated,0,0,0
el,bug,9,new/tech,cs_latin_raw,0,0,0
el,μπαγκ,10,new/tech,noun_transliterated,0,0,0
el,server,20,new/tech,cs_latin_raw,0,0,0
el,σέρβερ,1,new/tech,noun_transliterated,0,0,0
el,cloud,27,new/tech,cs_latin_raw,0,0,0
el,κλάουντ,4,new/tech,noun_transliterated,0,0,0
el,software,10,new/tech,cs_latin_raw,0,0,0
el,hardware,6,new/tech,cs_latin_raw,0,0,0
el,online,2,new/tech,cs_latin_raw,0,0,0
el,ονλάιν,3,new/tech,noun_transliterated,0,0,0
el,interface,8,new/tech,cs_latin_raw,0,0,0
el,user,5,new/tech,cs_latin_raw,0,0,0
el,μποτ,8,new/tech,noun_transliterated,0,0,0
el,app,2,new/tech,cs_latin_raw,0,0,0
el,pixel,9,new/tech,cs_latin_raw,0,0,0
el,πίξελ,6,new/tech,noun_transliterated,0,0,0
ast,backgammon,8,established,wiktionary_en,1,0,0
ast,filme,19,established,wiktionary_en,0,0,0
ast,lleva,8,established,wiktionary_en,0,0,0
ast,líder,9,established,wiktionary_en,0,0,0
ast,polu,16,established,wiktionary_en,0,0,0
ast,tractor,36,established,wiktionary_en,0,0,0
ast,watt,12,established,wiktionary_en,1,0,0
ast,Ḥawai,9,established,wiktionary_en,0,0,0
ast,abadexu,4,established,wiktionary_es,0,0,0
ast,abandonar,5,established,wiktionary_es,0,0,0
ast,abetu,29,established,wiktionary_es,0,0,0
ast,aguacate,27,established,wiktionary_es,0,0,0
ast,alambre,20,established,wiktionary_es,0,0,0
ast,Alexandru,14,established,wiktionary_es,0,0,0
ast,arguyu,17,established,wiktionary_es,0,0,0
ast,arzobispu,24,established,wiktionary_es,0,0,0
ast,automóvil,18,established,wiktionary_es,0,0,0
ast,añoranza,4,established,wiktionary_es,0,0,0
ast,bandera,5,established,wiktionary_es,0,0,0
ast,brazalete,14,established,wiktionary_es,1,0,0
ast,bufanda,11,established,wiktionary_es,0,0,0
ast,cai,10,established,wiktionary_es,0,0,0
ast,cangrexu,5,established,wiktionary_es,0,0,0
ast,cerveza,59,established,wiktionary_es,1,0,0
ast,ciencia,8,established,wiktionary_es,1,0,0
ast,conciencia,34,established,wiktionary_es,0,0,0
ast,cucaracha,25,established,wiktionary_es,0,0,0
ast,cudiar,4,established,wiktionary_es,0,0,0
ast,cuidáu,5,established,wiktionary_es,0,0,0
ast,desarrollar,5,established,wiktionary_es,0,0,0
ast,deuda,11,established,wiktionary_es,0,0,0
ast,doctor,47,established,wiktionary_es,0,0,0
ast,Don Quixote,6,established,wiktionary_es,0,0,0
ast,dotor,4,established,wiktionary_es,0,0,0
ast,echar,5,established,wiktionary_es,0,0,0
ast,escuchar,4,established,wiktionary_es,1,0,0
ast,falda,19,established,wiktionary_es,0,0,0
ast,furacán,106,established,wiktionary_es,0,0,0
ast,guai,3,established,wiktionary_es,0,0,0
ast,güelga,15,established,wiktionary_es,0,0,0
ast,hacha,1,established,wiktionary_es,0,0,0
ast,hacia,5,established,wiktionary_es,0,0,0
ast,haiga,5,established,wiktionary_es,0,0,0
ast,hospital,67,established,wiktionary_es,0,0,0
ast,impuestu,9,established,wiktionary_es,0,0,0
ast,lladriyu,33,established,wiktionary_es,0,0,0
ast,llevadura,8,established,wiktionary_es,0,0,0
ast,llexos,1,established,wiktionary_es,0,0,0
ast,llimitar,1,established,wiktionary_es,0,0,0
ast,mariposa,2,established,wiktionary_es,0,0,0
ast,médicu,56,established,wiktionary_es,0,0,0
ast,nación,23,established,wiktionary_es,0,0,0
ast,nivel,7,established,wiktionary_es,0,0,0
ast,ocho,5,established,wiktionary_es,0,0,0
ast,paella,8,established,wiktionary_es,0,0,0
ast,pauta,5,established,wiktionary_es,0,0,0
ast,piraña,10,established,wiktionary_es,0,0,0
ast,planchar,24,established,wiktionary_es,0,0,0
ast,plomu,103,established,wiktionary_es,1,0,0
ast,retrete,51,established,wiktionary_es,0,0,0
ast,rodiya,7,established,wiktionary_es,0,0,0
ast,seguridá,16,established,wiktionary_es,0,0,0
ast,tenedor,43,established,wiktionary_es,0,0,0
ast,terraza,33,established,wiktionary_es,0,0,0
ast,tiza,12,established,wiktionary_es,0,0,0
ast,tostador,5,established,wiktionary_es,0,0,0
ast,usté,3,established,wiktionary_es,0,0,0
ast,xamón,37,established,wiktionary_es,0,0,0
ast,xastre,3,established,wiktionary_es,0,0,0
ast,zanahoria,1,established,wiktionary_es,0,0,0
ast,ḥenu,4,established,wiktionary_es,0,0,0
eu,bridge,5,established,wiktionary_en,0,0,0
eu,copyleft,53,established,wiktionary_en,0,0,0
eu,copyright,22,established,wiktionary_en,0,0,0
eu,dolar,25,established,wiktionary_en,0,0,0
eu,porlan,4,established,wiktionary_en,0,0,0
eu,quark,58,established,wiktionary_en,0,0,0
eu,squash,5,established,wiktionary_en,0,0,0
eu,xanpu,3,established,wiktionary_en,0,0,0
eu,ababor,3,established,wiktionary_es,0,0,0
eu,abade,8,established,wiktionary_es,0,0,0
eu,abadesa,3,established,wiktionary_es,0,0,0
eu,abadia,58,established,wiktionary_es,0,0,0
eu,abako,14,established,wiktionary_es,0,0,0
eu,abal,1,established,wiktionary_es,0,0,0
eu,abandonu,4,established,wiktionary_es,0,0,0
eu,abangoardismo,3,established,wiktionary_es,0,0,0
eu,abangoardista,3,established,wiktionary_es,0,0,0
eu,abantaila,12,established,"wiktionary_es, wiktionary_fr",0,0,0
eu,abdikazio,5,established,wiktionary_es,0,0,0
eu,abdomen,22,established,wiktionary_es,0,0,0
eu,abdukzio,4,established,wiktionary_es,0,0,0
eu,abenka,4,established,wiktionary_es,0,0,0
eu,abentura,5,established,wiktionary_es,0,0,0
eu,aberrazio,15,established,wiktionary_es,0,0,0
eu,abiazio,5,established,wiktionary_es,0,0,0
eu,abil,2,established,wiktionary_es,0,0,0
eu,abilidade,5,established,wiktionary_es,0,0,0
eu,abioneta,1,established,wiktionary_es,0,0,0
eu,abisal,7,established,wiktionary_es,0,0,0
eu,abisu,4,established,wiktionary_es,0,0,0
eu,abitu,5,established,wiktionary_es,0,0,0
eu,abixoi,7,established,wiktionary_es,0,0,0
eu,ablatibo,2,established,wiktionary_es,0,0,0
eu,ablazio,1,established,wiktionary_es,0,0,0
eu,abolizio,7,established,wiktionary_es,0,0,0
eu,abolizionismo,3,established,wiktionary_es,0,0,0
eu,abolizionista,9,established,wiktionary_es,0,0,0
eu,abonu,11,established,wiktionary_es,0,0,0
eu,aborigen,11,established,wiktionary_es,0,0,0
eu,abortu,47,established,wiktionary_es,0,0,0
eu,abrasio,7,established,wiktionary_es,0,0,0
eu,abrigo,8,established,wiktionary_es,0,0,0
eu,abrigu,1,established,wiktionary_es,0,0,0
eu,absentismo,3,established,wiktionary_es,0,0,0
eu,abside,12,established,"wiktionary_es, wiktionary_fr",0,0,0
eu,absolutibo,4,established,wiktionary_es,0,0,0
eu,absolutismo,4,established,wiktionary_es,0,0,0
eu,absolutista,2,established,wiktionary_es,0,0,0
eu,absolutu,8,established,wiktionary_es,0,0,0
eu,absoluzio,3,established,wiktionary_es,0,0,0
eu,absortzio,11,established,wiktionary_es,0,0,0
eu,abstentzio,9,established,wiktionary_es,0,0,0
eu,abstinentzia,10,established,wiktionary_es,0,0,0
eu,abstraktu,13,established,wiktionary_es,0,0,0
eu,abstrakzio,21,established,wiktionary_es,0,0,0
eu,absurdo,4,established,wiktionary_es,0,0,0
eu,Abundio,2,established,wiktionary_es,0,0,0
eu,abusu,13,established,wiktionary_es,0,0,0
eu,abzesu,5,established,wiktionary_es,0,0,0
eu,abzisa,15,established,wiktionary_es,0,0,0
eu,accesit,2,established,wiktionary_es,0,0,0
eu,adberbial,4,established,wiktionary_es,0,0,0
eu,adberbio,11,established,wiktionary_es,0,0,0
eu,adenina,14,established,wiktionary_es,0,0,0
eu,adiabatiko,9,established,wiktionary_es,0,0,0
eu,aerobik,3,established,wiktionary_es,0,0,0
eu,aerobiko,4,established,wiktionary_es,0,0,0
eu,aerobio,8,established,wiktionary_es,0,0,0
eu,aerodinamika,10,established,wiktionary_es,0,0,0
eu,aerodinamiko,12,established,wiktionary_es,0,0,0
eu,aerodromo,6,established,wiktionary_es,0,0,0
eu,aeroespazial,5,established,wiktionary_es,0,0,0
eu,aeroklub,3,established,wiktionary_es,0,0,0
eu,aerolito,1,established,wiktionary_es,0,0,0
eu,aerometro,1,established,wiktionary_es,0,0,0
eu,aeronauta,8,established,wiktionary_es,0,0,0
eu,aeronautika,10,established,wiktionary_es,0,0,0
eu,aeronautiko,8,established,wiktionary_es,0,0,0
eu,aeroplano,7,established,wiktionary_es,0,0,0
eu,aerosol,7,established,wiktionary_es,0,0,0
eu,aerostato,4,established,wiktionary_es,0,0,0
eu,Afganistan,28,established,wiktionary_es,0,0,0
eu,agata,9,established,wiktionary_es,0,0,0
eu,agresibo,4,established,wiktionary_es,0,0,0
eu,aire,10,established,wiktionary_es,0,0,0
eu,akademiko,11,established,wiktionary_es,0,0,0
eu,Akitania,23,established,wiktionary_es,0,0,0
eu,aktibo,38,established,wiktionary_es,0,0,0
eu,albaitari,15,established,wiktionary_es,0,0,0
eu,Albania,26,established,wiktionary_es,0,0,0
eu,albarikoke,3,established,wiktionary_es,0,0,0
eu,aleman,17,established,wiktionary_es,0,0,0
eu,Alemania,23,established,wiktionary_es,0,0,0
eu,alkandora,36,established,wiktionary_es,0,0,0
eu,alkatxofa,4,established,wiktionary_es,0,0,0
eu,alternatibo,9,established,wiktionary_es,0,0,0
eu,altu,4,established,wiktionary_es,0,0,0
eu,altzairu,83,established,wiktionary_es,0,0,0
eu,Amaia,30,established,wiktionary_es,0,0,0
eu,amerikano,3,established,wiktionary_es,0,0,0
eu,amodio,6,established,wiktionary_es,0,0,0
eu,amu,21,established,wiktionary_es,0,0,0
eu,anakroniko,4,established,wiktionary_es,0,0,0
eu,anakronismo,4,established,wiktionary_es,0,0,0
eu,anana,6,established,wiktionary_es,0,0,0
eu,anarkia,29,established,wiktionary_es,0,0,0
eu,anarkismo,15,established,wiktionary_es,0,0,0
eu,anarkista,41,established,wiktionary_es,0,0,0
eu,anbulantzia,9,established,wiktionary_es,0,0,0
eu,Andorra,14,established,wiktionary_es,0,0,0
eu,Angola,24,established,wiktionary_es,0,0,0
eu,Anton,6,established,wiktionary_es,0,0,0
eu,antropologia,23,established,wiktionary_es,0,0,0
eu,antxoa,17,established,wiktionary_es,0,0,0
eu,aporofobia,5,established,wiktionary_es,0,0,0
eu,arbola,31,established,wiktionary_es,0,0,0
eu,ardura,5,established,wiktionary_es,0,0,0
eu,aristokratiko,3,established,wiktionary_es,0,0,0
eu,aristokrazia,7,established,wiktionary_es,0,0,0
eu,armairu,8,established,wiktionary_es,0,0,0
eu,Armenia,19,established,wiktionary_es,0,0,0
eu,aro,20,established,wiktionary_es,0,0,0
eu,arpoi,16,established,wiktionary_es,0,0,0
eu,arraro,5,established,wiktionary_es,0,0,0
eu,arraza,30,established,wiktionary_es,0,0,0
eu,arrazoi,6,established,wiktionary_es,0,0,0
eu,arropa,27,established,wiktionary_es,0,0,0
eu,arroz,48,established,wiktionary_es,0,0,0
eu,arte,22,established,wiktionary_es,0,0,0
eu,artifizial,21,established,wiktionary_es,0,0,0
eu,artista,15,established,wiktionary_es,0,0,0
eu,artxipelago,4,established,wiktionary_es,0,0,0
eu,asimilazio,6,established,wiktionary_es,0,0,0
eu,asteroide,139,established,wiktionary_es,0,0,0
eu,asto,22,established,wiktionary_es,0,0,0
eu,astronautika,4,established,wiktionary_es,0,0,0
eu,ateismo,29,established,wiktionary_es,0,0,0
eu,audifono,5,established,wiktionary_es,0,0,0
eu,aupa,6,established,wiktionary_es,0,0,0
eu,auskalo,9,established,wiktionary_es,0,0,0
eu,autismo,12,established,wiktionary_es,0,0,0
eu,automatiko,1,established,wiktionary_es,0,0,0
eu,azido,148,established,wiktionary_es,0,0,0
eu,ba,10,established,wiktionary_es,0,0,0
eu,bagoi,15,established,wiktionary_es,0,0,0
eu,bainu,10,established,wiktionary_es,0,0,0
eu,balbula,60,established,wiktionary_es,0,0,0
eu,bale,8,established,wiktionary_es,0,0,0
eu,balkoi,2,established,wiktionary_es,0,0,0
eu,baloi,13,established,wiktionary_es,0,0,0
eu,bandalismo,5,established,wiktionary_es,0,0,0
eu,bandera,113,established,wiktionary_es,0,0,0
eu,banku,39,established,wiktionary_es,0,0,0
eu,banpiro,27,established,wiktionary_es,0,0,0
eu,bapore,7,established,wiktionary_es,0,0,0
eu,barrena,10,established,wiktionary_es,0,0,0
eu,baso,95,established,wiktionary_es,0,0,0
eu,bata,5,established,wiktionary_es,0,0,0
eu,batel,11,established,wiktionary_es,0,0,0
eu,batxiler,4,established,wiktionary_es,0,0,0
eu,baxu,5,established,wiktionary_es,0,0,0
eu,belar,25,established,wiktionary_es,0,0,0
eu,benta,4,established,wiktionary_es,0,0,0
eu,berde,3,established,wiktionary_es,0,0,0
eu,Bernedo,8,established,wiktionary_es,0,0,0
eu,bertso,42,established,wiktionary_es,0,0,0
eu,bibote,5,established,wiktionary_es,0,0,0
eu,biologia,16,established,wiktionary_es,0,0,0
eu,biologo,6,established,wiktionary_es,0,0,0
eu,bisita,6,established,wiktionary_es,0,0,0
eu,bista,7,established,wiktionary_es,0,0,0
eu,Bizente,8,established,wiktionary_es,0,0,0
eu,bloke,5,established,wiktionary_es,0,0,0
eu,bolada,21,established,wiktionary_es,0,0,0
eu,bolante,11,established,wiktionary_es,0,0,0
eu,boligrafo,5,established,wiktionary_es,0,0,0
eu,botere,27,established,wiktionary_es,0,0,0
eu,botila,27,established,wiktionary_es,0,0,0
eu,boto,13,established,wiktionary_es,0,0,0
eu,botoi,31,established,wiktionary_es,0,0,0
eu,boz,3,established,wiktionary_es,0,0,0
eu,brusa,4,established,wiktionary_es,0,0,0
eu,bufalo,26,established,wiktionary_es,0,0,0
eu,bumeran,3,established,wiktionary_es,0,0,0
eu,camping,8,established,wiktionary_es,0,0,0
eu,campus,9,established,wiktionary_es,0,0,0
eu,chihuahua,5,established,wiktionary_es,0,0,0
eu,cicerone,1,established,wiktionary_es,0,0,0
eu,cumbia,8,established,wiktionary_es,0,0,0
eu,dantza,162,established,wiktionary_es,0,0,0
eu,datibo,4,established,wiktionary_es,0,0,0
eu,datu,27,established,wiktionary_es,0,0,0
eu,deklarazio,7,established,wiktionary_es,0,0,0
eu,dekoratibo,5,established,wiktionary_es,0,0,0
eu,dekorazio,11,established,wiktionary_es,0,0,0
eu,demokrata,8,established,wiktionary_es,0,0,0
eu,demokratiko,6,established,wiktionary_es,0,0,0
eu,demokratizazio,6,established,wiktionary_es,0,0,0
eu,demokrazia,67,established,wiktionary_es,0,0,0
eu,des-,2,established,wiktionary_es,0,0,0
eu,desindustrializazio,6,established,wiktionary_es,0,0,0
eu,deskolonizazio,13,established,wiktionary_es,0,0,0
eu,desmilitarizazio,3,established,wiktionary_es,0,0,0
eu,desnazifikazio,5,established,wiktionary_es,0,0,0
eu,dibertsio,6,established,wiktionary_es,0,0,0
eu,dibertsitate,11,established,wiktionary_es,0,0,0
eu,diplomatiko,20,established,wiktionary_es,0,0,0
eu,diplomazia,20,established,wiktionary_es,0,0,0
eu,disko,92,established,wiktionary_es,0,0,0
eu,dizipulu,5,established,wiktionary_es,0,0,0
eu,doinu,9,established,wiktionary_es,0,0,0
eu,dokumentu,3,established,wiktionary_es,0,0,0
eu,dominazio,4,established,wiktionary_es,0,0,0
eu,dozena,5,established,wiktionary_es,0,0,0
eu,droga,186,established,wiktionary_es,0,0,0
eu,dromedario,14,established,wiktionary_es,0,0,0
eu,dutxa,11,established,wiktionary_es,0,0,0
eu,ebanjelio,14,established,wiktionary_es,0,0,0
eu,ekonomiko,15,established,wiktionary_es,0,0,0
eu,enigma,17,established,wiktionary_es,0,0,0
eu,enigmatiko,4,established,wiktionary_es,0,0,0
eu,entziklopedia,19,established,wiktionary_es,0,0,0
eu,epidemiologiko,3,established,wiktionary_es,0,0,0
eu,ermita,12,established,wiktionary_es,0,0,0
eu,erraldoi,2,established,wiktionary_es,0,0,0
eu,erramu,15,established,wiktionary_es,0,0,0
eu,erreferentzia,7,established,wiktionary_es,0,0,0
eu,erregela,13,established,wiktionary_es,0,0,0
eu,erresidentzia,5,established,wiktionary_es,0,0,0
eu,erresistentzia,96,established,wiktionary_es,0,0,0
eu,erru,3,established,wiktionary_es,0,0,0
eu,eskizofrenia,12,established,wiktionary_es,0,0,0
eu,eskribitu,3,established,wiktionary_es,0,0,0
eu,eslogan,1,established,wiktionary_es,0,0,0
eu,espazio,50,established,wiktionary_es,0,0,0
eu,espezia,39,established,wiktionary_es,0,0,0
eu,espezie,53,established,wiktionary_es,0,0,0
eu,espiritu,26,established,wiktionary_es,0,0,0
eu,esportazio,6,established,wiktionary_es,0,0,0
eu,estatua,7,established,wiktionary_es,0,0,0
eu,estrategia,19,established,wiktionary_es,0,0,0
eu,Ezkarai,10,established,wiktionary_es,0,0,0
eu,eztainu,23,established,wiktionary_es,0,0,0
eu,fakokero,1,established,wiktionary_es,0,0,0
eu,falta,20,established,wiktionary_es,0,0,0
eu,faltsu,1,established,wiktionary_es,0,0,0
eu,familia,11,established,wiktionary_es,0,0,0
eu,fardel,7,established,wiktionary_es,0,0,0
eu,fase,17,established,wiktionary_es,0,0,0
eu,fatxada,25,established,wiktionary_es,0,0,0
eu,feltro,5,established,wiktionary_es,0,0,0
eu,feria,5,established,wiktionary_es,0,0,0
eu,festa,9,established,wiktionary_es,0,0,0
eu,fidelitate,5,established,wiktionary_es,0,0,0
eu,filosofia,85,established,wiktionary_es,0,0,0
eu,filosofo,21,established,wiktionary_es,0,0,0
eu,fin,2,established,wiktionary_es,0,0,0
eu,flatulentzia,7,established,wiktionary_es,0,0,0
eu,fonologia,10,established,wiktionary_es,0,0,0
eu,forma,6,established,wiktionary_es,0,0,0
eu,franko,11,established,wiktionary_es,0,0,0
eu,fresko,4,established,wiktionary_es,0,0,0
eu,fruta,11,established,wiktionary_es,0,0,0
eu,galtzetin,5,established,wiktionary_es,0,0,0
eu,Gaztela,22,established,wiktionary_es,0,0,0
eu,genozidio,28,established,wiktionary_es,0,0,0
eu,geografia,48,established,wiktionary_es,0,0,0
eu,gerra,340,established,wiktionary_es,0,0,0
eu,Gilen,6,established,wiktionary_es,0,0,0
eu,Gillen,1,established,wiktionary_es,0,0,0
eu,Gillermo,6,established,wiktionary_es,0,0,0
eu,gisa,21,established,wiktionary_es,0,0,0
eu,glaziar,33,established,wiktionary_es,0,0,0
eu,gobernu,35,established,wiktionary_es,0,0,0
eu,gol,47,established,wiktionary_es,0,0,0
eu,gorde,6,established,wiktionary_es,0,0,0
eu,gramatika,57,established,wiktionary_es,0,0,0
eu,gris,10,established,wiktionary_es,0,0,0
eu,helikoptero,10,established,wiktionary_es,0,0,0
eu,helize,14,established,wiktionary_es,0,0,0
eu,hiena,44,established,wiktionary_es,0,0,0
eu,hipersoniko,5,established,wiktionary_es,0,0,0
eu,homosexual,18,established,wiktionary_es,0,0,0
eu,homosexualitate,2,established,wiktionary_es,0,0,0
eu,identifikazio,9,established,wiktionary_es,0,0,0
eu,identitate,15,established,wiktionary_es,0,0,0
eu,igneo,23,established,wiktionary_es,0,0,0
eu,ijito,19,established,wiktionary_es,0,0,0
eu,iman,43,established,wiktionary_es,0,0,0
eu,imitazio,5,established,wiktionary_es,0,0,0
eu,independentzia,26,established,wiktionary_es,0,0,0
eu,industrializazio,8,established,wiktionary_es,0,0,0
eu,infiltrazio,25,established,wiktionary_es,0,0,0
eu,informazio,8,established,wiktionary_es,0,0,0
eu,institutu,3,established,wiktionary_es,0,0,0
eu,internazional,33,established,wiktionary_es,0,0,0
eu,internazionalismo,8,established,wiktionary_es,0,0,0
eu,intsektu,34,established,wiktionary_es,0,0,0
eu,izkina,6,established,wiktionary_es,0,0,0
eu,jende,5,established,wiktionary_es,0,0,0
eu,jengibre,6,established,wiktionary_es,0,0,0
eu,jirafa,30,established,wiktionary_es,0,0,0
eu,Joana,69,established,wiktionary_es,0,0,0
eu,justifikazio,11,established,wiktionary_es,0,0,0
eu,kafeina,47,established,wiktionary_es,0,0,0
eu,kaka,6,established,wiktionary_es,0,0,0
eu,kakahuete,7,established,wiktionary_es,0,0,0
eu,kaltzita,8,established,wiktionary_es,0,0,0
eu,kanguru,51,established,wiktionary_es,0,0,0
eu,kapitalismo,10,established,wiktionary_es,0,0,0
eu,kapitalista,13,established,wiktionary_es,0,0,0
eu,kapo,5,established,wiktionary_es,0,0,0
eu,karlistada,5,established,wiktionary_es,0,0,0
eu,kastore,8,established,wiktionary_es,0,0,0
eu,Katalunia,39,established,wiktionary_es,0,0,0
eu,kaxa,8,established,wiktionary_es,0,0,0
eu,kikara,2,established,wiktionary_es,0,0,0
eu,kilate,23,established,wiktionary_es,0,0,0
eu,kilogramo,15,established,wiktionary_es,0,0,0
eu,koaderno,12,established,wiktionary_es,0,0,0
eu,kobre,47,established,wiktionary_es,0,0,0
eu,koke,9,established,wiktionary_es,0,0,0
eu,kolera,17,established,wiktionary_es,0,0,0
eu,kolonizazio,1,established,wiktionary_es,0,0,0
eu,koltxoi,8,established,wiktionary_es,0,0,0
eu,kometa,103,established,wiktionary_es,0,0,0
eu,komunismo,23,established,wiktionary_es,0,0,0
eu,komunista,50,established,wiktionary_es,0,0,0
eu,kondentsadore,43,established,wiktionary_es,0,0,0
eu,kondizio,5,established,wiktionary_es,0,0,0
eu,kono,11,established,wiktionary_es,0,0,0
eu,konstituzio,38,established,wiktionary_es,0,0,0
eu,kontzeptu,6,established,wiktionary_es,0,0,0
eu,kontzientzia,45,established,wiktionary_es,0,0,0
eu,koral,34,established,wiktionary_es,0,0,0
eu,Kordoba,14,established,wiktionary_es,0,0,0
eu,kortxea,9,established,wiktionary_es,0,0,0
eu,kosmonauta,8,established,wiktionary_es,0,0,0
eu,kotxe,3,established,wiktionary_es,0,0,0
eu,krater,30,established,wiktionary_es,0,0,0
eu,kronologia,5,established,wiktionary_es,0,0,0
eu,kuantu,10,established,wiktionary_es,0,0,0
eu,kultura,7,established,wiktionary_es,0,0,0
eu,lama,11,established,wiktionary_es,0,0,0
eu,lanbas,4,established,wiktionary_es,0,0,0
eu,landa,5,established,wiktionary_es,0,0,0
eu,letra,18,established,"wiktionary_es, wiktionary_fr",0,0,0
eu,Libano,9,established,wiktionary_es,0,0,0
eu,libreto,8,established,wiktionary_es,0,0,0
eu,lima,15,established,wiktionary_es,0,0,0
eu,linguistika,4,established,wiktionary_es,0,0,0
eu,llama,7,established,wiktionary_es,0,0,0
eu,logika,45,established,wiktionary_es,0,0,0
eu,lupa,8,established,wiktionary_es,0,0,0
eu,Makaronesia,3,established,wiktionary_es,0,0,0
eu,mandarina,9,established,wiktionary_es,0,0,0
eu,mapa,13,established,wiktionary_es,0,0,0
eu,marikoi,2,established,wiktionary_es,0,0,0
eu,marka,8,established,wiktionary_es,0,0,0
eu,marroi,8,established,wiktionary_es,0,0,0
eu,martxo,3,established,wiktionary_es,0,0,0
eu,masturbazio,14,established,wiktionary_es,0,0,0
eu,mauser,10,established,wiktionary_es,0,0,0
eu,mediku,12,established,wiktionary_es,0,0,0
eu,mekanizazio,23,established,wiktionary_es,0,0,0
eu,militarismo,3,established,wiktionary_es,0,0,0
eu,militarizazio,4,established,wiktionary_es,0,0,0
eu,mina,14,established,wiktionary_es,0,0,0
eu,misantropo,3,established,wiktionary_es,0,0,0
eu,misil,37,established,wiktionary_es,0,0,0
eu,mitiko,6,established,wiktionary_es,0,0,0
eu,mito,64,established,wiktionary_es,0,0,0
eu,modifikazio,5,established,wiktionary_es,0,0,0
eu,monarka,19,established,wiktionary_es,0,0,0
eu,monarkia,52,established,wiktionary_es,0,0,0
eu,monarkiko,6,established,wiktionary_es,0,0,0
eu,monasterio,16,established,wiktionary_es,0,0,0
eu,monitore,12,established,wiktionary_es,0,0,0
eu,moralitate,5,established,wiktionary_es,0,0,0
eu,motozikleta,20,established,wiktionary_es,0,0,0
eu,multinazional,6,established,wiktionary_es,0,0,0
eu,mundu,21,established,wiktionary_es,0,0,0
eu,nazional,9,established,wiktionary_es,0,0,0
eu,nazionalismo,46,established,wiktionary_es,0,0,0
eu,nazionalista,21,established,wiktionary_es,0,0,0
eu,nazionalitate,7,established,wiktionary_es,0,0,0
eu,nazionalsozialismo,4,established,wiktionary_es,0,0,0
eu,nenufar,6,established,wiktionary_es,0,0,0
eu,neurologia,5,established,wiktionary_es,0,0,0
eu,neurozientzia,5,established,wiktionary_es,0,0,0
eu,nominatibo,18,established,wiktionary_es,0,0,0
eu,ofentsiba,27,established,wiktionary_es,0,0,0
eu,ogro,10,established,wiktionary_es,0,0,0
eu,oilo,67,established,wiktionary_es,0,0,0
eu,oligarka,20,established,wiktionary_es,0,0,0
eu,oligarkia,6,established,wiktionary_es,0,0,0
eu,oligarkiko,4,established,wiktionary_es,0,0,0
eu,ondo,4,established,wiktionary_es,0,0,0
eu,opaku,6,established,wiktionary_es,0,0,0
eu,opalo,7,established,wiktionary_es,0,0,0
eu,opera,103,established,wiktionary_es,0,0,0
eu,operadore,11,established,wiktionary_es,0,0,0
eu,operatibo,1,established,wiktionary_es,0,0,0
eu,operazio,15,established,wiktionary_es,0,0,0
eu,opereta,12,established,wiktionary_es,0,0,0
eu,operkulu,6,established,wiktionary_es,0,0,0
eu,organizazio,12,established,wiktionary_es,0,0,0
eu,orgasmo,27,established,wiktionary_es,0,0,0
eu,pabo,2,established,"wiktionary_es, wiktionary_fr",0,0,0
eu,pakete,15,established,wiktionary_es,0,0,0
eu,pase,18,established,wiktionary_es,0,0,0
eu,patata,125,established,wiktionary_es,0,0,0
eu,pauso,12,established,wiktionary_es,0,0,0
eu,pelikula,22,established,wiktionary_es,0,0,0
eu,penintsula,12,established,wiktionary_es,0,0,0
eu,pentagrama,9,established,wiktionary_es,0,0,0
eu,pertsonal,5,established,wiktionary_es,0,0,0
eu,pila,16,established,wiktionary_es,0,0,0
eu,pilota,77,established,wiktionary_es,0,0,0
eu,pintxo,14,established,wiktionary_es,0,0,0
eu,piraña,18,established,wiktionary_es,0,0,0
eu,pistoi,18,established,wiktionary_es,0,0,0
eu,pistola,8,established,wiktionary_es,0,0,0
eu,pisu,39,established,wiktionary_es,0,0,0
eu,pixa,5,established,wiktionary_es,0,0,0
eu,plaia,5,established,wiktionary_es,0,0,0
eu,plastiko,38,established,wiktionary_es,0,0,0
eu,plaza,28,established,wiktionary_es,0,0,0
eu,plutokrazia,4,established,wiktionary_es,0,0,0
eu,pobrezia,53,established,wiktionary_es,0,0,0
eu,polaritate,5,established,wiktionary_es,0,0,0
eu,polarizazio,39,established,wiktionary_es,0,0,0
eu,politiko,33,established,wiktionary_es,0,0,0
eu,poltsa,12,established,wiktionary_es,0,0,0
eu,pornografia,53,established,wiktionary_es,0,0,0
eu,portuges,14,established,wiktionary_es,0,0,0
eu,potentzia,108,established,wiktionary_es,0,0,0
eu,prepuzio,7,established,wiktionary_es,0,0,0
eu,presa,101,established,wiktionary_es,0,0,0
eu,presidente,19,established,wiktionary_es,0,0,0
eu,prezio,27,established,wiktionary_es,0,0,0
eu,probabilitate,59,established,wiktionary_es,0,0,0
eu,probintzia,8,established,wiktionary_es,0,0,0
eu,produktibo,5,established,wiktionary_es,0,0,0
eu,produkzio,8,established,wiktionary_es,0,0,0
eu,prostituzio,17,established,wiktionary_es,0,0,0
eu,psikologia,45,established,wiktionary_es,0,0,0
eu,publizitate,44,established,wiktionary_es,0,0,0
eu,punta,21,established,wiktionary_es,0,0,0
eu,puntu,30,established,wiktionary_es,0,0,0
eu,purifikazio,11,established,wiktionary_es,0,0,0
eu,puta,4,established,wiktionary_es,0,0,0
eu,putre,5,established,wiktionary_es,0,0,0
eu,putzu,5,established,wiktionary_es,0,0,0
eu,radar,32,established,wiktionary_es,0,0,0
eu,radian,14,established,wiktionary_es,0,0,0
eu,radio,36,established,wiktionary_es,0,0,0
eu,radon,8,established,wiktionary_es,0,0,0
eu,raid,7,established,wiktionary_es,0,0,0
eu,raja,12,established,"wiktionary_es, wiktionary_fr",0,0,0
eu,ralenti,2,established,"wiktionary_es, wiktionary_fr",0,0,0
eu,rally,20,established,wiktionary_es,0,0,0
eu,ramadan,9,established,wiktionary_es,0,0,0
eu,ranking,5,established,wiktionary_es,0,0,0
eu,rantxera,6,established,wiktionary_es,0,0,0
eu,rap,75,established,wiktionary_es,0,0,0
eu,rapanui,6,established,wiktionary_es,0,0,0
eu,rappel,6,established,wiktionary_es,0,0,0
eu,rapsoda,6,established,wiktionary_es,0,0,0
eu,rapsodia,6,established,wiktionary_es,0,0,0
eu,robotika,11,established,wiktionary_es,0,0,0
eu,saltxitxa,20,established,wiktionary_es,0,0,0
eu,San,78,established,wiktionary_es,0,0,0
eu,seguru,5,established,wiktionary_es,0,0,0
eu,sekularismo,1,established,wiktionary_es,0,0,0
eu,separazio,3,established,wiktionary_es,0,0,0
eu,serafin,9,established,wiktionary_es,0,0,0
eu,setio,20,established,wiktionary_es,0,0,0
eu,sexismo,17,established,wiktionary_es,0,0,0
eu,sinekdoke,5,established,wiktionary_es,0,0,0
eu,Singapur,23,established,wiktionary_es,0,0,0
eu,soldadu,35,established,wiktionary_es,0,0,0
eu,sozial,12,established,wiktionary_es,0,0,0
eu,sozialismo,34,established,wiktionary_es,0,0,0
eu,sozialista,46,established,wiktionary_es,0,0,0
eu,suizidio,22,established,wiktionary_es,0,0,0
eu,suma,15,established,wiktionary_es,0,0,0
eu,taberna,6,established,wiktionary_es,0,0,0
eu,talo,26,established,wiktionary_es,0,0,0
eu,tamaina,5,established,wiktionary_es,0,0,0
eu,tekla,40,established,wiktionary_es,0,0,0
eu,teklatu,39,established,wiktionary_es,0,0,0
eu,teknokrazia,4,established,wiktionary_es,0,0,0
eu,teknologia,33,established,wiktionary_es,0,0,0
eu,teokrazia,3,established,wiktionary_es,0,0,0
eu,teologo,10,established,wiktionary_es,0,0,0
eu,terrorismo,19,established,wiktionary_es,0,0,0
eu,tibia,5,established,wiktionary_es,0,0,0
eu,tiro,7,established,wiktionary_es,0,0,0
eu,tradizio,31,established,wiktionary_es,0,0,0
eu,tradizional,3,established,wiktionary_es,0,0,0
eu,trafiko,9,established,wiktionary_es,0,0,0
eu,traiektoria,7,established,wiktionary_es,0,0,0
eu,tranbia,67,established,wiktionary_es,0,0,0
eu,tranpa,19,established,wiktionary_es,0,0,0
eu,trepeta,6,established,wiktionary_es,0,0,0
eu,tronu,6,established,wiktionary_es,0,0,0
eu,truke,35,established,wiktionary_es,0,0,0
eu,txalupa,46,established,"wiktionary_es, wiktionary_fr",0,0,0
eu,txanda,11,established,wiktionary_es,0,0,0
eu,txantxa,7,established,wiktionary_es,0,0,0
eu,txartel,50,established,wiktionary_es,0,0,0
eu,tximinia,6,established,wiktionary_es,0,0,0
eu,txiste,6,established,wiktionary_es,0,0,0
eu,txoke,3,established,wiktionary_es,0,0,0
eu,txokolate,158,established,wiktionary_es,0,0,0
eu,txorizo,11,established,wiktionary_es,0,0,0
eu,txuleta,11,established,wiktionary_es,0,0,0
eu,ultzera,29,established,wiktionary_es,0,0,0
eu,Valentzia,6,established,wiktionary_es,0,0,0
eu,Xisto,2,established,wiktionary_es,0,0,0
eu,yarda,18,established,wiktionary_es,0,0,0
eu,zabor,22,established,wiktionary_es,0,0,0
eu,ze,13,established,wiktionary_es,0,0,0
eu,zebra,30,established,wiktionary_es,0,0,0
eu,zerbeza,7,established,wiktionary_es,0,0,0
eu,zerbitzu,6,established,wiktionary_es,0,0,0
eu,zeremonia,25,established,wiktionary_es,0,0,0
eu,zero,23,established,wiktionary_es,0,0,0
eu,zertzeta,7,established,wiktionary_es,0,0,0
eu,zeta,33,established,wiktionary_es,0,0,0
eu,zibil,5,established,wiktionary_es,0,0,0
eu,zibilizazio,50,established,wiktionary_es,0,0,0
eu,zientzia,34,established,wiktionary_es,0,0,0
eu,ziklotroi,7,established,wiktionary_es,0,0,0
eu,zirkonio,2,established,wiktionary_es,0,0,0
eu,zirku,9,established,wiktionary_es,0,0,0
eu,zirkulu,35,established,wiktionary_es,0,0,0
eu,zumake,5,established,wiktionary_es,0,0,0
eu,abangoardia,9,established,wiktionary_fr,0,0,0
eu,abant,1,established,wiktionary_fr,0,0,0
eu,abantailos,2,established,wiktionary_fr,0,0,0
eu,abrikot,6,established,wiktionary_fr,0,0,0
eu,absente,4,established,wiktionary_fr,0,0,0
eu,absentzia,7,established,wiktionary_fr,0,0,0
eu,Aljeria,26,established,wiktionary_fr,0,0,0
eu,biera,4,established,wiktionary_fr,0,0,0
eu,bizikleta,100,established,wiktionary_fr,0,0,0
eu,camembert,20,established,wiktionary_fr,0,0,0
eu,chantilly,15,established,wiktionary_fr,0,0,0
eu,chauvinista,4,established,wiktionary_fr,0,0,0
eu,chef,14,established,wiktionary_fr,0,0,0
eu,collage,12,established,wiktionary_fr,0,0,0
eu,coulomb,11,established,wiktionary_fr,0,0,0
eu,croissant,6,established,wiktionary_fr,0,0,0
eu,Danimarka,15,established,wiktionary_fr,0,0,0
eu,espioi,15,established,wiktionary_fr,0,0,0
eu,greba,66,established,wiktionary_fr,0,0,0
eu,hierarkia,8,established,wiktionary_fr,0,0,0
eu,Kanbodia,17,established,wiktionary_fr,0,0,0
eu,kode,12,established,wiktionary_fr,0,0,0
eu,Maroko,10,established,wiktionary_fr,0,0,0
eu,Norvegia,22,established,wiktionary_fr,0,0,0
eu,omonier,2,established,wiktionary_fr,0,0,0
eu,Suedia,20,established,wiktionary_fr,0,0,0
eu,tren,47,established,wiktionary_fr,0,0,0
eu,ttantta,2,established,wiktionary_fr,0,0,0
eu,Tunisia,16,established,wiktionary_fr,0,0,0
el,Αβάνα,35,established,wiktionary_en,0,0,1
el,αγαρδίτης,4,established,wiktionary_en,0,0,0
el,αγιατολάχ,9,established,wiktionary_en,0,0,1
el,Αϊόβα,3,established,wiktionary_en,0,0,1
el,Αλαμπάμα,166,established,wiktionary_en,0,0,1
el,Αλάσκα,33,established,wiktionary_en,0,0,1
el,Άλμπερτ,14,established,wiktionary_en,0,0,0
el,Ανγκουίλα,17,established,wiktionary_en,0,0,1
el,ανθέμιο,6,established,wiktionary_en,0,0,1
el,άνορακ,1,established,wiktionary_en,0,0,1
el,αντεργκράουντ,2,established,wiktionary_en,0,0,1
el,Αντίγκουα,34,established,wiktionary_en,0,0,1
el,άουτ,20,established,wiktionary_en,0,0,1
el,αουτσάιντερ,6,established,wiktionary_en,0,0,1
el,απαρτχάιντ,66,established,wiktionary_en,0,0,1
el,άπερκατ,1,established,wiktionary_en,0,0,0
el,Αριζόνα,14,established,wiktionary_en,0,0,1
el,ατζέντα,5,established,wiktionary_en,0,0,0
el,Αυστραλασία,8,established,wiktionary_en,0,0,0
el,Αυστραλία,29,established,wiktionary_en,0,0,1
el,βαθμός Κέλβιν,1,established,wiktionary_en,0,0,1
el,βαν,72,established,wiktionary_en,0,0,1
el,Βερόνικα,13,established,wiktionary_en,0,0,1
el,βεσέ,1,established,wiktionary_en,0,0,1
el,Βινς,28,established,wiktionary_en,0,0,1
el,βίντεο,4,established,wiktionary_en,0,0,1
el,Βιρτζίνια,125,established,wiktionary_en,0,0,1
el,βόας,15,established,wiktionary_en,0,0,0
el,Βοστώνη,15,established,wiktionary_en,0,0,0
el,γαλόνι,9,established,wiktionary_en,0,0,1
el,Γέλοουναϊφ,20,established,wiktionary_en,0,0,1
el,γεωπολιτική,16,established,wiktionary_en,0,0,0
el,Γιόντα,52,established,wiktionary_en,0,0,1
el,γιοτ,8,established,wiktionary_en,0,0,1
el,Γκάνα,18,established,wiktionary_en,0,0,1
el,Γκάρφιλντ,15,established,wiktionary_en,0,0,1
el,γκέι,42,established,wiktionary_en,0,0,1
el,Γκιμπς,7,established,wiktionary_en,0,0,1
el,γκολ,37,established,wiktionary_en,0,0,0
el,Γκόρντον,5,established,wiktionary_en,0,0,1
el,Γκούντμαν,11,established,wiktionary_en,0,0,1
el,Γκραντ,11,established,wiktionary_en,0,0,1
el,Γκρεγκ,13,established,wiktionary_en,0,0,1
el,γκρέιπφρουτ,12,established,wiktionary_en,0,0,1
el,Γκρέις,28,established,wiktionary_en,0,0,1
el,γκρελίνη,8,established,wiktionary_en,0,0,0
el,Γκριν,6,established,wiktionary_en,0,0,1
el,γκρουμ,19,established,wiktionary_en,0,0,1
el,γλωσσολαλιά,19,established,wiktionary_en,0,0,1
el,Γουόκερ,40,established,wiktionary_en,0,0,1
el,Γουόλτερ,6,established,wiktionary_en,0,0,1
el,Δελχί,59,established,wiktionary_en,0,0,1
el,δολάριο,67,established,wiktionary_en,0,0,0
el,Έβαν,1,established,wiktionary_en,0,0,1
el,Έιμι,3,established,wiktionary_en,0,0,1
el,Έιντζελ,27,established,wiktionary_en,0,0,1
el,ελληνιστικός,2,established,wiktionary_en,0,0,1
el,εμού,8,established,wiktionary_en,0,0,0
el,Έντι,22,established,wiktionary_en,0,0,1
el,Έντουαρντ,12,established,wiktionary_en,0,0,1
el,εξα-,1,established,wiktionary_en,0,0,1
el,Έρικ,5,established,wiktionary_en,0,0,1
el,ευτηκτοειδής,4,established,wiktionary_en,0,0,0
el,θεατρόφιλος,4,established,wiktionary_en,0,0,0
el,θρίλερ,2,established,wiktionary_en,0,0,1
el,ιαγουάρος,62,established,"wiktionary_en, wiktionary_fr",0,0,1
el,Ίαν,7,established,wiktionary_en,0,0,1
el,Ιλινόις,4,established,wiktionary_en,0,0,1
el,ίντερνετ,3,established,wiktionary_en,0,0,1
el,Ιντιάνα,106,established,wiktionary_en,0,0,1
el,ινφλουένσερ,7,established,wiktionary_en,0,0,0
el,ιστόγραμμα,9,established,wiktionary_en,0,0,1
el,Κάθριν,14,established,wiktionary_en,0,0,1
el,κακατούα,10,established,wiktionary_en,0,0,1
el,Καλιφόρνια,17,established,wiktionary_en,0,0,1
el,καμικάζι,10,established,wiktionary_en,0,0,1
el,καμπάνα,15,established,wiktionary_en,0,0,1
el,Καμπέρα,12,established,wiktionary_en,0,0,1
el,Κάνσας,37,established,wiktionary_en,0,0,1
el,καουμπόι,4,established,wiktionary_en,0,0,1
el,Κάρεν,6,established,wiktionary_en,0,0,1
el,Κάρτερ,89,established,wiktionary_en,0,0,1
el,κασάγια,3,established,wiktionary_en,0,0,0
el,κβάντο,10,established,wiktionary_en,0,0,1
el,Κέβιν,7,established,wiktionary_en,0,0,1
el,κέικ,49,established,wiktionary_en,0,0,1
el,κέικς,2,established,wiktionary_en,0,0,1
el,Κέισι,12,established,wiktionary_en,0,0,1
el,Κέιτ,6,established,wiktionary_en,0,0,1
el,Κέιτι,7,established,wiktionary_en,0,0,1
el,Κέλβιν,19,established,wiktionary_en,0,0,1
el,Κέλι,7,established,wiktionary_en,0,0,1
el,Κένεντι,46,established,wiktionary_en,0,0,1
el,Κεντάκι,59,established,wiktionary_en,0,0,1
el,Κιθ,7,established,wiktionary_en,0,0,1
el,κιλοβατώρα,7,established,wiktionary_en,0,0,1
el,κίνα,23,established,wiktionary_en,0,0,1
el,Κινγκ,55,established,wiktionary_en,0,0,1
el,κίουι,10,established,wiktionary_en,0,0,0
el,κλινική,18,established,"wiktionary_en, wiktionary_fr",0,0,1
el,κλόουν,13,established,wiktionary_en,0,0,1
el,κογιότ,19,established,wiktionary_en,0,0,0
el,κοκτέιλ,22,established,wiktionary_en,0,0,1
el,κόλα,6,established,wiktionary_en,0,0,0
el,κολέγιο,14,established,wiktionary_en,0,0,1
el,Κόλιν,6,established,wiktionary_en,0,0,1
el,Κόλινς,34,established,wiktionary_en,0,0,1
el,Κολοράντο,47,established,wiktionary_en,0,0,1
el,κόμικς,16,established,wiktionary_en,0,0,0
el,Κονέκτικατ,30,established,wiktionary_en,0,0,1
el,Κόνλεϋ,5,established,wiktionary_en,0,0,1
el,Κορνουάλη,18,established,wiktionary_en,0,0,0
el,κορνφλάουρ,2,established,wiktionary_en,0,0,1
el,κουάρκ,20,established,wiktionary_en,0,0,1
el,κράκερ,9,established,wiktionary_en,0,0,0
el,κριλ,26,established,wiktionary_en,0,0,0
el,κρίπερ,11,established,wiktionary_en,0,0,1
el,Κρίστιαν,2,established,wiktionary_en,0,0,1
el,Κριστίνα,8,established,wiktionary_en,0,0,1
el,κρυοπάγημα,14,established,wiktionary_en,0,0,1
el,λαίδη,4,established,wiktionary_en,0,0,1
el,λάμα,43,established,wiktionary_en,0,0,1
el,Λάνα,5,established,wiktionary_en,0,0,1
el,Λεμουρία,3,established,wiktionary_en,0,0,0
el,λεμούριος,11,established,wiktionary_en,0,0,0
el,Λέοναρντ,6,established,wiktionary_en,0,0,1
el,Ληντς,5,established,wiktionary_en,0,0,1
el,λιδοκαΐνη,12,established,wiktionary_en,0,0,0
el,Λίμερικ,16,established,wiktionary_en,0,0,1
el,Λίνκολν,146,established,wiktionary_en,0,0,1
el,Λίο,19,established,wiktionary_en,0,0,1
el,λοκ άουτ,6,established,wiktionary_en,0,0,1
el,Λος Άντζελες,48,established,wiktionary_en,0,0,0
el,Λουιζιάνα,16,established,wiktionary_en,0,0,1
el,Λουκ,34,established,wiktionary_en,0,0,1
el,λούνα παρκ,17,established,wiktionary_en,0,0,1
el,μάγια,28,established,"wiktionary_en, wiktionary_fr",0,0,1
el,Μάθιου,9,established,wiktionary_en,0,0,1
el,Μάικλ,20,established,wiktionary_en,0,0,1
el,Μαίρη,1,established,wiktionary_en,0,0,1
el,μακαρθισμός,8,established,wiktionary_en,0,0,0
el,Μαλάουι,20,established,wiktionary_en,0,0,1
el,μάνατζερ,11,established,wiktionary_en,0,0,1
el,μάνατζμεντ,5,established,wiktionary_en,0,0,1
el,μάρκετινγκ,17,established,wiktionary_en,0,0,1
el,Μάρτιν,7,established,wiktionary_en,0,0,1
el,Μασαχουσέτη,16,established,wiktionary_en,0,0,1
el,ματζέντα,15,established,wiktionary_en,0,0,1
el,ματς,50,established,wiktionary_en,0,0,1
el,Μέιν,136,established,wiktionary_en,0,0,1
el,μέινστριμ,14,established,wiktionary_en,0,0,1
el,Μελβούρνη,23,established,wiktionary_en,0,0,1
el,μελόντικα,4,established,wiktionary_en,0,0,1
el,Μέρεντιθ,9,established,wiktionary_en,0,0,1
el,Μέριλαντ,14,established,wiktionary_en,0,0,1
el,Μιζούρι,28,established,wiktionary_en,0,0,1
el,Μίλερ,21,established,wiktionary_en,0,0,1
el,Μινεσότα,7,established,wiktionary_en,0,0,1
el,Μισέλ,14,established,"wiktionary_en, wiktionary_fr",0,0,1
el,Μίσιγκαν,15,established,wiktionary_en,0,0,1
el,Μισισίπι,22,established,wiktionary_en,0,0,1
el,Μίτσελ,50,established,wiktionary_en,0,0,1
el,Μοντάνα,18,established,wiktionary_en,0,0,1
el,Μόργκαν,11,established,wiktionary_en,0,0,1
el,μπαμπού,25,established,wiktionary_en,0,0,1
el,μπαργούμαν,3,established,wiktionary_en,0,0,1
el,μπάρμπεκιου,14,established,wiktionary_en,0,0,1
el,μπελούγκα,6,established,wiktionary_en,0,0,0
el,Μπέρμιγχαμ,43,established,wiktionary_en,0,0,0
el,μπλάντι,16,established,wiktionary_en,0,0,1
el,Μπομπ,9,established,wiktionary_en,0,0,1
el,Μπόμπι,13,established,wiktionary_en,0,0,1
el,μπόνους,4,established,wiktionary_en,0,0,0
el,μπόντι μπίλντερ,6,established,wiktionary_en,0,0,1
el,Μπουχάρα,27,established,wiktionary_en,0,0,0
el,Μπράιαν,52,established,wiktionary_en,0,0,1
el,Μπράντον,30,established,wiktionary_en,0,0,1
el,Μπράουν,5,established,wiktionary_en,0,0,1
el,ΝΑΤΟ,67,established,wiktionary_en,0,0,1
el,Νέα Ζηλανδία,14,established,wiktionary_en,0,0,1
el,Νεβάδα,28,established,wiktionary_en,0,0,1
el,Νέιθαν,7,established,wiktionary_en,0,0,1
el,Νεμπράσκα,38,established,wiktionary_en,0,0,1
el,νέον,7,established,wiktionary_en,0,0,1
el,Νίκολς,59,established,wiktionary_en,0,0,1
el,Νόργουιτς,8,established,wiktionary_en,0,0,1
el,Ντάνιελ,7,established,wiktionary_en,0,0,1
el,Ντέιβ,23,established,wiktionary_en,0,0,1
el,Ντέιβιντ,10,established,wiktionary_en,0,0,1
el,Ντέιβις,74,established,wiktionary_en,0,0,1
el,Ντέλαγουερ,19,established,wiktionary_en,0,0,1
el,ντελιβεράς,4,established,wiktionary_en,0,0,1
el,ντελίβερι,4,established,wiktionary_en,0,0,1
el,Ντένις,6,established,wiktionary_en,0,0,1
el,ντεντέκτιβ,4,established,wiktionary_en,0,0,1
el,Ντέξτερ,17,established,wiktionary_en,0,0,1
el,Ντέρεκ,5,established,wiktionary_en,0,0,1
el,ντετέκτιβ,8,established,wiktionary_en,0,0,1
el,ξενοφοβία,11,established,wiktionary_en,0,0,1
el,Οκλαχόμα,141,established,wiktionary_en,0,0,1
el,Όλιβερ,14,established,wiktionary_en,0,0,1
el,Ολύμπια,10,established,wiktionary_en,0,0,1
el,Οσάκα,20,established,wiktionary_en,0,0,1
el,ουάου,4,established,wiktionary_en,0,0,1
el,ουτοπία,24,established,wiktionary_en,0,0,1
el,ούφο,3,established,wiktionary_en,0,0,1
el,Οφηλία,9,established,wiktionary_en,0,0,1
el,οφσάιντ,61,established,wiktionary_en,0,0,1
el,παζλ,5,established,wiktionary_en,0,0,1
el,Πάιπερ,37,established,wiktionary_en,0,0,1
el,Πάλμερ,9,established,wiktionary_en,0,0,1
el,πάλσαρ,23,established,wiktionary_en,0,0,1
el,παμπ,19,established,wiktionary_en,0,0,1
el,πάνελ,33,established,wiktionary_en,0,0,1
el,πανοραμικός,4,established,wiktionary_en,0,0,0
el,πάντα,8,established,wiktionary_en,0,0,0
el,πάρκινγκ,5,established,wiktionary_en,0,0,1
el,πάρκινσον,12,established,wiktionary_en,0,0,1
el,Πάτρικ,8,established,wiktionary_en,0,0,1
el,Πέιτζ,24,established,wiktionary_en,0,0,1
el,Πέρσι,54,established,wiktionary_en,0,0,1
el,πιγκ πογκ,2,established,wiktionary_en,0,0,1
el,πικάπ,30,established,wiktionary_en,0,0,1
el,πιόνιο,7,established,wiktionary_en,0,0,1
el,πόνι,22,established,wiktionary_en,0,0,0
el,πουλόβερ,6,established,wiktionary_en,0,0,1
el,Πωλ,18,established,"wiktionary_en, wiktionary_fr",0,0,1
el,ραδιόφωνο,44,established,wiktionary_en,0,0,0
el,Ράιαν,27,established,wiktionary_en,0,0,1
el,ρακούν,25,established,wiktionary_en,0,0,1
el,Ράσελ,6,established,wiktionary_en,0,0,1
el,Ρέιτσελ,92,established,wiktionary_en,0,0,1
el,Ρεμπέκα,4,established,wiktionary_en,0,0,1
el,ρεπόρτερ,2,established,wiktionary_en,0,0,1
el,ριμπάουντ,6,established,wiktionary_en,0,0,0
el,Ρίτσαρντ,18,established,wiktionary_en,0,0,1
el,Ρόι,2,established,wiktionary_en,0,0,1
el,ρόλεϊ,5,established,wiktionary_en,0,0,1
el,ρομαντικός,20,established,wiktionary_en,0,0,1
el,Ρομπέν,1,established,wiktionary_en,0,0,1
el,Ρόμπερτ,6,established,wiktionary_en,0,0,1
el,Ρόουντ Άιλαντ,20,established,wiktionary_en,0,0,0
el,Ρότζερ,12,established,wiktionary_en,0,0,1
el,σαγιονάρα,4,established,wiktionary_en,0,0,1
el,Σάιμον,4,established,wiktionary_en,0,0,1
el,Σάλι,16,established,wiktionary_en,0,0,1
el,Σαμόα,161,established,wiktionary_en,0,0,0
el,σάντουιτς,5,established,wiktionary_en,0,0,1
el,Σάρλοτ,10,established,wiktionary_en,0,0,1
el,Σεβίλλη,12,established,wiktionary_en,0,0,1
el,Σεθ,15,established,wiktionary_en,0,0,1
el,σέλφι,11,established,wiktionary_en,0,0,1
el,σέντερ,10,established,wiktionary_en,0,0,1
el,σέντερ μπακ,4,established,wiktionary_en,0,0,1
el,σέντερ φορ,2,established,wiktionary_en,0,0,1
el,σέξι,6,established,wiktionary_en,0,0,1
el,σεξισμός,3,established,wiktionary_en,0,0,1
el,Σέπαρντ,2,established,wiktionary_en,0,0,1
el,σερ,13,established,wiktionary_en,0,0,1
el,Σέφιλντ,21,established,wiktionary_en,0,0,1
el,Σιέρα Λεόνε,10,established,wiktionary_en,0,0,1
el,σίριαλ,23,established,wiktionary_en,0,0,1
el,σίριαλ κίλερ,4,established,wiktionary_en,0,0,1
el,σκάνερ,5,established,wiktionary_en,0,0,1
el,σκέιτ,4,established,wiktionary_en,0,0,1
el,σκέιτμπορντ,58,established,wiktionary_en,0,0,1
el,σκέιτμπορντινγκ,20,established,wiktionary_en,0,0,1
el,σκορ,22,established,wiktionary_en,0,0,1
el,Σκοτ,98,established,wiktionary_en,0,0,1
el,σλόγκαν,1,established,wiktionary_en,0,0,0
el,Σμιθ,9,established,wiktionary_en,0,0,1
el,σνακ,6,established,wiktionary_en,0,0,0
el,Σον,20,established,wiktionary_en,0,0,1
el,σόου,49,established,wiktionary_en,0,0,1
el,Σούβα,17,established,wiktionary_en,0,0,0
el,Σούζαν,8,established,wiktionary_en,0,0,1
el,σουλφίδιο,6,established,wiktionary_en,0,0,1
el,σουπερμάρκετ,2,established,wiktionary_en,0,0,1
el,σουτ,20,established,wiktionary_en,0,0,1
el,σπριντ,3,established,wiktionary_en,0,0,1
el,Σταν,7,established,wiktionary_en,0,0,1
el,σταννάνιο,1,established,wiktionary_en,0,0,0
el,Στιβ,8,established,wiktionary_en,0,0,1
el,Στίβεν,2,established,wiktionary_en,0,0,1
el,στοπ,11,established,wiktionary_en,0,0,1
el,σωματολογία,2,established,"wiktionary_en, wiktionary_fr",0,0,0
el,Τάιλερ,21,established,wiktionary_en,0,0,1
el,τάπερ,10,established,wiktionary_en,0,0,1
el,Τέιλορ,14,established,wiktionary_en,0,0,1
el,τεκίλα,18,established,wiktionary_en,0,0,0
el,τένις,17,established,wiktionary_en,0,0,1
el,Τέξας,50,established,wiktionary_en,0,0,1
el,τερπένιο,8,established,"wiktionary_en, wiktionary_fr",0,0,1
el,τεστ,16,established,wiktionary_en,0,0,1
el,τεστοστερόνη,113,established,wiktionary_en,0,0,0
el,τζαζ,69,established,wiktionary_en,0,0,1
el,Τζακ,9,established,wiktionary_en,0,0,1
el,Τζάκσον,4,established,wiktionary_en,0,0,1
el,Τζέικ,60,established,wiktionary_en,0,0,1
el,Τζέικομπ,5,established,wiktionary_en,0,0,1
el,Τζέιμι,42,established,wiktionary_en,0,0,1
el,Τζέιμς,10,established,wiktionary_en,0,0,1
el,Τζέιν,16,established,wiktionary_en,0,0,1
el,Τζέισον,20,established,wiktionary_en,0,0,1
el,Τζένιφερ,31,established,wiktionary_en,0,0,1
el,τζετ σκι,9,established,wiktionary_en,0,0,0
el,Τζεφ,68,established,wiktionary_en,0,0,1
el,Τζιμ,14,established,wiktionary_en,0,0,1
el,Τζίμι,47,established,wiktionary_en,0,0,1
el,τζιν,7,established,wiktionary_en,0,0,1
el,Τζιν,7,established,wiktionary_en,0,0,1
el,τζίντζερ,18,established,wiktionary_en,0,0,1
el,Τζόι,64,established,wiktionary_en,0,0,1
el,Τζον,17,established,wiktionary_en,0,0,0
el,Τζόναθαν,9,established,wiktionary_en,0,0,1
el,Τζόνι,18,established,wiktionary_en,0,0,1
el,Τζόνσον,5,established,wiktionary_en,0,0,1
el,Τζόουνς,46,established,wiktionary_en,0,0,1
el,Τζορτζ,12,established,wiktionary_en,0,0,1
el,Τζόρτζια,76,established,wiktionary_en,0,0,1
el,Τζούλια,12,established,wiktionary_en,0,0,1
el,τηλεφωνικός,8,established,"wiktionary_en, wiktionary_fr",0,0,0
el,τηλέφωνο,56,established,"wiktionary_en, wiktionary_fr",0,0,1
el,τηλεφωνώ,4,established,"wiktionary_en, wiktionary_fr",0,0,0
el,τιρζεπατίδη,18,established,wiktionary_en,0,0,0
el,Τόμας,22,established,wiktionary_en,0,0,1
el,Τόνι,11,established,wiktionary_en,0,0,1
el,Τορόντο,67,established,wiktionary_en,0,0,1
el,τοστ,13,established,wiktionary_en,0,0,1
el,τραμ,273,established,wiktionary_en,0,0,1
el,τρανς,20,established,wiktionary_en,0,0,1
el,τρόλεϊ,17,established,wiktionary_en,0,0,0
el,Τσακ,13,established,wiktionary_en,0,0,1
el,Τσαρλς,9,established,wiktionary_en,0,0,1
el,Τσέλμσφορντ,8,established,wiktionary_en,0,0,1
el,τσιπ,39,established,wiktionary_en,0,0,1
el,τσίχλα,21,established,wiktionary_en,0,0,1
el,Υόρκη,16,established,wiktionary_en,0,0,1
el,φαστ φουντ,5,established,wiktionary_en,0,0,1
el,Φίλιπ,2,established,wiktionary_en,0,0,1
el,Φίσερ,22,established,wiktionary_en,0,0,1
el,φλερτ,2,established,wiktionary_en,0,0,1
el,Φλόριντα,27,established,wiktionary_en,0,0,1
el,Χαβάη,102,established,wiktionary_en,0,0,1
el,χάκερ,24,established,wiktionary_en,0,0,1
el,χακί,8,established,wiktionary_en,0,0,1
el,Χάλιφαξ,34,established,wiktionary_en,0,0,0
el,χάμπουργκερ,3,established,wiktionary_en,0,0,1
el,Χάουαρντ,8,established,wiktionary_en,0,0,1
el,χάπι εντ,4,established,wiktionary_en,0,0,1
el,Χάρι,17,established,wiktionary_en,0,0,1
el,Χάρις,14,established,wiktionary_en,0,0,1
el,Χάρολντ,95,established,wiktionary_en,0,0,1
el,χατ τρικ,7,established,wiktionary_en,0,0,1
el,Χέμινγουεϊ,31,established,wiktionary_en,0,0,1
el,χένα,8,established,wiktionary_en,0,0,1
el,Χένρι,9,established,wiktionary_en,0,0,1
el,Χέρσεϊ,16,established,wiktionary_en,0,0,1
el,Χιγκς,25,established,wiktionary_en,0,0,1
el,χίντι,31,established,wiktionary_en,0,0,1
el,χιούμορ,6,established,wiktionary_en,0,0,1
el,χιτζάμπ,25,established,wiktionary_en,0,0,1
el,χόμπι,15,established,wiktionary_en,0,0,0
el,ψυχοσωματικός,1,established,wiktionary_en,0,0,1
el,ωογένεση,7,established,wiktionary_en,0,0,1
el,γιουβαρλάκι,1,established,wiktionary_tr,0,0,0
el,οπ,4,established,wiktionary_tr,0,0,0
el,παντζούρι,6,established,"wiktionary_tr, wiktionary_fr",0,0,1
el,στράφι,5,established,wiktionary_tr,0,0,1
el,τζουτζές,1,established,wiktionary_tr,0,0,0
el,τσιφτετέλι,10,established,wiktionary_tr,0,0,0
el,φουφού,3,established,wiktionary_tr,0,0,1
el,αβανγκάρντ,21,established,wiktionary_fr,0,0,1
el,αβαντάζ,6,established,wiktionary_fr,0,0,1
el,Αβερόν,26,established,wiktionary_fr,0,0,0
el,Αγγλονορμανδικές Νήσοι,7,established,wiktionary_fr,0,0,1
el,αγγλόφωνος,5,established,wiktionary_fr,0,0,0
el,αγκαζέ,3,established,wiktionary_fr,0,0,1
el,αδενίτιδα,3,established,wiktionary_fr,0,0,1
el,αδρεναλίνη,8,established,wiktionary_fr,0,0,1
el,αεροδρόμιο,25,established,wiktionary_fr,0,0,1
el,αεροζόλ,7,established,wiktionary_fr,0,0,1
el,αεροπλάνο,20,established,wiktionary_fr,0,0,1
el,αζούρ,7,established,wiktionary_fr,0,0,1
el,αθεϊσμός,40,established,wiktionary_fr,0,0,1
el,αθεϊστής,9,established,wiktionary_fr,0,0,1
el,Άιφελ,26,established,wiktionary_fr,0,0,1
el,ακουαρέλα,4,established,wiktionary_fr,0,0,1
el,αλά,6,established,wiktionary_fr,0,0,1
el,Αλγερία,4,established,wiktionary_fr,0,0,1
el,αλγόριθμος,25,established,wiktionary_fr,0,0,0
el,αλέ ρετούρ,1,established,wiktionary_fr,0,0,1
el,αλκάλιο,3,established,wiktionary_fr,0,0,1
el,αλκαλοειδές,6,established,wiktionary_fr,0,0,1
el,αλκαλοειδής,3,established,wiktionary_fr,0,0,1
el,αλκοόλ,17,established,wiktionary_fr,0,0,0
el,αλκοτέστ,3,established,wiktionary_fr,0,0,1
el,αλμανάκ,8,established,wiktionary_fr,0,0,1
el,αλτ,10,established,wiktionary_fr,0,0,1
el,αλτερνατίβα,1,established,wiktionary_fr,0,0,1
el,αμάλγαμα,3,established,wiktionary_fr,0,0,1
el,αμμωνίτης,2,established,wiktionary_fr,0,0,0
el,αμόκ,10,established,wiktionary_fr,0,0,1
el,αμορτισέρ,17,established,wiktionary_fr,0,0,1
el,αμπαζούρ,8,established,wiktionary_fr,0,0,1
el,αμπέρ,18,established,wiktionary_fr,0,0,1
el,αμπρί,3,established,wiktionary_fr,0,0,1
el,ανδρογόνο,5,established,wiktionary_fr,0,0,1
el,Αντάντ,38,established,wiktionary_fr,0,0,1
el,αντικέρ,4,established,wiktionary_fr,0,0,1
el,αντισηπτικό,11,established,wiktionary_fr,0,0,1
el,αντρέ,4,established,wiktionary_fr,0,0,1
el,αξεσουάρ,3,established,wiktionary_fr,0,0,1
el,αξιολογικός,7,established,wiktionary_fr,0,0,1
el,απεριτίφ,8,established,wiktionary_fr,0,0,1
el,απλολογία,1,established,wiktionary_fr,0,0,1
el,αργκό,7,established,wiktionary_fr,0,0,1
el,αρζαντέ,1,established,wiktionary_fr,0,0,1
el,αριβίστας,2,established,wiktionary_fr,0,0,1
el,Αριέζ,24,established,wiktionary_fr,0,0,0
el,ασανσέρ,12,established,wiktionary_fr,0,0,1
el,ασετόν,1,established,wiktionary_fr,0,0,1
el,ασορτί,4,established,wiktionary_fr,0,0,1
el,αταβισμός,7,established,wiktionary_fr,0,0,0
el,ατμόσφαιρα,35,established,wiktionary_fr,0,0,1
el,ατού,63,established,wiktionary_fr,0,0,1
el,ατραξιόν,7,established,wiktionary_fr,0,0,1
el,αυτόγραφο,10,established,wiktionary_fr,0,0,1
el,αφίσα,2,established,wiktionary_fr,0,0,1
el,αψέντι,54,established,wiktionary_fr,0,0,1
el,βαγοτομή,4,established,wiktionary_fr,0,0,0
el,βαλς,7,established,wiktionary_fr,0,0,1
el,βαμπίρ,20,established,wiktionary_fr,0,0,1
el,βενζίνη,14,established,wiktionary_fr,0,0,1
el,βίζα,12,established,wiktionary_fr,0,0,1
el,βιζόν,8,established,wiktionary_fr,0,0,1
el,βιολογία,30,established,wiktionary_fr,0,0,1
el,βιόσφαιρα,36,established,wiktionary_fr,0,0,1
el,βιταμίνη,55,established,wiktionary_fr,0,0,1
el,βιτρίνα,3,established,wiktionary_fr,0,0,1
el,βοτανική,23,established,wiktionary_fr,0,0,1
el,βουλκανιζατέρ,6,established,wiktionary_fr,0,0,1
el,Βρετάνη,40,established,wiktionary_fr,0,0,1
el,βρώμιο,30,established,wiktionary_fr,0,0,1
el,γάζα,42,established,wiktionary_fr,0,0,1
el,γάντι,10,established,wiktionary_fr,0,0,1
el,γεωθερμικός,1,established,wiktionary_fr,0,0,0
el,γκαζόν,20,established,wiktionary_fr,0,0,1
el,γκαλερί,7,established,wiktionary_fr,0,0,1
el,γκαράζ,7,established,wiktionary_fr,0,0,1
el,γκαρσόνι,5,established,wiktionary_fr,0,0,1
el,γκισέ,2,established,wiktionary_fr,0,0,1
el,Γκραντ Εστ,8,established,wiktionary_fr,0,0,0
el,γκρι,5,established,wiktionary_fr,0,0,1
el,γλυκόζη,62,established,wiktionary_fr,0,0,1
el,γλυπτοθήκη,5,established,wiktionary_fr,0,0,0
el,γραβάτα,11,established,wiktionary_fr,0,0,1
el,γρανάζι,7,established,wiktionary_fr,0,0,1
el,γυπαετός,28,established,wiktionary_fr,0,0,1
el,δακτυλογράφος,6,established,wiktionary_fr,0,0,1
el,δημοτική,11,established,wiktionary_fr,0,0,1
el,διαχρονικός,4,established,wiktionary_fr,0,0,0
el,διπλωματία,11,established,wiktionary_fr,0,0,0
el,δρύπη,11,established,wiktionary_fr,0,0,1
el,δυναμική,7,established,wiktionary_fr,0,0,0
el,εβαπορέ,24,established,wiktionary_fr,0,0,1
el,εγκυκλοπαιδικός,4,established,wiktionary_fr,0,0,0
el,εικονολατρία,5,established,wiktionary_fr,0,0,0
el,εκλαίρ,4,established,wiktionary_fr,0,0,1
el,εκλέρ,5,established,wiktionary_fr,0,0,1
el,ελλειπτικός,5,established,wiktionary_fr,0,0,0
el,εμαγιέ,6,established,wiktionary_fr,0,0,1
el,εμπειρισμός,9,established,wiktionary_fr,0,0,1
el,εξπρές,8,established,wiktionary_fr,0,0,1
el,έξτρα,7,established,wiktionary_fr,0,0,1
el,εποποιία,5,established,wiktionary_fr,0,0,1
el,εστέτ,5,established,wiktionary_fr,0,0,1
el,εστραγκόν,39,established,wiktionary_fr,0,0,1
el,ζαμπόν,17,established,wiktionary_fr,0,0,1
el,ζέβρα,15,established,wiktionary_fr,0,0,1
el,ζέμπρα,3,established,wiktionary_fr,0,0,1
el,ζενίθ,5,established,wiktionary_fr,0,0,1
el,ζούγκλα,8,established,wiktionary_fr,0,0,1
el,ηλεκτρικός,5,established,wiktionary_fr,0,0,0
el,ηωσίνη,3,established,wiktionary_fr,0,0,1
el,θεραπευτική,9,established,wiktionary_fr,0,0,0
el,θερμοδυναμική,11,established,wiktionary_fr,0,0,1
el,θερμόμετρο,17,established,wiktionary_fr,0,0,0
el,Ιαπωνία,36,established,wiktionary_fr,0,0,1
el,Ιλ-ντε-Φρανς,20,established,wiktionary_fr,0,0,0
el,ιμπεριαλισμός,7,established,wiktionary_fr,0,0,1
el,Ιουρασική,6,established,wiktionary_fr,0,0,0
el,ισλαμισμός,5,established,wiktionary_fr,0,0,1
el,ιώδιο,39,established,wiktionary_fr,0,0,1
el,καλοριφέρ,15,established,wiktionary_fr,0,0,1
el,καμβάς,49,established,wiktionary_fr,0,0,1
el,Καμερούν,70,established,wiktionary_fr,0,0,1
el,καμουφλάζ,13,established,wiktionary_fr,0,0,1
el,καμπάνια,4,established,wiktionary_fr,0,0,0
el,Καμπερνέ Σοβινιόν,5,established,wiktionary_fr,0,0,1
el,Καμπότζη,222,established,wiktionary_fr,0,0,1
el,καναπές,10,established,wiktionary_fr,0,0,1
el,Κάννες,38,established,wiktionary_fr,0,0,1
el,κανό,6,established,wiktionary_fr,0,0,1
el,καρμανιόλα,7,established,wiktionary_fr,0,0,1
el,καρό,1,established,wiktionary_fr,0,0,1
el,καρτ-ποστάλ,1,established,wiktionary_fr,0,0,1
el,κασκαντέρ,7,established,wiktionary_fr,0,0,1
el,κασκόλ,4,established,wiktionary_fr,0,0,1
el,κατίνα,19,established,wiktionary_fr,0,0,0
el,καυστικός,4,established,wiktionary_fr,0,0,0
el,καφέ,7,established,wiktionary_fr,0,0,1
el,κεκ,20,established,wiktionary_fr,0,0,1
el,κιλό,23,established,wiktionary_fr,0,0,0
el,κιλοβάτ,5,established,wiktionary_fr,0,0,1
el,κινηματογραφία,2,established,wiktionary_fr,0,0,1
el,κινηματογραφικός,3,established,wiktionary_fr,0,0,1
el,κινηματογράφος,2,established,wiktionary_fr,0,0,1
el,κις,31,established,wiktionary_fr,0,0,0
el,κλασικός,7,established,wiktionary_fr,0,0,1
el,κολιέ,3,established,wiktionary_fr,0,0,1
el,κολιμπρί,7,established,wiktionary_fr,0,0,1
el,κολλώδιο,12,established,wiktionary_fr,0,0,1
el,κομεντί,10,established,wiktionary_fr,0,0,1
el,κομμουνισμός,12,established,wiktionary_fr,0,0,1
el,κομμουνίστρια,5,established,wiktionary_fr,0,0,1
el,κομπέρ,3,established,wiktionary_fr,0,0,1
el,κομπινεζόν,3,established,wiktionary_fr,0,0,1
el,κομπρεσέρ,5,established,wiktionary_fr,0,0,1
el,Κονγκό,15,established,wiktionary_fr,0,0,1
el,κορ ανγκλέ,1,established,wiktionary_fr,0,0,1
el,κορσές,2,established,wiktionary_fr,0,0,1
el,κόρυμβος,2,established,wiktionary_fr,0,0,1
el,Κοτ-ντ'Ορ,15,established,wiktionary_fr,0,0,0
el,κουντεπιέ,2,established,wiktionary_fr,0,0,1
el,κουπ,5,established,wiktionary_fr,0,0,1
el,κούρσα,9,established,wiktionary_fr,0,0,1
el,κουστούμι,7,established,wiktionary_fr,0,0,1
el,κραγιόν,39,established,wiktionary_fr,0,0,1
el,κρεμ,5,established,wiktionary_fr,0,0,1
el,κριτική,21,established,wiktionary_fr,0,0,1
el,κρουασάν,27,established,wiktionary_fr,0,0,1
el,λικέρ,20,established,wiktionary_fr,0,0,1
el,λιμπεραλισμός,1,established,wiktionary_fr,0,0,0
el,λουξ,5,established,wiktionary_fr,0,0,1
el,μαγιό,61,established,wiktionary_fr,0,0,1
el,μαγιονέζα,14,established,wiktionary_fr,0,0,1
el,μακιγιάζ,8,established,wiktionary_fr,0,0,1
el,μακιγιέζ,1,established,wiktionary_fr,0,0,1
el,μακιγιέρ,3,established,wiktionary_fr,0,0,1
el,μακροοικονομικός,1,established,wiktionary_fr,0,0,0
el,μανεκέν,2,established,wiktionary_fr,0,0,1
el,μανικιούρ,9,established,wiktionary_fr,0,0,1
el,μανσέτα,8,established,wiktionary_fr,0,0,1
el,μαοϊσμός,6,established,wiktionary_fr,0,0,1
el,μαόνι,26,established,wiktionary_fr,0,0,1
el,μαργράβος,3,established,wiktionary_fr,0,0,0
el,μαρμελάδα,50,established,wiktionary_fr,0,0,1
el,μαρμότα,21,established,wiktionary_fr,0,0,0
el,μασάζ,33,established,wiktionary_fr,0,0,1
el,μασίς,14,established,wiktionary_fr,0,0,1
el,μάσκα,21,established,wiktionary_fr,0,0,1
el,μεγαλομανία,6,established,wiktionary_fr,0,0,1
el,μεθοδολογία,6,established,wiktionary_fr,0,0,1
el,μενού,10,established,wiktionary_fr,0,0,1
el,μενταγιόν,7,established,wiktionary_fr,0,0,1
el,μετεωρολογία,10,established,wiktionary_fr,0,0,0
el,μετεωρολογικός,8,established,wiktionary_fr,0,0,0
el,μετρονόμος,12,established,wiktionary_fr,0,0,1
el,μικροσκόπιο,15,established,wiktionary_fr,0,0,1
el,μοβ,5,established,wiktionary_fr,0,0,1
el,μόδα,8,established,wiktionary_fr,0,0,0
el,μοντάζ,13,established,wiktionary_fr,0,0,1
el,μπαγκέτα,9,established,wiktionary_fr,0,0,1
el,μπαλαντέρ,18,established,wiktionary_fr,0,0,1
el,μπαμπάς,6,established,wiktionary_fr,0,0,1
el,μπαράζ,12,established,wiktionary_fr,0,0,1
el,μπεζ,1,established,wiktionary_fr,0,0,1
el,Μπενίν,37,established,wiktionary_fr,0,0,1
el,μπετόν,7,established,wiktionary_fr,0,0,1
el,μπετονιέρα,2,established,wiktionary_fr,0,0,1
el,μπικίνι,90,established,wiktionary_fr,0,0,0
el,μπικουτί,6,established,wiktionary_fr,0,0,1
el,μπιμπερό,6,established,wiktionary_fr,0,0,1
el,μπιφτέκι,16,established,wiktionary_fr,0,0,1
el,μπλε,22,established,wiktionary_fr,0,0,1
el,μπλε μαρέν,2,established,wiktionary_fr,0,0,1
el,μπλε μαρίν,2,established,wiktionary_fr,0,0,1
el,μπολ,2,established,wiktionary_fr,0,0,1
el,μπουγιαμπέσα,7,established,wiktionary_fr,0,0,1
el,μπουζί,5,established,wiktionary_fr,0,0,1
el,μπουκέτο,8,established,wiktionary_fr,0,0,1
el,μπούκλα,6,established,wiktionary_fr,0,0,1
el,Μπουρκίνα Φάσο,14,established,wiktionary_fr,0,0,1
el,Μπουρούντι,14,established,wiktionary_fr,0,0,1
el,μπουφάν,14,established,wiktionary_fr,0,0,1
el,μπρελόκ,6,established,wiktionary_fr,0,0,1
el,ναδίρ,22,established,wiktionary_fr,0,0,1
el,ναΐφ,23,established,wiktionary_fr,0,0,1
el,νοσταλγία,12,established,wiktionary_fr,0,0,1
el,ντεκόρ,4,established,wiktionary_fr,0,0,1
el,ντοκιμαντέρ,14,established,wiktionary_fr,0,0,1
el,ντουζ,12,established,wiktionary_fr,0,0,1
el,ντουί,6,established,wiktionary_fr,0,0,1
el,ντους,9,established,wiktionary_fr,0,0,1
el,Ντωφινέ,38,established,wiktionary_fr,0,0,1
el,οβάλ,9,established,wiktionary_fr,0,0,1
el,οικολογία,13,established,wiktionary_fr,0,0,1
el,οικολογικός,6,established,wiktionary_fr,0,0,1
el,ολόγραμμα,5,established,wiktionary_fr,0,0,1
el,οργανοληπτικός,1,established,wiktionary_fr,0,0,1
el,Ορν,31,established,wiktionary_fr,0,0,0
el,ορτανσία,10,established,wiktionary_fr,0,0,1
el,ορχιδέα,7,established,wiktionary_fr,0,0,1
el,Οσμάν,22,established,wiktionary_fr,0,0,0
el,οτοστόπ,4,established,wiktionary_fr,0,0,1
el,ουβερτούρα,24,established,wiktionary_fr,0,0,1
el,ουλάνος,1,established,wiktionary_fr,0,0,1
el,Πα-ντε-Καλαί,22,established,wiktionary_fr,0,0,0
el,παιδίατρος,2,established,wiktionary_fr,0,0,1
el,παλτό,11,established,wiktionary_fr,0,0,1
el,πανσιόν,9,established,wiktionary_fr,0,0,1
el,παπιγιόν,7,established,wiktionary_fr,0,0,1
el,παραφωνία,5,established,wiktionary_fr,0,0,1
el,Παρίσι,37,established,wiktionary_fr,0,0,1
el,παρμπρίζ,9,established,wiktionary_fr,0,0,1
el,πατ,26,established,wiktionary_fr,0,0,1
el,πεκάν,11,established,wiktionary_fr,0,0,1
el,περιοδικό,18,established,wiktionary_fr,0,0,1
el,Πικαρδία,8,established,wiktionary_fr,0,0,0
el,πιόνι,27,established,wiktionary_fr,0,0,1
el,πίστα,1,established,wiktionary_fr,0,0,1
el,πλαζ,5,established,wiktionary_fr,0,0,1
el,πλασιέ,5,established,wiktionary_fr,0,0,1
el,πλατίνα,44,established,wiktionary_fr,0,0,1
el,πλατφόρμα,12,established,wiktionary_fr,0,0,1
el,πλαφόν,4,established,wiktionary_fr,0,0,1
el,πλουραλισμός,3,established,wiktionary_fr,0,0,1
el,πολωνέζα,6,established,wiktionary_fr,0,0,1
el,πορνογραφία,17,established,wiktionary_fr,0,0,1
el,πορτμπαγκάζ,12,established,wiktionary_fr,0,0,1
el,ποσέ,3,established,wiktionary_fr,0,0,1
el,πουρμπουάρ,7,established,wiktionary_fr,0,0,1
el,πρεμιέρα,22,established,wiktionary_fr,0,0,1
el,πρίζα,9,established,wiktionary_fr,0,0,1
el,πριμιτίφ,6,established,wiktionary_fr,0,0,0
el,προφίλ,3,established,wiktionary_fr,0,0,1
el,ράδιο,11,established,wiktionary_fr,0,0,1
el,ραδιοφωνικός,11,established,wiktionary_fr,0,0,0
el,ραντεβού,6,established,wiktionary_fr,0,0,1
el,ραντό,9,established,wiktionary_fr,0,0,1
el,ρεκόρ,21,established,wiktionary_fr,0,0,1
el,ρεπεσάζ,6,established,wiktionary_fr,0,0,1
el,ρεπορτάζ,5,established,wiktionary_fr,0,0,1
el,ρεσεψιόν,2,established,wiktionary_fr,0,0,1
el,ρεσεψιονίστ,1,established,wiktionary_fr,0,0,1
el,ρεσιτάλ,9,established,wiktionary_fr,0,0,1
el,ρετιρέ,13,established,wiktionary_fr,0,0,1
el,ρεφρέν,9,established,wiktionary_fr,0,0,1
el,ροζ,9,established,wiktionary_fr,0,0,1
el,ροζέ,14,established,wiktionary_fr,0,0,1
el,ροκφόρ,10,established,wiktionary_fr,0,0,1
el,ρόλος,14,established,wiktionary_fr,0,0,1
el,ρουτίνα,4,established,wiktionary_fr,0,0,1
el,σαμπάνια,16,established,wiktionary_fr,0,0,1
el,σαμπανιζέ,1,established,wiktionary_fr,0,0,1
el,σαμποτάζ,20,established,wiktionary_fr,0,0,1
el,σαμποτέρ,15,established,wiktionary_fr,0,0,1
el,σαμπουάν,10,established,wiktionary_fr,0,0,1
el,σαντιγί,13,established,wiktionary_fr,0,0,1
el,σαντιγύ,6,established,wiktionary_fr,0,0,1
el,σαρκαστικός,5,established,wiktionary_fr,0,0,1
el,σατέν,9,established,wiktionary_fr,0,0,1
el,σεβρό,1,established,wiktionary_fr,0,0,1
el,σεζόν,49,established,wiktionary_fr,0,0,1
el,σεισμολογία,5,established,wiktionary_fr,0,0,0
el,σεισμολογικός,1,established,wiktionary_fr,0,0,0
el,σεισμολόγος,2,established,wiktionary_fr,0,0,0
el,Σεν-ε-Μαρν,16,established,wiktionary_fr,0,0,0
el,σερίφης,18,established,wiktionary_fr,0,0,1
el,σιδηρίτης,5,established,wiktionary_fr,0,0,1
el,σικορέ,2,established,wiktionary_fr,0,0,1
el,σινεμά,30,established,wiktionary_fr,0,0,1
el,σιφόν,6,established,wiktionary_fr,0,0,1
el,σοβινισμός,2,established,wiktionary_fr,0,0,1
el,σοκ,8,established,wiktionary_fr,0,0,1
el,σοκολάτα,20,established,wiktionary_fr,0,0,1
el,σορμπέ,19,established,wiktionary_fr,0,0,1
el,σος,5,established,wiktionary_fr,0,0,1
el,σοσιαλισμός,25,established,wiktionary_fr,0,0,1
el,σουβενίρ,8,established,wiktionary_fr,0,0,1
el,σουβέρ,9,established,wiktionary_fr,0,0,1
el,σουξέ,4,established,wiktionary_fr,0,0,1
el,σούπα,13,established,wiktionary_fr,0,0,1
el,σουτιέν,9,established,wiktionary_fr,0,0,1
el,σοφίτα,10,established,wiktionary_fr,0,0,1
el,σπορ,4,established,wiktionary_fr,0,0,1
el,στηθοσκόπιο,10,established,wiktionary_fr,0,0,1
el,στυλό,4,established,wiktionary_fr,0,0,1
el,συμβιωτικός,4,established,wiktionary_fr,0,0,1
el,συμβολισμός,14,established,wiktionary_fr,0,0,1
el,συμμετρικός,10,established,wiktionary_fr,0,0,1
el,συμπτωματικός,6,established,wiktionary_fr,0,0,0
el,σως,7,established,wiktionary_fr,0,0,1
el,τακτ,4,established,wiktionary_fr,0,0,1
el,ταμπλό,54,established,wiktionary_fr,0,0,1
el,ταξί,18,established,wiktionary_fr,0,0,1
el,ταρό,1,established,wiktionary_fr,0,0,1
el,τατουάζ,184,established,wiktionary_fr,0,0,1
el,τέιο,1,established,wiktionary_fr,0,0,1
el,τελεφερίκ,43,established,wiktionary_fr,0,0,1
el,τιρκουάζ,18,established,wiktionary_fr,0,0,1
el,τιρμπουσόν,3,established,wiktionary_fr,0,0,1
el,τόνος,10,established,wiktionary_fr,0,0,1
el,τουαλέτα,7,established,wiktionary_fr,0,0,1
el,τουκάν,8,established,wiktionary_fr,0,0,0
el,τραβεστί,5,established,wiktionary_fr,0,0,1
el,τρακτέρ,12,established,wiktionary_fr,0,0,1
el,τρίκυκλο,5,established,wiktionary_fr,0,0,1
el,τροτσκισμός,11,established,wiktionary_fr,0,0,1
el,Τσαντ,30,established,wiktionary_fr,0,0,1
el,υδροηλεκτρικός,8,established,wiktionary_fr,0,0,0
el,υδρόφιλος,3,established,wiktionary_fr,0,0,1
el,υλοζωισμός,3,established,wiktionary_fr,0,0,1
el,υπερτροφία,9,established,wiktionary_fr,0,0,1
el,φαβορί,4,established,wiktionary_fr,0,0,1
el,φανατικός,4,established,wiktionary_fr,0,0,0
el,φενέκ,42,established,wiktionary_fr,0,0,0
el,φεστιβάλ,27,established,wiktionary_fr,0,0,1
el,φετίχ,47,established,wiktionary_fr,0,0,1
el,φθόριο,46,established,wiktionary_fr,0,0,1
el,φιλανθρωπικός,4,established,wiktionary_fr,0,0,1
el,φιλολογικός,6,established,wiktionary_fr,0,0,1
el,φιλοτελιστής,3,established,wiktionary_fr,0,0,0
el,φλίπερ,24,established,wiktionary_fr,0,0,1
el,φλου,14,established,wiktionary_fr,0,0,1
el,φραμπουάζ,2,established,wiktionary_fr,0,0,1
el,φραπέ,18,established,wiktionary_fr,0,0,1
el,χαλίφης,19,established,wiktionary_fr,0,0,1
el,χαμίνι,5,established,wiktionary_fr,0,0,1
el,χαρτομαντεία,6,established,wiktionary_fr,0,0,1
el,χλώριο,7,established,wiktionary_fr,0,0,1
el,χρονόμετρο,6,established,wiktionary_fr,0,0,0
el,ψευδώνυμο,6,established,wiktionary_fr,0,0,1
el,ψυχανάλυση,17,established,wiktionary_fr,0,0,1
el,ψυχασθένεια,4,established,wiktionary_fr,0,0,1
el,ψυχιατρική,30,established,wiktionary_fr,0,0,1
el,ψυχιατρικός,3,established,wiktionary_fr,0,0,1
el,ψυχίατρος,2,established,wiktionary_fr,0,0,1
el,ψυχοθεραπεία,27,established,wiktionary_fr,0,0,1
el,ψυχολογία,50,established,wiktionary_fr,0,0,1
el,ψυχολογικός,4,established,wiktionary_fr,0,0,1
el,ψυχολόγος,6,established,wiktionary_fr,0,0,1
el,ψυχραιμία,5,established,wiktionary_fr,0,0,1
el,ψύχωση,21,established,wiktionary_fr,0,0,1
el,Ω-ντε-Φρανς,17,established,wiktionary_fr,0,0,0
el,Ωβέρνη-Ρον-Αλπ,20,established,wiktionary_fr,0,0,0
el,Ωντ,31,established,wiktionary_fr,0,0,0
