lang;term;sentence;IS_VALID_LOAN;OTHER_LOANS;NOTES;category;type;source_page
ast;conciencia;Franz Jägerstätter, oxetor de conciencia.;;;;established;wiktionary_es;Decapitamientu
ast;Alexandru;Persones relevantes Alexandru Magnu (356-323 e.;;;;established;wiktionary_es;Sieglu IV e.C.
ast;rodiya;Davezu empléguense como “armes” una mano o un pie (que tienen distintes superficies de contautu posibles), pero tamién pueden usase los deos de les manes o de los pies, la cabeza, el coldu, un nudiellu, o una rodiya.;;;;established;wiktionary_es;Rompimientos (artes marciales)
ast;furacán;El Furacán de Galveston de 1900, que fizo entrada en tierra en Galveston (Texas) con una estimación de Categoría 4, acabó cola vida de 8.000 a 12.000 persones y sigue siendo'l desastre natural más mortíferu na hestoria d'Estaos Xuníos.;;;;established;wiktionary_es;Ciclón tropical
ast;usté;La historia clasifícase  Disciplines y ciencies auxiliares de la historia  Arqueoloxía Epigrafía Historiografía Numismática  Referencies Ver tamién Repertoriu de fechos  Nota: Si usté fai dalguna aportación nesti sen en Wikipedia, rogamos-y que consulte primero la seición de plantilles de cronoloxía, pa asina algamar una coherencia ente tolos autores.;;;;established;wiktionary_es;Historia
ast;lladriyu;Los materiales emplegaos na so construcción pueden ser de piedra, llamaos doveles, lladriyu, aceru, formigón armao, etcétera.;;;;established;wiktionary_es;Bóveda
ast;planchar;Notes d'usu Planchar tán disponibles como un productu de consumu a precios accesibles.;;;;established;wiktionary_es;Plancha de ropa
ast;aguacate;En Colombia l'aguacate más estendíu ye de piel verde y carne mariello.;;;;established;wiktionary_es;Persea americana
ast;dotor;Referencies Enllaces esternos Carlos Dotor na Internet Movie Database (n'inglés) Carlos Dotor en BDFutbol (castellán) Carlos Dotor en LaPreferente (castellán) Carlos Dotor en Soccerway (n'inglés) Carlos Dotor en Transfermarkt (n'inglés) Carlos Dotor en L'Équipe (en francés);;;;established;wiktionary_es;Carlos Dotor
ast;filme;Sicasí, el respaldu que delles figures del mundu políticu diéron-y a esta película dio credibilidá y prestíu al filme.;;;;established;wiktionary_en;Martin Scorsese
ast;nivel;La Llista Roxa d'Especies Amenazaes de la UICN (tamién denominada en delles ocasiones como'l Llibru Coloráu), creada en 1963, ye l'inventariu más completu del Estáu de caltenimientu d'especies d'animales y plantes a nivel mundial.;;;;established;wiktionary_es;Llista Bermeya de la UICN
ast;arzobispu;Tomás Becket (1118-1170): santu y mártir, arzobispu de Canterbury.;;;;established;wiktionary_es;Sieglu XII
ast;cangrexu;Mitoloxía Yera un pequeñu cangrexu qu'unvió la diosa Hera p'acabar cola vida d'Heracles mentanto esti lluchaba escontra la Hidra.;;;;established;wiktionary_es;Cáncer (constelación)
ast;tiza;Cuatro estrato xeolóxicos, sedimentos marinos previstos 90-100 con tiza en superior y mediu percima de la tiza más baxa llixeramente permeable y finalmente impermeables y un estratu arenosu.;;;;established;wiktionary_es;Eurotúnel
ast;guai;Empléguense tamién otres armes más convencionales, como'l palu (gun), llanza (qiang), cayada (guai), espada de ganchu (gou) y la espada reuta y de doble filu (jian).;;;;established;wiktionary_es;Bagua
ast;polu;Tolos planetes y satélites tienen un polu Norte que defínese d'esta manera y que nun ye necesariamente perpendicular al exe de tresllación (por exemplu na Tierra tien un ángulu de 23,5 º y n'Uranu de 90 º).;;;;established;wiktionary_en;Polu Norte
ast;paella;"Iberus gualtieranus alonensis, la baqueta o serrana, apreciadísima na Comunidá Valenciana, Rexón de Murcia y sur de Cataluña y Aragón; utilícense especialmente pa la ellaboración de la paella.";;;;established;wiktionary_es;Cascoxu
ast;brazalete;Escuchando col estetoscopiu l'arteria braquial nel coldu, l'esaminador llibera amodo la presión nel brazalete.;;;;established;wiktionary_es;Presión sanguínea
ast;llexos;llexos (Castellanu: lejos) (Asturianu: lloñe/llonxe) ocho dende'l Castellanu: ocho.;;;;established;wiktionary_es;Castellanismu (llingüística)
ast;llimitar;"L'Horizonte (del griegu ""orizon"": llimitar) ye la llinia qu'aparentemente separta'l cielu y la Tierra; ésta llinia involucra un espaciu circular de la superficie de la Tierra.";;;;established;wiktionary_es;Horizonte
ast;seguridá;L'antecesora de les Naciones Xuníes foi la Sociedá de Naciones, organización fundada tres la Primer Guerra Mundial en 1919, pa promover la cooperación internacional y consiguir la paz y la seguridá.;;;;established;wiktionary_es;Organización de les Naciones Xuníes
ast;Don Quixote;El so orixe como téunica y xéneru lliterariu ta nel sieglu XVII n'español, siendo'l so meyor exemplu Don Quixote de la Mancha (1605) de Miguel de Cervantes.;;;;established;wiktionary_es;Novela
ast;lleva;"La exa o raquis ye la parte allargada del tarmu que lleva les cañes floríferas; si ye curtiu y ta enancháu en forma de platu llámase receptáculu común.";;;;established;wiktionary_en;Inflorescencia
ast;añoranza;Inclusive cuando se siente añoranza o murria pol pasáu, esa emoción sentir dende'l presente, y lo mesmo puede dicise de la medrana al futuru.;;;;established;wiktionary_es;Poema
ast;automóvil;Referencies Enllaces esternos   Wikimedia Commons tien conteníu multimedia tocante a Automóvil.;;;;established;wiktionary_es;Automóvil
ast;xastre;Creció en Long Island col so padrastru que yera un xastre y la so madre que yera una modelu.;;;;established;wiktionary_es;Donna Karan
ast;mariposa;Nymphalis californica Polygonia c-album Junonia coenia Libytheana carinenta Hamadryas februa Chlosyne janais Limenitis lorquini Euphydryas aurinia Maniolis jurtina Nymphalis antiopa Danaus plexippus - Mariposa Monarca.;;;;established;wiktionary_es;Nymphalidae
ast;bandera;El prestixu etíope vién-y de tener sío l'únicu estáu africanu que llogró resistir militarmente l'anexión por dalguna de les potencies europees que se repartieron el continente nel sieglu XIX, y esto fizo que munches naciones africanes adoptaran los colores de la bandera etíope de la qu'inventaron una bandera nacional dempués d'algamar la independencia.;;;;established;wiktionary_es;Etiopía
ast;pauta;Tien dataose, por datación radiocarbónica, por investigación de la pauta de deforestación y pola variabilidá del ADN mitocondrial na población maorí, alredor de 1250-1300 como la fecha na que pobladores polinesios, dempués d'una llarga serie de viaxes poles islles del Pacíficu sur, aportaron a Nueva Zelanda.;;;;established;wiktionary_es;Nueva Zelanda
ast;médicu;"Santiago Ramón y Cajal, médicu y fisiólogu; Premiu Nobel en Fisioloxía o Medicina.";;;;established;wiktionary_es;Universidá de Barcelona
ast;haiga;La principal tema representada foi'l paisaxe, de cutiu con elementos como flores y páxaros, y yera avezáu la combinación de pintura y poesía (haiga).;;;;established;wiktionary_es;Arte de Xapón
ast;güelga;Güelga El Yali, en Chile.;;;;established;wiktionary_es;Güelga
ast;retrete;Ver tamién Agües negres Agües grises Bacín Orinal Instalaciones de los edificios Retretes en Xapón Día Mundial del Retrete Retrete ecolóxicu secu con separación de la orina Saneamientu ecolóxicu  Referencies Enllaces esternos   Wikimedia Commons tien conteníu multimedia tocante a Retrete.;;;;established;wiktionary_es;Retrete
ast;watt;Watt descubrió que la máquina de Newcomen taba gastando cuasi tres cuartos de la enerxía del vapor en calecer el pistón y el cilindru.;;;;established;wiktionary_en;James Watt
ast;falda;La cintura de la falda empezó a tar asitiada al altor del pechu (debaxo de los senos) y foi baxando pasu ente pasu hasta la cintura.;;;;established;wiktionary_es;Falda
ast;hacha;"Obres destacaes La noche celta (1991; foi traducida al francés) El okupa (1997) El hacha de bronce (1998) Brindis de sangre (2010)  Premios Medaya de plata d'Asturies nel añu 2003.";;;;established;wiktionary_es;Juan Noriega
ast;terraza;"L'accesu a la terraza del Hadish facer por una escalera monumental al este, de doble entamo, primero diverxentes y depués converxentes, y una escalera más pequeña de tramos converxentes al oeste; as dos presenten la mesma decoración que la escalera sur del Tachara: toros y lleones, guardias perses, discu aláu y esfinxe.";;;;established;wiktionary_es;Persépolis
ast;llevadura;Poro, emplégase en muncho procesos de formentación industrial, de mena asemeyada a la llevadura químico, por exemplu na producción de cerveza, vinu, hidromiel, pan, producción d'antibióticos, etc.;;;;established;wiktionary_es;Lleldu
ast;ḥenu;Úsase pa pallabres como ḥou, ḥenu, o ḥoquei.;;;;established;wiktionary_es;H
ast;nación;El nacionalismu románticu El nacionalismu románticu (tamién llamáu nacionalismu orgánicu y nacionalismu identitariu) ye la forma de nacionalismu étnicu pola que l'estáu deriva la so llexitimidá política como consecuencia natural (orgánica) y espresión de la nación o la raza.;;;;established;wiktionary_es;Nacionalismu
ast;ciencia;La clasificación biolóxica pertenez a la ciencia de la bioloxía sistemática.;;;;established;wiktionary_es;Clasificación biolóxica
ast;tractor;Tractor de construcción: Xeneralmente con accesorios tales como palas o brazos de retroexcavadoras.;;;;established;wiktionary_en;Tractor
ast;deuda;a) Deflación de la deuda Irving Fisher defende que'l factor principal que llevó a la Gran Depresión foi un círculu viciosu de deflación y sobreendeudamientu creciente, y alcontró nueve factores que, interactuando en condiciones de deuda escesiva y deflación, crearon los mecanismos propicios pa la quiebra económica.;;;;established;wiktionary_es;Gran Depresión
ast;impuestu;Impuestu de proteición a la comunidá islámica: pagáu por tolos cristianos pa garantizar la so seguranza nel estáu.;;;;established;wiktionary_es;Imperiu Otomanu
ast;cudiar;Poro, decidieron cudiar les tierres na so mayoría verdes y azules.;;;;established;wiktionary_es;Alderaan
ast;hacia;Una división que señala les diferencies culturales, llingüístiques y étniques ente los dos llaos de la llende, diferencies, sicasí, que van apaeciendo como un continuum según viaxamos hacia l'este n'Eurasia y qu'en dengún casu reflexen realidaes completamente estremaes.;;;;established;wiktionary_es;Europa
ast;doctor;Doctor Mateo España, 2009.;;;;established;wiktionary_es;Médicu
ast;abetu;phanerolepis Abies bifolia Abies lasiocarpa — Abetu alpín Abies lasiocarpa var.;;;;established;wiktionary_es;Abies
ast;bufanda;Sobre'l sakkos lleva'l omoforio, bufanda de llana de gran tamañu que se doblar alredor de la cabeza y cai per delantre y por detrás.;;;;established;wiktionary_es;Obispu
ast;alambre;A lo último, cuando se lleva a cabu un cambéu químicu, una sustancia tresformar n'otra totalmente distinta, por casu, aferruñar un alambre metálicu, o cuando reacciona un ácidu con un álcali.;;;;established;wiktionary_es;Sustancia químico
ast;softwares;Son cada vez más comunes los softwares que formatean la seición de especímenes esaminaos a partir de la planilla de datos, y tamién puede formatearse en forma de data paper un set d'escurrimientos pa publicación formal.;;;;new;noun_plural_native;Taxonomía
ast;trolles;Historia Rafal mientres la Romanización Les tierres de la Vega Baxa yeren trolles y banzaos cuando fai 100.000 años nel Paleolíticu Mediu l'home Neanderthal daba los sos primeros pasos per Europa.;;;;new;noun_plural_native;Rafal
ast;formates;"Los dos teunoloxíes primaries que xeneren formes d'ondes sintétiques de voz son la ""síntesis concatenativa"" y la ""síntesis de formates"".";;;;new;noun_plural_native;Síntesis de fala
ast;pixeles;Tien una pantalla de 7.9 pulgaes con una resolución de 2048 × 1536 pixeles con una densidá de 326 ppp.;;;;new;noun_plural_native;IPad
ast;format;BarcodeRobot Dexa xenerar códigos de barres a partir de númberos ISBN format pdf (n'inglés).;;;;new;noun_raw;ISBN
ast;linkes;"Ein Seelengemälde aus dem Alterthume (1888), de Oscar Linkes; Der Kaiser (1890) del exiptólogu alemán Georg Ebers; Antinous oder die Reise eines Kaisers (1955), de Ernst Sommers; y Antinous, Geliebter!";;;;new;noun_plural_native;Antínoo
ast;logs;Rexistru de conversaciones y gueta en logs.;;;;new;noun_plural_english;Empathy
ast;hardwares;Los fabricantes de mainframes y miniordenadores d'esi tiempu llanzaron programes de desenvolvimientu de IC propietarios p'actualizar los sos arquitectures d'ordenadores más vieyes y eventualmente producir microprocesadores con conxuntu d'instruiciones conxuntos d'instruiciones que yeren retrocompatibles coles sos hardwares y softwares más vieyos.;;;;new;noun_plural_native;Unidá central de procesamientu
ast;tuits;Obra Ficción Micronopia (2011) microrrelatos La fía del Caribe (2012) rellatu Soledad, una colombiana en Madrid (2012) novela Pop Porn (2013) microrrelatos Microscópicos (2014) microrrelatos, antoloxía personal Güeyos de tinta (2014) tuits ilustraos #Femituits  Non ficción Sexo sin comillas (2015)  Inclusiones n'antoloxíes de microrrelatu Elles cunten menos.;;;;new;noun_plural_english;María Paz Ruiz Gil
ast;botes;Sicasí, esisten importantes anécdotes sobre xugadores que nun usaron botes.;;;;new;noun_plural_native;Equipamientu de los futbolistes
ast;click;Soníos click (n'alemán) Archiváu 2011-11-15 en Wayback Machine Klaus Wagner: Einführung in Phonetik und Phonologie Die Sprachen Afrikas Archiváu 2007-06-27 en Wayback Machine Gibt ye primitive Sprachen?;;;;new;noun_raw;Chasquíu consonánticu
ast;ban;Este aprofió que Ban tenía «una rara combinación de claridá analítica, humildá y esfotu».;;;;new;noun_raw;Ban Ki-moon
ast;faciendo click;Puede consultase datos del so castiellu y de la ilesia románica qu'ellí esistieron faciendo click equí: http://www.arquivoltas.com/5-HU-Somontano/990419-Castillazuelo1.htm Archiváu 2018-03-10 en Wayback Machine 1126 - 1199, a lo menos, de realengu por presentar tenentes (UBIETO ARTETA, Los Tenentes, p.;;;;new;verb_light_construction;Castillazuelo
ast;app;"La pantalla inicial de iOS contién delles aplicaciones, dalgunes de les cuales tán ocultes por defectu y pueden ser activaes pol usuariu por aciu l'aplicación ""Axustes"", por casu, Nike+iPod o la app de iCloud Drive tienen de ser activaes dende los Axustes.";;;;new;noun_raw;IOS
ast;forwards;Deporte Ala, denominación reglamentaria n'español d'una posición dientro d'un equipu de rugby (forwards).;;;;new;noun_plural_english;Ala
ast;chates;"Thlaspi arvense (carraspique, zurrón bolivianu) ye una especie botánica de planta con flor, fedienta, de Eurasia, con silicues chates; naturalizada en Norteamérica, onde ye una maleza acuática y terrestre.";;;;new;noun_plural_native;Thlaspi arvense
ast;server;Los usuarios de Windows XP y Windows Server 2003 que tienen copies orixinales de Microsoft Windows pueden descargar llibremente'l programa dende'l sitiu web de Microsoft y Windows Defender suminístrase como parte de Windows Vista y 7.Windows Defender y Microsoft Security Essentials combináronse nun solu programa, denomináu Windows Defender.;;;;new;noun_raw;Microsoft Windows
ast;clicks;Kießling y Mous suxeren qu'estes eyectivas son restos de clicks presenten nel sustratu d'estes llingües.;;;;new;noun_plural_english;Llingües cushites meridionales
ast;cloud;Cloud dynamics, R.A.;;;;new;noun_raw;Nube
ast;loges;Referencies Enllaces esternos  Wikimedia Commons acueye conteníu multimedia sobre Les Grandes-Loges.;;;;new;noun_plural_native;Les Grandes-Loges
ast;interface;Forma parte del conxuntu GNOME Office, y distribúise con Ubuntu La so interface gráfica y funcionalidá aseméyase muncho a l'aplicación Microsoft Outlook.;;;;new;noun_raw;Evolution
ast;apps;(por casu, un númberu de teléfonu puede ser escoyíu dende un corréu electrónicu y guardalo como un contautu o pa faer una llamada) El iPod Touch tien les mesmes apps que tán presentes nel iPhone, con esceición de Teléfonu, Mensaxes (anque si iMessage) y Brúxula.;;;;new;noun_plural_english;IOS
ast;downloads;Drive-by download Google afayó qu'una de cada 10 páxina web que fueron analizaes a fondura puede contener les llamaes drive-by downloads o descargues automátiques, que son sitios qu'instalen spyware o códigos que dan información de los equipos ensin que l'usuariu decatar.;;;;new;noun_plural_english;Malware
ast;users;http://www.nlm.nih.gov/medlineplus/spanish/ency/article/000045.htm http://www.ambitoweb.com/servicios/salud/manual12.asp Archiváu 2006-08-26 en Wayback Machine http://escuela.med.puc.cl/publ/patologiageneral/Patol_049.html Archiváu 2016-05-09 en Wayback Machine http://www.salud.bioetica.org/shock.htm http://www.ctv.es/USERS/sos/aparcirc.htm#ppaashhi;;;;new;noun_plural_english;Hemorraxa
ast;hardware;Ente los productos de hardware más conocíos de la empresa cuenta con equipos Macintosh, l'iPod l'iPhone y l'iPad.;;;;new;noun_raw;Apple
ast;tags;L'usu de la norma foi sofitáu por IETF language tags, introducíu por RFC 1766 en marzu de 1995, y siguíu por RFC 3066 en xineru de 2001 y por RFC 4646 en setiembre de 2006.;;;;new;noun_plural_english;ISO 639-1
ast;chat;"Pa esto ye necesariu instalar un complementu , un programa que queda siempres residente y dende cualquier navegador web añade'l botón de llamar a los perfiles y al chat web de Facebook; en realidá esti serviciu ye independiente de Skype (Un usuariu de Skype nun puede faer contauto vía voz o videu a usuarios de Facebook, nin estos a ellos, inclusive col complementu de navegador instaláu).";;;;new;noun_raw;Skype
ast;hack;& Bobrov Festuca daghestanica (Tzvelev) Y.B.Alexeev Festuca densiuscula (Hack.;;;;new;noun_raw;Festuca rubra
ast;pixel;Google Pixel ye una llinia de dispositivos Electrónica de consumu electrónicos de consumu de Google que funcionen col sistema operativu Chrome o Android.;;;;new;noun_raw;Google Pixel
ast;postes;Pa los partíos de dobles, los centros de los postes de la rede tán asitiaos a 0,914 metros fuera de cada llau de la llinia de dobles.;;;;new;noun_plural_native;Tenis
ast;online;Ta reconocíu polos yerbarios d'Australia como la fonte autorizada pa la nomenclatura botánica australiana, siendo'l componente central del Australia's Virtual Herbarium, el proyeutu de collaboración con AU$10 millones en fondos, sofitando l'accesu integráu online a los datos y a les coleiciones de especímenes del mayor yerbariu d'Australia.;;;;new;noun_raw;Australian Plant Name Index
ast;onlines;Iron Man 3 Adaptation Captain America: The Winter Soldier Adaptation  Comics esclusivos Iron Man: The Price of Doing Business (Non canon) Iron Man: Security Measures (Canon) The Incredible Hulk: The Big Picture (Canon) Iron Man: Limited Edition (Adautación) Iron Man: Will Onlines Evil Prevails?;;;;new;noun_plural_native;Universu cinematográficu de Marvel
ast;software;Germplasm Resources Information Network o GRIN ye un proyeutu de software en llinia del Programa Nacional de Recursos Xenéticos del Departamentu d'Agricultura de los Estaos Xuníos p'apurrir información de germoplasma de plantes, animales y microbios.;;;;new;noun_raw;Germplasm Resources Information Network
ast;pixels;Tenía un diámetru aparente de 0,20 segundos d'arcu (4,5 pixels na cámara planetaria), la so forma ye aproximadamente esférica.;;;;new;noun_plural_english;19 Fortuna
ast;forward;2005–2008: crecedera Nel branu de 2005 Forward>> llevó a los DJs de grime a la primera plana del line up.;;;;new;noun_raw;Dubstep
ast;posts;Peking: Directorate General of Posts, 1919.;;;;new;noun_plural_english;Trescripción del sistema postal chinu
ast;hackes;Peter Hackes como Paul Moore.;;;;new;noun_plural_native;Broadcast News
ast;user;La interfaz gráfica d'usuariu o GUI (n'inglés graphical user interface) La interfaz gráfica de los ordenadores foi diseñada cola fin d'ocultar el verdaderu funcionamientu de la máquina, ya que yera mui complicao pa los usuarios tipo.;;;;new;noun_raw;Interfaz gráfica d'usuariu
ast;tuit;Sicasí, Evan Williams llueu desmintió esta información nun tuit qu'unvió'l 1 de mayu de 2008.;;;;new;noun_raw;Twitter
ast;escaniáu;El documentu orixinal ye escaniáu con una máquina de fax, que procesa los conteníos (testu o imáxenes) como una sola imaxe gráfica fixa, convirtiéndola nun mapa de bits, la información tresmítese como señales llétriques al traviés del sistema telefónicu.;;;;new;verb_participle_prescriptive;Mediu de comunicación
ast;likes;Tamién collaboró en Likes de la canal 0 de Movistar+.;;;;new;noun_plural_native;Javier Ambrossi
ast;estreames;Tamién estudió como estructures fixes los mitos, comprobando qu'en sociedaes estreames dábense histories asemeyaes.;;;;new;noun_plural_native;Estructuralismu
ast;servers;any @a.root-servers.net Y en un sistema MS DOS, executando: nslookup -type=any vrsn-end-of-zone-marker-dummy-record.root  Ver tamién Pseudodominio de nivel cimeru  Referencies   == Enllaces esternos ==;;;;new;noun_plural_english;.root
ast;formats;Protocolos y medios extrayibles Fonte: VLC playback Features - Input formats  Formatos contenedores Fonte: VLC playback Features - Input formats  Formatos de videu Fonte: VLC playback Features - Video formats  Formatos d'audio Fonte: VLC playback Features - Audio formats  Formatos de subtítulos y etiquetes Ver tamién Rhythmbox Banshee Amarok Totem Audacious Media Player   == Referencies ==;;;;new;noun_plural_english;VLC media player
ast;post;Ver tamién Actuación Comedia Drama Dramatización Dramaturgos Léxicu teatral Ópera Taller de teatru Teatru d'estilu Art Déco Teatru d'estilu isabelín Teatru d'estilu italianu Teatru d'estilu post Teatru de marionetes bunraku Teatru de vanguardia Teatru del absurdu Teatru kabuki Teatru na educación Teatru Nō Traxedia Traxicomedia  Referencies Enllaces esternos Diccionario teatral Archiváu 2006-12-14 en Wayback Machine Post-Theater una revista académica especializada en teatru d'estilu post.;;;;new;noun_raw;Teatru
ast;tages;Etimoloxía  Tagetes: nome xenéricu que provién de la mitoloxía etrusca Tages.;;;;new;noun_plural_native;Tagetes
ast;tag;Presentación previa Defensor del títulu:  Alain Prost Constructor defensor:  Mc Laren/TAG Porsche  Escuderíes y pilotos La siguiente tabla amuesa los pilotos confirmaos pal Mundial 1986 de F1, ordenaos según la clasificación del campeonatu de constructores de la temporada anterior.;;;;new;noun_raw;Temporada 1986 de Fórmula 1
ast;clouds;"La tema ""Obscured By Clouds"", que da nome al álbum, foi usualmente utilizáu pa empezar conciertos.";;;;new;noun_plural_english;Obscured by Clouds
ast;hacks;"Delles estructures creando subdominios dexen l'empléu de nomes de dominiu como ""ju.guet.es"", y ""va.cacion.es"" como posibles escructuras pa crear domain hacks.";;;;new;noun_plural_english;Domain hack
ast;trolls;A Thor présta-y dir a la caza de Trolls o xigantes.;;;;new;noun_plural_english;Viquingu
eu;abenka;Ikus, gainera Abenka   == Kanpo estekak ==;;;;established;wiktionary_es;Estaia
eu;dolar;urtean jaulki zituzten lehenengo dolar-billeteak.;;;;established;wiktionary_en;Dolar
eu;rapsoda;Hesiodo ere hemen jaio eta nekazari izan zen, eta baita rapsoda ere.;;;;established;wiktionary_es;Hesiodo
eu;camping;Club Vasco de Camping Elkartea.;;;;established;wiktionary_es;Gernikako Arbolaren pasealekua (Donostia)
eu;aerobio;Era berean, bakterio aerobio fototrofo bat fagozitatu eta eukarioto primitibo horrek fotosintesi egiteko gaitasuna bereganatuko luke.;;;;established;wiktionary_es;Teoria endosinbiotiko
eu;Gillen;Gillen, Eskoziako gaeleraz: Gilean, Eskoziako Highland eskualdeko etxalde bat da, Skye eta Lochalsh barrutian.;;;;established;wiktionary_es;Gillen (Skye)
eu;copyright;Lehman, Bruce: Intellectual Property and the National Information Infrastructure (Report of the Working Group on Intellectual Property Rights, 1995) Lindsey, Marc: Copyright Law on Campus.;;;;established;wiktionary_en;Egile-eskubideak
eu;mekanizazio;Mekanizazio-prozesu desberdinen azalpenak.;;;;established;wiktionary_es;Mekanizazio
eu;alkandora;Alkandora zuria, jende askorentzat, aristokraziaren ikurra zen, garbi mantendu ohi zituztenak zirelako.;;;;established;wiktionary_es;Alkandora
eu;tibia;Berna-hezurra edo tibia belaunaren azpian dauden bi hezurretatik handiena eta luzeena da.;;;;established;wiktionary_es;Berna-hezur
eu;abisu;Erdi Aroko zaldunek, abisu seinale gisa jotzen zituzten.;;;;established;wiktionary_es;Olifante
eu;bolante;"Bolante doigarriak ""Tilt"" bolantea Edward James Lobdellek garatua, 7 posizioko ""Tilt Wheel"" (bolante inklinatua), General Motorsen zenbait produktutan eskuragarri jarri zen 1963an.";;;;established;wiktionary_es;Bolante
eu;Danimarka;Lars Løkke Rasmussen (2009-11 eta 2015-) Helle Thorning-Schmidt (2011-15)  Banaketa administratiboa Danimarka 5 eskualdeetan banatzen da.;;;;established;wiktionary_fr;Danimarka
eu;prezio;Estrategia honen adibide bat, trenbide-konpainiek (maiz monopolio moduan jarduten dutenak) bidaiari arrunt, ikasle eta adineko pertsonentzat ezartzen dituzten prezio bereziak dira.;;;;established;wiktionary_es;Monopolio
eu;agresibo;Onddo honek gaixotasun baskular agresibo bat eragiten du zuhaitzean, xilema hodia itxi egiten ditu eta hortaz, zurtoin eta hostoak ximelduz doaz pixkanaka.;;;;established;wiktionary_es;Zumar
eu;ateismo;Gaur egungo ateismo terminoa XVI.;;;;established;wiktionary_es;Ateismo
eu;absurdo;Fabula pesimista, ironiko eta absurdo horietan bere ideia kontserbadoreak erakutsi zituen.;;;;established;wiktionary_es;Pierre Gripari
eu;accesit;"Txapelketa Erregionalean, Zaragozan 1967an; lehiaketa berean, Artzamendik lehen sarirako accesit bat lortu zuen, bere zuzendaritzagatik).";;;;established;wiktionary_es;Juan Artzamendi
eu;zerbeza;Elizarentzat dirua lortzeko antolatutako zerbeza feria zen.;;;;established;wiktionary_es;Robin Hood
eu;absolutista;"Mikel I.a Portugalgoa Absolutista edo Tradizionalista (portugesez: Dom Miguel I o Absolutista; Lisboa, 1802ko urriaren 26a - Esselbach, 1866ko azaroaren 14a) Portugalgo erregea 1828-1834 bitartean izan zen.";;;;established;wiktionary_es;Mikel I.a Portugalgoa
eu;erregela;Trapezioaren erregela konposatua Hau, erregela konposatuaren eredu bat da.;;;;established;wiktionary_es;Isaac Newton
eu;gris;Haragia berez gris edo beltz bihurtzeko joera duen taldeko Russula da.;;;;established;wiktionary_es;Gibelaranja hankagorri
eu;biologia;"Adibidez, biologia molekularra bizitzako oinarrizko biomolekulen azterketa da; biologia zelularraren helburua, berriz, zelula aztertzea da, bizitza osoko oinarrizko unitate eratzailea dena.";;;;established;wiktionary_es;Biologia
eu;boto;Emaitza hauekin EAJko Maria Consuelo Romeo Aia alkate bihurtu zen, nahiz eta boto gehien jaso zuen alderdia inpugnatuta zegoen EAE-ANV alderdia izan, 731 botorekin.;;;;established;wiktionary_es;Ibarra
eu;logika;Logikaren historia une historiko desberdinetan agertzen diren lau pentsamendu-lerrok bat egitearen ondorioa da:​ Logika aristotelikoa eta, ondoren, megarikoen eta estoikoen ekarpenak.;;;;established;wiktionary_es;Logika
eu;monitore;Txirrindularitza profesionaletik erretiratu ondoren eski monitore bihurtu zen.;;;;established;wiktionary_es;Ferdinand Kübler
eu;ebanjelio;Ebanjelio honen idazlea ez zen judua izan, baina hala ere Itun Zaharra ondo ezagutzen zuen.;;;;established;wiktionary_es;Lukasen ebanjelioa
eu;produktibo;Gainera, hautespen naturalaren eta gizakiaren eskuaren ondorioz, arraza hori zehazten duten ezaugarri morfologiko eta produktibo batzuk, oinordetzan.;;;;established;wiktionary_es;Arraza (biologia)
eu;eslogan;"Hitzaren jatorria ""Eslogan"" slogorn hitzetik dator; aldi berean azken honek Eskoziako gaelerazko sluagh-gairm edo sluagh-ghairm (sluagh=""armada"" + gairm=""oihu"") hitzetan du jatorria..";;;;established;wiktionary_es;Eslogan
eu;demokratizazio;Herrialdearen egoera sozial eta ekonomiko latzak bultzatuta, eta baita ere nazioarte maila erregimen komunistek izan zuten erorketa eraginda, Mozambike baketze eta demokratizazio prozesu batean sartu zen.;;;;established;wiktionary_es;Mozambikeko Herri Errepublika
eu;ablatibo;Ablatibo absolutuaren 14.;;;;established;wiktionary_es;Lupe Gómez
eu;deklarazio;Aureli Argemí i Roca (Sabadell, 1936ko otsailaren 1a – ibidem, 2024ko apirilaren 1a) CIEMEN gobernuz kanpoko erakundearen sortzaile 1974an eta lehendakari emeritua izan zen, baita 1996an Hizkuntza Eskubideen Deklarazio Unibertsalaren sustatzaile eta idazleetako bat ere.;;;;established;wiktionary_es;Aureli Argemi
eu;kode;Zenbait hizkuntzek bi kode dituzte, bata bibliografikoa (ISO 639-2/B), hizkuntzaren ingelesezko izenetik eratorria eta bestea terminologikoa (ISO 639-2/T), hizkuntzaren jatorrizko izenetik, autoglotonimotik eratorria.;;;;established;wiktionary_fr;ISO 639-2
eu;martxo;Meteorologian (eta orokorrean) udaberriak ipar hemisferioan martxo, apiril eta maiatz osoak barne hartzen ditu, eta hego hemisferioan, berriz, irail, urri eta azaroa.;;;;established;wiktionary_es;Udaberri
eu;polarizazio;Polarizazio bektorea (P) momentu dipolarra bolumen unitateko bezala definitzen da.;;;;established;wiktionary_es;Polarizazio elektriko
eu;operatibo;Egoitza operatibo eta exekutiboa Plan-les-Ouatesen du, Genevatik gertu, eta zirkuitu integratuak (erdieroaleak) garatu, fabrikatu eta merkaturatzen ditu.;;;;established;wiktionary_es;STMicroelectronics
eu;zeremonia;Azken kasu horretan, zeremonia-maisu ere deitzen zaio.;;;;established;wiktionary_es;Aurkezle
eu;fase;Fase bat sistema kimiko baten egoera-multzo bat da, egitura-propietate antzekoak dituena zenbait baldintzatan, hala nola presioan edo tenperaturan.;;;;established;wiktionary_es;Kimika
eu;kolera;Kolera ur eta janari kutsatuen bidez transmititzen da.;;;;established;wiktionary_es;Vibrio cholerae
eu;potentzia;Energia-moten aldaketak eta potentzia Energia kontzeptua lotuta dago era desberdinetako fenomeno fisikoei, eta aldaketak gertatzean, energiaren izaera bera ere aldatu egiten da.;;;;established;wiktionary_es;Potentzia
eu;komunismo;Hala ere, ezin izan zuten komunismo anarkistaren tesietan oinarrituta zegoen euren kooperatiben plana ezarri, militarren aurka galdu zutelako.;;;;established;wiktionary_es;Komunismo libertario
eu;abolizionista;"Abolizionista, ateoa, feminista, sufragista Laster hasi zen Ernestine gehien interesatzen zitzaizki0n gaiei buruzko hitzaldiak egiten, ""Filòsters Moraleseko"" elkartearekin bat egin zuen eta estatu desberdinetara bidaiatu zuen bere arrazoiak defendatzeko: esklabotza indargabetzea, erlijio-tolerantzia, hezkuntza publikoa eta emakumeen berdintasuna.";;;;established;wiktionary_es;Ernestine Rose
eu;politiko;Hala eta guztiz ere, Lehen Internazionalari esker, bereziki Europako langileek kontzeptu politiko berdinak erabiltzen hasi ziren, eta horrekin batera, hainbat herrialdetan langileen alderdi eta sindikatu nazionalak sortu ziren.;;;;established;wiktionary_es;Sozialismo
eu;pelikula;"""The Silence of the Lambs"" filmak eskuratu zituen 5 Oscar Sari, tartean pelikula onenarena.";;;;established;wiktionary_es;1990eko hamarkada
eu;helikoptero;Txornobaivkako hurrengo gertaera martxoaren 7an gertatu zen, Ukrainako Armadak aireportuan zeuden Errusiaren 30 helikoptero militar suntsitzea aldarrikatu zuenean, bai eta Errusiaren ekipamendu eta eskulana erasotzea ere.;;;;established;wiktionary_es;Txornobaivkako erasoak
eu;abisal;Abisal edo zona abisopelagikoa izena hartzen duena, ozeanoa banatua dagoen mailetako bat da, bere sakoneraren arabera.;;;;established;wiktionary_es;Abisal
eu;aristokrazia;Aristotelen iritziz, aristokrazia ez zen monarkia (bakar baten gobernua) eta demokrazia (herriaren gobernua) bezalakoa.;;;;established;wiktionary_es;Aristokrazia
eu;abant;"Zelai horretan bertan, beste partida gogoangarri bat jokatu zen 1985eko azaroaren 2an, Los Pumas-ek All Blacksen aurka berdintzea lortu baitzuten (21-21); beti ere, irabazteko aukera bikaina galdu zuten, azken jokaldian Ernesto Urek abant egin baitzuen, argentinar melea Zeelanda Berriko entsegu-eremuan sartzen ari zelarik.";;;;established;wiktionary_fr;Argentinako errugbi selekzioa
eu;militarismo;Ikus, gainera Militarismo;;;;established;wiktionary_es;Militar (argipena)
eu;dekoratibo;Otsailaren 15a – Owen Jones, britainiar arkitekto, artista dekoratibo, idazle eta hezitzailea, kromolitografian aitzindaria (h.;;;;established;wiktionary_es;1809
eu;stream;Azpiegitura Nord Stream 2 gasbideak, Nord Stream 1ek bezala, Errusia eta Alemania lotzen zituen, baina ez zuen funtzionatzen Errusiaren eta Europar Batasunaren arteko liskarrengatik, Ukrainako inbasioari buruzko tentsioen testuinguruan.;;;;new;noun_raw;Nord Stream gasbideko sabotajea (2022)
eu;linkak;"Kanpo linkak ""Young Muslims Build a Subculture on an Underground Book"", New York Times, 2008 Abendua ""Islamic Street Preachers: From Boston to Lahore & Beyond"", Guardian, 2007 Apirila Kim Badawiren argazkiak Taqwacoreari buruz, Pangea Magazine The Taqwacores (liburua) Autonomedia-ko webgunea ""Muhammad Rocked the Casbah by Lydia Craft"", ""Texas Observer""   == Kanpo estekak ==";;;;new;noun_integrated_pl;Taqwacore
eu;hardware;Ikus, gainera Ordenagailu Firmware Informatika Software  Kanpo estekak Kernelaren Mundu Liluragarria (Ingelesez)Hardwareari buruzko ehundaka artikulu (Gaztelaniaz)Ordenagailu baten Hardwareari buruzko artikulua (Gaztelaniaz)Hardware Grafikoa;;;;new;noun_raw;Hardware
eu;txekak;Adibidez, Petrogradoko Txekak 512 pertsona exekutatu zituen egun gutxitan.;;;;new;noun_integrated_pl;Vladimir Lenin
eu;klikak;Tolerantzia espaziala: Sagua zenbat mugi daitekeen klikak arrastatze bihurtu gabe.;;;;new;noun_integrated_pl;Klik
eu;trollak;Maitagarri-ipuina Europako folklorean zenbait pertsonaia jakin dituzten ipuinak dira, batez ere maitagarriak, iratxoak, elfoak, sorginak, adarbakarrak, erraldoiak, laminak, uhandreak, trollak, gnomoak, animalia hiztunak, sorginkeria eta abar.;;;;new;noun_integrated_pl;Maitagarri-ipuin
eu;link;LMP Link Management Protocol Esteken kontrolaren protokoloa bi gailuen arteko irratiaren lotura konfiguratzeko eta kontrolatzeko erabiltzen da.;;;;new;noun_raw;Bluetooth
eu;txata;Badu ere txata alboko leiho batean zuzeneko komunikazioa izateko.;;;;new;noun_integrated_sg;Etherpad
eu;posta;Minitelek ekarri zuen posta elektronikoarekin eta horrelakoetan idazteko estiloa ahozkotik hurbilagokoa dela ohiko gutunetatik baino hizkuntzen irakaskuntzan integratzeko aukerak ere zabaldu zituen.;;;;new;noun_integrated_sg;Internet
eu;klik egin;Bilatu nahi dena aukeratutakoan, haren estekan klik egin behar da, ikusteko.;;;;new;verb_light_construction;YouTube
eu;server;Zerbitzari handietan eta superkonpugailuetan 2000ko hamarkadan lerro berezitu bat garatzen hasi zen, Windows Server izenarekin, baina ez da nagusitzera heldu, Unix moduko sistemak eta Linux segmentu horretako liderrak dira-eta.;;;;new;noun_raw;Microsoft Windows
eu;txeka;Txeka ezinbestekoa izan zen, britainiar zerbitzu sekretuen konspirazio militarrak antzeman baitzituen.;;;;new;noun_integrated_sg;Feliks Dzerzhinski
eu;bota;Sistema horrekin botatako poltsak ezin dira bota eta gero berreskuratu.;;;;new;noun_integrated_sg;Birziklatze
eu;servera;"(1966) Elena Gómez Servera, kirol gimnasiako munduko txapelduna (1985) Francisco Javier Muñoz Llompart ""Xisco"", futbolaria (1980) Albert Riera, futbolaria (1982)  Ikus, gainera Balear Uharteetako udalerrien zerrenda  Kanpo estekak (Katalanez) Udalaren webgunea.";;;;new;noun_integrated_sg;Manacor
eu;softwarea;Ertain neurriko softwarea garatzeko, ohikoa da tartean lanean ari diren giza taldeek metodologia propioak aplikatzea, normalean aurreko prozesuen hibridoa eta batzuetan irizpide propioekin.;;;;new;noun_integrated_sg;Software
eu;app;Izan ere, Steve Jobsek gutun ireki bat idatzi zuen Flash kritikatuz, segurtasun arazoak zituela, akats ugari sortzen zituela, bateria asko kontsumitzen zuela, ukipen anitzeko interfazeekin bateragarria ez zela eta App Store zerbitzuaren funtzionamenduan interferentziak eragiten zituela argudiatuz.;;;;new;noun_raw;IOS
eu;forward;Nolanahi ere, Hollywoodeko film ezagunetan agertu da: Seven, Pay It Forward, The Usual Suspects, L.A.;;;;new;noun_raw;Kevin Spacey
eu;botak;Botak Material plastiko berezi eta berritzaileenekin eginak, beste diziplina batzuetan baino gogorragoak izaten dira, eskiatzailearen eta eskiaren artean ahalik eta transferentziarik onena lortzea eta abiadura oso handiak jasatea baitute helburu.;;;;new;noun_integrated_pl;Alpetar eski
eu;pixelak;Bestalde, aplikazio grafiko askok paralelotasun maila handia dute berez, haien kalkulu-unitate nagusiak (erpinak eta pixelak) guztiz independenteak baitira.;;;;new;noun_integrated_pl;Grafikoak prozesatzeko unitate
eu;scroll;Korritze-barra informatikan erabiltzen diren zenbait kontrol grafiko sistemei esaten zaie, scroll edo korritze ariketa egiteko balio dutenak.;;;;new;noun_raw;Korritze-barra
eu;usera;Almendrales, Espainiako Madril hiriburuko auzo bat da, Usera barrutian.;;;;new;noun_integrated_sg;Almendrales
eu;hakak;2005ekoa, FC Hakak irabazitako azkeneko txapelketa izan da .;;;;new;noun_integrated_pl;FC Haka Valkeakoski
eu;pixela;Joera hori antzekoa da herrialde gehienetan, ohiko kamuflaje basoa edo pixela erabiliz, nahiz eta kamuflajearen kolorea eta beste elementu batzuk aldatzen doazen herrialde batek bere soldaduak erabiliko lituzkeen geografiaren arabera, hau da, herrialde batek defentsa nazionaleko politika disuasiboa edo ofentsiboa duen (herrialdea bere arerioa erasotzen duena izango den edo soilik defendatuko den).;;;;new;noun_integrated_sg;Uniforme militar
eu;taga;Taga, graffitilarien ezizena erabiltzen duen sinadura da.;;;;new;noun_integrated_sg;Tag
eu;appa;2022an Appa Hi!, hika ikasteko Oñatin sortu zuen aplikaziorako marrazkiak egin zituen.;;;;new;noun_integrated_sg;Mirari Sagarzazu
eu;software;Software librearen lau askatasunak, software librearen erabiltzaileen lau eskubideak Softwarea librea dela esan ohi da hurrengo lau eskubide hauek betetzen dituenean:  helburua edozein dela ere exekutatu ahal izatea (pribatua, hezkuntza, publikoa, komertziala, eta abar).;;;;new;noun_raw;Software libre
eu;reset;"Reset (R): linea hau aktibatzeak biegonkorraren irteera zuzena (Q) maila baxuan jartzen du; hau da, 0 balioa ematen dio.";;;;new;noun_raw;Biegonkor
eu;buga;Gaur egun Sunu Buga Buga Growing in Gambia erakundearekin kolaboratzen jarraitzen du.;;;;new;noun_integrated_sg;Yerai Diaz Ikaran
eu;trolla;Kanpo estekak Trollmoon - Eskandinaviar Trolla Arte eta Folklorean (Ingelesez) Trollei buruzko artikulu eta kontakizunak dituen Norvegiako webgunea (Ingelesez);;;;new;noun_integrated_sg;Troll
eu;appak;APPak erabilgarria izateari uzten dionean, eta degradatu eta birziklatu behar denean, alfa sekretasa eta gamma sekretasa entzimek mozten dute.;;;;new;noun_integrated_pl;LRP3
eu;tuita;Tuita fosfato motako minerala da eta whitlockita taldearen kidea da.;;;;new;noun_integrated_sg;Tuita
eu;spoiler;"2019ko abenduan ""Spoiler Re-play"" kaleratu zuen, bere lehen diskoaren edizio berezi bat.";;;;new;noun_raw;Aitana Ocaña
eu;linka;Love & Death estatubatuar telesail dramatikoa da, Lesli Linka Glatterrek eta Clark Johnsonek HBO Maxerako sortua.;;;;new;noun_integrated_sg;Love & Death
eu;chat;"Txat hitzak (Ingeleseko to chat aditzetik eratorria) ""berbatan/hizketan ari"" esan nahi du.";;;;new;noun_raw;Txat
eu;interface;API (inglelesez application programming interface - aplikazioak programatzeko interfazea) software funtzioak edo metodoak (objektuei orientatutako programazioari baderitzogu) multzoa da, beste software mailei liburutegi bezala erabiltzeko.;;;;new;noun_raw;API
eu;download;Lan egiteko dituen erak download & delete (jaitsi eta ezabatu) eta download & keep (jaitsi eta mantendu) dira.;;;;new;noun_raw;POP
eu;klikatzen;Ezpainetako herpesa honela iragar daiteke kaltetutako eremuan:  Inurridura Azkura Erretzen Klikatzen Tentsio-sentsazioa Hoztea Larruazala gorritzea Gongoil linfatikoen hantura Hasierako infekzioan, sintoma ez-espezifikoak ere ager daitezke, hala nola sukarra, nekea, nerbio-minak edo zefaleak.;;;;new;verb_habitual;Ezpain herpes
eu;bug;Hegoaldeko Bug ibaiaren batez besteko emariak (m³/s) Aleksandrovkan (Ukraina) neurtuakDatuak: 1965 eta 1984 artean  Erreferentziak   == Kanpo estekak ==;;;;new;noun_raw;Hegoaldeko Bug
eu;like;Marilyn Monroek, Some Like It Hot filmean Wilder eta Lemonekin lan egin ostean, The Apartment-en ere agertu nahi izan zuen, baina azkenean ez zuen beretzako paperik eskuratu ahal izan.;;;;new;noun_raw;The Apartment
eu;post;Indie rocka nahiz indie popa Eskoziako Orange Juice eta Aztec Camera bezalako post punk taldeetatik garatu zen, shambling gitarrak eta letra zorrotzak erabiliz.;;;;new;noun_raw;Rock alternatibo
eu;haka;Haka zeremonia- edo erronka-dantza maoria da.;;;;new;noun_integrated_sg;Haka
eu;tweet;Inteleraz sweetie (gozoa) eta tweet (txio) hitzen nahasketa bat da.;;;;new;noun_raw;Tweety
eu;update;2017ko irailaren 20an, Better Together Update eguneratzeari esker, Bedrock Edizioa Xbox One, Windows 10 eta plataforma mugikorrak erabiliz modu gurutzatuan jokatzeko aukera eskaini zen.;;;;new;noun_raw;Minecraft
eu;hack;Margherita Hack racconta Tolomeo e Copernico.;;;;new;noun_raw;Margherita Hack
eu;formata;Bracciolini letra kaligrafiko lettera antica formata edo humanistikoa-ren sortzaile nagusitzat hartzen da, notario gisa eta Aita Santuaren idazkaritzaren bidez hedatu zuena eta XV.;;;;new;noun_integrated_sg;Gian Francesco Poggio Bracciolini
eu;user;NetBEUI (NetBIOS Extended User Interface) Microsoft Windows-eko Lan Manager eta Windows 95 sistema eragiletan sareak osatzeko sare geruzako protokolo soila da.;;;;new;noun_raw;NetBEUI
eu;formatatu;Anje Duhalde, El fuego taldeko bateria-jolea: “Ez naiz produktu formatatu bat” Elkarrizketa Argia astekarian (2007-04-22);;;;new;verb_morph_integrated;Anje Duhalde
eu;scan;"1080 zenbakiak bereizmen bertikalean dauden 1080 lerroak adierazten ditu, aldiz, p hizkiak progressive scan (""eskaneatze progresiboa"") ingelesezko izendapenaren laburdura da.";;;;new;noun_raw;1080p
eu;bot;Bot Kataluniako udalerria da, Terra Alta eskualdean eta Tarragonako probintzian kokatua.;;;;new;noun_raw;Bot (Katalunia)
eu;hardwareak;Bi kasuetan, hardwareak beste operatze sistema batzuen funtzionamendua ahalbidetzen du: egungo Macak, PCak bezala, Linux, FreeBSD eta Windows bezalako operatze sistemak onartzen ditu (azkena, Applen Boot Camp softwarea edo Parallels Desktop edo VMWare Fusion bezalako beste birtualizazio software batzuei esker).;;;;new;noun_integrated_pl;Macintosh
el;λιδοκαΐνη;Η λιδοκαΐνη είναι αντιαρρυθμικό φάρμακο του τύπου κατηγορίας Ib.;;;;established;wiktionary_en;Λιδοκαΐνη
el;παντζούρι;Προσφέρουν μεγάλη ασφάλεια και καλή μόνωση, ενώ μπορούν να δεχτούν τζάμι, παντζούρι ή ρολό.;;;;established;wiktionary_fr;Κούφωμα
el;βιτρίνα;Ο Αλήτης συμβαίνει να βρίσκεται δίπλα στο μαγαζί, όταν το κορίτσι τακτοποιεί λουλούδια στη βιτρίνα.;;;;established;wiktionary_fr;Τα Φώτα της Πόλης
el;ψυχολόγος;Καθώς η επιστήμη της Ψυχολογίας δεν είναι ένα ενιαίο αντικείμενο αλλά διακρίνεται σε επιμέρους κλάδους, ένας ψυχολόγος ο οποίος έχει ολοκληρώσει μεταπτυχιακή εκπαίδευση συνήθως χαρακτηρίζεται βάσει της ειδικότητας στην οποία εκπαιδεύτηκε όπως για παράδειγμα κλινικός ψυχολόγος, σχολικός ψυχολόγος, συμβουλευτικός ψυχολόγος (βλ.;;;;established;wiktionary_fr;Ψυχολόγος
el;Τζόνσον;Ωστόσο η Κάλλας απέρριψε την πρόταση, θεωρώντας τον σωματότυπο που είχε ασύμβατο με την εικόνα της Μπατερφλάι και αρνούμενη να ερμηνεύσει όπερα στα αγγλικά όπως ζήτησε περαιτέρω ο Τζόνσον.;;;;established;wiktionary_en;Μαρία Κάλλας
el;Τάιλερ;Ο Τάιλερ ανέλαβε τα καθήκοντα ως Πρόεδρος στις 6 Απριλίου 1841.;;;;established;wiktionary_en;Τζον Τάιλερ
el;Οσμάν;Πριν από αυτό η φυλή/δυναστεία ήταν γνωστή ως Σογούτ, αλλά μετονομάστηκε σε Οσμανλί (Οσμανίδες ή Οσμανλίδες στην Ελληνική γλώσσα) προς τιμή του Οσμάν Α΄.;;;;established;wiktionary_fr;Οθωμανική Δυναστεία
el;Τζέιμς;Η φώκια ουέντελ, «αληθινή φώκια», που ονομάστηκε προς τιμήν του Σερ Τζέιμς Ουέντελ, διοικητή βρετανικών αποστολών κυνηγιού φώκιας στη Θάλασσα Ουέντελ.;;;;established;wiktionary_en;Ανταρκτική
el;ρεπορτάζ;Σύμφωνα με το κληροδότημα προβλέπονται οκτώ βραβεία που απονέμονται σε κατηγορίες που σχετίζονται με τη δημοσιογραφία, (καλύτερου ρεπορτάζ, άρθρου, γελοιογραφίας κ.ά.) καθώς και τέσσερα για τις τέχνες και τα γράμματα.;;;;established;wiktionary_fr;Βραβείο Πούλιτζερ
el;τζουτζές;2010 - στο συνοδευτικό CD της τελευταίας ποιητικής συλλογής του Αργύρη Χιόνη Ό,τι Περιγράφω με Περιγράφει, μελοποιεί το ποίημα «Τζουτζές» με ερμηνευτή τον Χρήστο Θηβαίο.;;;;established;wiktionary_tr;Νίκος Ζούδιαρης
el;παμπ;Albans) κατέχει το παγκόσμιο ρεκόρ Γκίνες, ως η αρχαιότερη παμπ στην Αγγλία, χρονολογούμενη από τον 11ο αιώνα.;;;;established;wiktionary_en;Παμπ
el;ουλάνος;Οι στίχοι υπάρχουν σε διάφορες εκδοχές για μια Ουκρανή κοπέλα στην οποία ο αρραβωνιαστικός της, ένας Κοζάκος ή ένας Ουλάνος, την αποχαιρετά για τελευταία φορά.;;;;established;wiktionary_fr;Hej Sokoły
el;δρύπη;Δρύπη ονομάζεται κάθε σαρκώδης καρπός, ο οποίος έχει υμενώδες εξωκάρπιο, σαρκώδες μεσοκάρπιο και ξυλώδες ενδοκάρπιο (το οποίο περιέχει συνήθως ένα σπέρμα).;;;;established;wiktionary_fr;Δρύπη
el;καυστικός;Η χλωρή ξυλεία ασακού περιέχει κάποια ποσότητα από τον γαλακτώδη οπό (χυμό) του δέντρου, που είναι τοξικός και καυστικός, με τον οποίο οι Καραΐβοι δηλητηριάζουν τα κυνηγετικά βέλη τους (λέγεται ότι και οι Ινδιάνοι της Ν.;;;;established;wiktionary_fr;Ασακού
el;ρακούν;Τα κοάτι έχουν πατούσες σαν της αρκούδας- και του ρακούν, και τα κοάτι, τα ρακούν, και οι αρκούδες είναι πελματοβάμονα (περπατούν στα πέλματα των ποδιών, όπως οι άνθρωποι).;;;;established;wiktionary_en;Κοάτι
el;μπαράζ;Την περίοδο 1956-57 τερμάτισε στην πρώτη θέση του ομίλου της και έδωσε αγώνες μπαράζ με τον πρωταθλητή του άλλου ομίλου, Απόλλων Λεμεσού.;;;;established;wiktionary_fr;Αλκή Λάρνακας
el;μοβ;Στην Ευρώπη η καλλιέργεια του ξεκίνησε το 13ο αιώνα και ήταν χρώματος μοβ, εξαιτίας κάποιων χρωστικών που περιείχε.;;;;established;wiktionary_fr;Καρότο
el;πορτμπαγκάζ;Εκεί τον έβαλαν στο πορτμπαγκάζ ενός κόκκινου Renault και, αφού τον σκέπασαν με ένα κόκκινο σεντόνι, ο Μορέτι πυροβόλησε τον Μόρο με ένα Βάλτερ 9 χιλ.;;;;established;wiktionary_fr;Απαγωγή και δολοφονία του Άλντο Μόρο
el;σεζόν;Στην Ιταλία, Σεραφίν και Μενεγκίνι Το 1946, η Κάλλας αναμενόταν να εκκινήσει τη σεζόν της Όπερας του Σικάγου πρωταγωνιστώντας στην όπερα Τουραντότ του Πουτσίνι, εντούτοις η συμφωνία ακυρώθηκε εξαιτίας ενός οικονομικού προβλήματος.;;;;established;wiktionary_fr;Μαρία Κάλλας
el;φιλοτελιστής;Γεώργιος Παπαστεφάνου (φιλοτελιστής) (1890-1978), Έλληνας φιλοτελιστής και δωρητής.;;;;established;wiktionary_fr;Παπαστεφάνου (αποσαφήνιση)
el;γκρελίνη;Από τότε που ανακαλύφθηκε έχουν μελετηθεί η λεπτίνη, η γκρελίνη, η ινσουλίνη, η ορεξίνη, η εντερική ορμόνη PYY 3-36, η χοληκυστοκινίνη, η αδιπονεκτίνη, καθώς και πολλοί άλλοι μεσολαβητές.;;;;established;wiktionary_en;Παχυσαρκία
el;μετεωρολογικός;Μετεωρολογικός σταθμός Από το 2016 το Χαροκόπειο Πανεπιστήμιο διατηρεί σταθμό του Παγκόσμιου Μετεωρολογικού Οργανισμού σε συνεργασία με το Εθνικό Αστεροσκοπείο Αθηνών.;;;;established;wiktionary_fr;Χαροκόπειο Πανεπιστήμιο
el;ζέμπρα;Τον Σεπτέμβριο του 2022 κυκλοφόρησε σε περιορισμένο αριθμό αντιτύπων το CD Γενέθλια Ζέμπρα (Ποίηση-απαγγελία: Χρήστος Μαρκίδης / Μουσική-επεξεργασία ήχου: Γιάννης Μουρτζόπουλος).;;;;established;wiktionary_fr;Χρήστος Μαρκίδης
el;βιζόν;Το ευρωπαϊκό βιζόν συναντάται κυρίως στη Ρουμανία, στη Φινλανδία και τη Ρωσία, όπου ζει κοντά σε έλη, λίμνες και ποτάμια, σε δάση με πλούσια βλάστηση.;;;;established;wiktionary_fr;Βιζόν
el;Μάρτιν;Ο Μάρτιν βρίσκει ένα είδος ποίησης στον συνηθισμένο άνθρωπο.;;;;established;wiktionary_en;Sherlock (τηλεοπτική σειρά)
el;αουτσάιντερ;"Νωρίτερα ο ΠΑΟΚ είχε αποκλείσει διαδοχικά τους Ολυμπιακό, ΑΕΚ και Άρη πριν αποκλειστεί από τον συμπολίτη του Ηρακλή, ενώ και με τον αποκλεισμό του Παναθηναϊκού στον Β' γύρο από τον ΠΑΣ Γιάννινα, στην ουσία άνοιξε ο δρόμος προς τις 2 ομάδες - ""αουτσάιντερ"" να φτάσουν ως τον τελικό του κυπέλλου.";;;;established;wiktionary_en;Κύπελλο Ελλάδος ποδοσφαίρου ανδρών 1979-80
el;ιμπεριαλισμός;Ο ιμπεριαλισμός (γνωστός και ως επεκτατισμός) αποτελεί πολιτική επέκτασης του ελέγχου ή της εξουσίας που ασκείται σε ξένες οντότητες ως μέσο απόκτησης και/ή διατήρησης μιας αυτοκρατορίας.;;;;established;wiktionary_fr;Ιμπεριαλισμός
el;σαντιγύ;Παραδοσιακά, ένα mille-feuille αποτελείται από τρία στρώματα σφολιάτας (pâte feuilletée), που εναλλάσσονται με δύο στρώσεις κρέμας ζαχαροπλαστικής (crème pâtissière) ή σαντιγύ.;;;;established;wiktionary_fr;Μιλφέιγ
el;καμπάνια;Το 2009, ξεκίνησε την καριέρα της ως μοντέλο συμμετέχοντας στη Φθινοπωρινή/Χειμωνιάτικη καμπάνια του οίκου μόδας Burberry.;;;;established;wiktionary_fr;Έμα Γουάτσον
el;μάσκα;Στις 3 Ιουνίου 2002, ένα 17χρονο αγόρι παρέσυρε τη φίλη του, την 15χρονη Άλις Μποπέρ, μακριά από το σπίτι των γονιών της στο Σεντ-Σεμπαστιέν-σιρ-Λουάρ της Γαλλίας και τη μαχαίρωσε 42 φορές ενώ φορούσε τη μάσκα του Ghostface.;;;;established;wiktionary_fr;Scream (ταινία, 1996)
el;ηλεκτρικός;Ο εκφορτισμένος ηλεκτρικός συσσωρευτής φορτίζεται όταν περάσει από αυτόν συνεχές ρεύμα από άλλη πηγή, ενώ ταυτόχρονα στον ηλεκτρικό συσσωρευτή γίνονται αντίστροφες χημικές διεργασίες, με τις οποίες η ηλεκτρική ενέργεια μετατρέπεται σε χημική.;;;;established;wiktionary_fr;Ηλεκτρική μπαταρία
el;μάρκετινγκ;Από την άποψη της Διαχείρισης και της Ηγεσίας, καλύπτει επίσης τομείς που περιλαμβάνουν διαχείριση κτιρίων γραφείων, Λογιστική, Χρηματοοικονομικά, Σχεδιασμός, Διοίκηση και Διαχείριση Έργου, Τεχνολογία πληροφοριών, Έρευνα και Ανάπτυξη, Μάρκετινγκ κ.ά.;;;;established;wiktionary_en;Διοίκηση Επιχειρήσεων
el;Αλαμπάμα;μέχρι το 1600 μ.Χ., με ένα από τα μεγάλα κέντρα του στον Αρχαιολογικό Χώρο της Μάουντβιλ στη Μάουντβιλ, Αλαμπάμα.;;;;established;wiktionary_en;Αλαμπάμα
el;κέικς;"Η επιχείρηση Vegetarian ήταν πλήρως έτοιμη για ανάπτυξη την άνοιξη του 1944 και καταστρώθηκαν σχέδια για τη ριψη των ""κέικς"" το καλοκαίρι, όταν τα βοοειδή στη Γερμανία θα βοσκούσαν ελεύθερα στους αγρούς.";;;;established;wiktionary_en;Επιχείρηση Vegeterian
el;εστραγκόν;Το εστραγκόν είναι η κύρια αρωματική συστατική ουσία της σάλτσας Μπερνέζ (Béarnaise sauce).;;;;established;wiktionary_fr;Αρτεμισία η δρακόντειος
el;ορτανσία;Η ορτανσία είναι δικοτυλήδονο φυτό, που ανήκει στην οικογένεια υδραγγειοειδή (Hydrangeaceae).;;;;established;wiktionary_fr;Ορτανσία
el;μεγαλομανία;Σύμφωνα με τον Γιουνγκ, περιγράφει έναν τύπο νεύρωσης κατά τον οποίο το άτομο χαρακτηρίζεται από εγωιστική μεγαλομανία.;;;;established;wiktionary_fr;Σύμπλεγμα του Ιεχωβά
el;Σιέρα Λεόνε;Λόγω της συνεισφοράς των μπανγκλαντεσιανών κυανόκρανων του ΟΗΕ στην αποστολή του ΟΗΕ στη Σιέρα Λεόνε κατά τη διάρκεια του εμφυλίου πολέμου στη χώρα, ο Αχμάντ Τετζάν Καμπά όρισε τη βεγγαλική γλώσσα ως επίτιμη επίσημη γλώσσα της χώρας τον Δεκέμβριο του 2002.;;;;established;wiktionary_en;Σιέρα Λεόνε
el;μακιγιάζ;Σύμφωνα με τους κανονισμούς, μακιγιάζ είναι η οποιαδήποτε αλλαγή στην εμφάνιση του ηθοποιού είτε με καλλυντικά είτε με προσθετικά υλικά όπως περούκες.;;;;established;wiktionary_fr;Όσκαρ Καλύτερου Μακιγιάζ και Κομμώσεων
el;αθεϊστής;Ο Τζωρτζ Σμιθ, ένας εξέχων αθεϊστής συγγραφέας, ισχυρίζεται ότι ολόκληρος ο αγνωστικισμός είναι μια μορφή αθεϊσμού (που ορίζεται εδώ ως έλλειψη πίστης σε μια θεότητα) (βλ.: Αθεϊσμός, η Υπόθεση Κατά του Θεού (Atheism, The Case Against God), του Τζωρτζ Χ.;;;;established;wiktionary_fr;Αγνωστικισμός
el;αλά;"Για πρώτη φορά σοκολάτα σε στερεά μορφή παρασκεύασε το παραδοσιακό μαγαζί του Λονδίνου ""Ο Μύλος του Καφέ"", που το 1674 παρουσίασε σοκολατένια ραβδάκια ""αλά ισπανικά"" και ένα γλύκισμα σοκολάτας σε συμπαγή μορφή.";;;;established;wiktionary_fr;Σοκολάτα
el;παρμπρίζ;Το παρμπρίζ (γαλλικά: pare-brise‎‎) ή ανεμοθώρακας ενός αεροπλάνου, αυτοκινήτου, λεωφορείου, φορτηγού ή τρένου είναι το εμπρόσθιο κρύσταλλο.;;;;established;wiktionary_fr;Παρμπρίζ
el;ροζ;Ροζ(έ) πιπέρι και άλλα φυτά που χρησιμοποιούνται ως πιπέρι Το ροζ(έ) πιπέρι σε σχέση με το Πέπερι το μέλαν (Piper nigrum), διακρίνεται από τους πιο κοινούς αποξηραμένους «κόκκους ροζ(έ) πιπεριού», που στην πραγματικότητα είναι οι καρποί του φυτού από μια διαφορετική οικογένεια, του Περουβιανού πιπερόδεντρου, Σχίνος ο μαλακός ή Σχίνος ο μόλλειος (Schinus molle) ή του συγγενικού του, Βραζιλιάνικου πιπερόδεντρου, Σχίνος ο τερεβινθόφυλλος (Schinus terebinthifolius).;;;;established;wiktionary_fr;Πέπερι το μέλαν
el;τακτ;Ονομασία Η ονομασία Τακτελκαλέ (ή Τακτ-ελ-καλέ) προέρχεται από την τούρκικη γλώσσα.;;;;established;wiktionary_fr;Τακτελκαλέ (συνοικία Λευκωσίας)
el;ψυχίατρος;Ένας ψυχίατρος ειδικεύεται στη διάγνωση, στη θεραπεία και στην πρόληψη των ψυχικών διαταραχών.;;;;established;wiktionary_fr;Ψυχίατρος
el;πρίζα;230V, 400V) Έτσι, στο ηλεκτρικό κύκλωμα της συσκευής η πρίζα έχει το ρόλο της πηγής.;;;;established;wiktionary_fr;Πρίζα
el;απλολογία;Απλολογία είναι η αποκοπή ολόκληρης συλλαβής όταν δύο γειτονικές συλλαβές είναι ίδιες ή πολύ όμοιες: τραγι(κο)κωμωδία, αστρ(απ)οπελέκι, (δι)δάσκαλος.;;;;established;wiktionary_fr;Φθογγικές μεταβολές
el;Καμερούν;Ο Πρόεδρος του Καμερούν έχει ευρείες εξουσίες που του επιτρέπουν να διαμορφώνει πολιτική, να διοικεί τις κυβερνητικές υπηρεσίες και τις ένοπλες δυνάμεις, να διαπραγματεύεται και να επικυρώνει συνθήκες καθώς και να κηρύσσει κατάσταση έκτακτης ανάγκης.;;;;established;wiktionary_fr;Καμερούν
el;Ντέλαγουερ;Προηγουμένως, υπηρέτησε ως γερουσιαστής των Ηνωμένων Πολιτειών για την πολιτεία του Ντέλαγουερ, από τις 3 Ιανουαρίου 1973 και μέχρι την παραίτησή του στις 15 Ιανουαρίου 2009, λόγω της τότε επικείμενης εκλογής του στην Αντιπροεδρία.;;;;established;wiktionary_en;Τζο Μπάιντεν
el;βενζίνη;Χρήσεις Χρησιμοποιείται ως καύσιμο υλικό (βενζίνη αυτοκινήτων, αεροσκαφών κλπ.) στη βιομηχανία για την κατεργασία των υφαντικών ινών, για τις απολιπάνσεις, για την παρασκευή κόλλας με βάση το καουτσούκ κ.ά.;;;;established;wiktionary_fr;Βενζίνη
el;app;Τον Ιανουάριο του 2013, το App Store περιείχε περισσότερο από 775.000 εφαρμογές iOS, 300.000 από τις οποίες ήταν συμβατές για iPad.;;;;new;cs_latin_raw;IOS
el;έκανε check;Αφού πέρασε το τεστ νηφαλιότητας, έκανε check in στο μοτέλ La Mesa στη Σάντα Ρόζα του Νέου Μεξικού.;;;;new;verb_light_latin;Τζιμ Σάλιβαν (μουσικός)
el;scan;Ο αλγόριθμος SCAN ονομάζεται επίσης και αλγόριθμος ανελκυστήρα γιατί η κίνηση του βραχίονα μοιάζει με αυτή  ενός ανελκυστήρα εξυπηρετώντας πρώτα όλες τις αιτήσεις προς μια κατεύθυνση και έπειτα τις αιτήσεις της άλλης κατεύθυνσης.;;;;new;cs_latin_raw;Αλγόριθμος SCAN
el;forward;Η Ελληνική μετάφραση του small forward είναι μικρός προωθημένος.;;;;new;cs_latin_raw;Σμολ φόργουορντ
el;spam;"Το Usenet έχει σημαντική πολιτιστική σημασία στον δικτυωμένο κόσμο, καθώς έχει δημιουργήσει ή και διαδώσει πολλές ευρέως αναγνωρισμένες έννοιες και όρους όπως οι ""FAQ"", ""flame"" και ""spam"".";;;;new;cs_latin_raw;Usenet
el;κάνει log;Κάθε φορά που ο χρήστης προσπαθεί να κάνει log-in στον λογαριασμό του, όταν του ζητηθεί το security key αυτός πιέζει το κουμπί πάνω στη συσκευή και γράφει στη σελίδα τον εξαψήφιο κωδικό που του εμφανίστηκε στην οθόνη της συσκευής.;;;;new;verb_light_latin;PayPal
el;hardware;"Όμως στις 11 Ιουλίου 2005 η Apple ανακοίνωσε ότι ""τα χαρακτηριστικά που θα προστεθούν στο Cocoa μετά το Mac OS X v10.4 δεν θα προστεθούν στο Cocoa-Java API""  Υλικό (Hardware) Στις αρχές του Mac OS X, υποστηρίζονταν όλες οι αρχιτεκτονικές των τότε Macintosh υπολογιστών (φορητών, επιτραπέζιων και διακομιστών) που βασίζονταν σε επεξεργαστές PowerPC G3, G4 και G5.";;;;new;cs_latin_raw;MacOS
el;στριμ;Ο νομικός σύμβουλος του Νορντ Στριμ ήταν η αμερικανική εταιρεία White Case και νομικός σύμβουλος για τους δανειστές ήταν η εταιρεία Clifford Chance.;;;;new;noun_transliterated;Νορντ Στριμ
el;χακαρισμένος;Αργότερα, δήλωσε ότι ο λογαριασμός του ήταν χακαρισμένος και αρνήθηκε την ανακοίνωση.;;;;new;verb_participle;Westlife
el;pixel;Στην Ελλάδα το Google Pixel και το Google Pixel XL μπορούν να αγοραστούν μέσω του καταστήματος Πλαίσιο και άλλων.;;;;new;cs_latin_raw;Google Pixel
el;online;Έγκυρη online ενημέρωση σχετικά με την επιδημία του HIV/AIDS από το 2002.;;;;new;cs_latin_raw;AIDS
el;κλικ;"Για να σύρετε, αντί να εκτελέσετε την τεχνική ""κλικ και μισό"", ο χρήστης πιέζει προς τα κάτω ενώ βρίσκεται στο αντικείμενο, σέρνει χωρίς να απελευθερώσει πίεση και αφήνει να πάει όταν τελειώσει.";;;;new;noun_transliterated;Touchpad
el;σπόιλερ;Η εντυπωσιακή για μικρομεσαίο μοντέλο της κατηγορίας C αεροδυναμική, επετεύχθη και λόγω της μεγάλης προσοχής που δόθηκε σε κάποιες λεπτομέρειες, όπως στη δυναμική ροή του αέρα γύρω από τους τροχούς, στη μπροστινή γρίλια, στην πίσω πόρτα, στα πλευρικά σπόιλερ και στη διαμόρφωση του κάτω μέρους του πατώματος.;;;;new;noun_transliterated;Mercedes-Benz W176
el;μποτ;Στο νησί υπάρχουν τέσσερα χωριά: το Μεγαλοχώρι ή Μύλος (χώρα του νησιού), η Σκάλα (το φυσικό λιμάνι όπου προσεγγίζουν τα φέρι μποτ από Πειραιά/Αίγινα), τα Λιμενάρια και το Μετόχι.;;;;new;noun_transliterated;Αγκίστρι (νησί)
el;φόργουορντ;Πάουερ φόργουορντ (αγγλικά: power forward‎‎) ονομάζεται ο αθλητής που αγωνίζεται σε μια από τις 5 παραδοσιακές θέσεις στην ομάδα μπάσκετ.;;;;new;noun_transliterated;Πάουερ φόργουορντ (καλαθοσφαίριση)
el;τουίτ;Ομοίως και ο Ντόκινς έχει δηλώσει πως «ο Iσλαμισμός είναι η μεγαλύτερη δύναμη του κακού σήμερα», ενώ σε τουίτ του δήλωσε πως ο δημοσιογράφος Mehdi Hassan δεν μπορεί να είναι δημοσιογράφος επειδή είναι Mουσουλμάνος.;;;;new;noun_transliterated;Νέος αθεϊσμός
el;λινκ;Δισκογραφία Singles Παραπομπές   == Επιπλέον λινκ ==;;;;new;noun_transliterated;Ράσμουσεν (τραγουδιστής)
el;click;Ως εκ τούτου, το κανάλι δεν μεταδίδεται απευθείας στο Ηνωμένο Βασίλειο, αν και επιλεγμένα προγράμματα και δελτία έχουν μεταφερθεί στο ομότιτλο εγχώριο κανάλι (ειδικά στη νυχτερινή ζώνη) και αντίστροφα (συμπεριλαμβανομένων των εκπομπών Click και HARDtalk, της έκτακτης επικαιρότητας αλλά και διάφορων ειδικών εκδηλώσεων που διεξάγονται στη χώρα).;;;;new;cs_latin_raw;BBC News (διεθνές τηλεοπτικό κανάλι)
el;software;Free Software Project Management HOWTO Software Release Decisions A Methodology to Support Software Release Decisions Software Testing Life Cycle Αρχειοθετήθηκε 2011-05-24 στο Wayback Machine.;;;;new;cs_latin_raw;Κύκλος ζωής έκδοσης λογισμικού
el;μπαν;Μεταξύ του 1670 και της επανάστασης του 1848 υπήρξαν μόνο δύο μπαν Κροατικής εθνικότητας.;;;;new;noun_transliterated;Κροάτες
el;chat;Επίσης αρκετά αργότερα δημιουργήθηκε και ο chat.mad.gr που ανήκει στο τηλεοπτικό μουσικό κανάλι MAD.;;;;new;cs_latin_raw;Internet Relay Chat
el;κάνει post;Μετεκπαιδεύτηκε στο Πανεπιστήμιο του Delf της Ολλανδίας καθώς και στο Michigan State University των ΗΠΑ από το οποίο εκλήθη ως υπότροφος ερευνητής (Research Scholar), όπου του εζητήθη να παραμείνει για να κάνει post doc  και του προσφέρθηκε η θέση του αναπληρωτή καθηγητή.;;;;new;verb_light_latin;Κωνσταντίνος Τζανακούλης
el;πίξελ;Στην περίπτωση, όμως, που προβάλλεται μία εικόνα διαστάσεων 800x600 πίξελ σε οθόνη ανάλυσης 1280x1024 πίξελ, δεν υπάρχει ακριβής αντιστοιχία εικονοστοιχείου προς εικονοστοιχείο.;;;;new;noun_transliterated;Εικονοστοιχείο
el;ποστ;Άλλοι καλλιτέχνες συνέχισαν να ξεχωρίζουν από τη μάζα των λιγότερο γνωστών καλλιτεχνών: Οι τελευταίες και πολύ απλές νεκρές φύσεις του Άντριεν Κοόρτε (Adriaen Coorte) στα 1950 και των τοπιογράφων Γιάκομπους Μανκάνταν (Jacobus Mancadan) και Φρανς Ποστ νωρίτερα.;;;;new;noun_transliterated;Ζωγραφική της ολλανδικής Χρυσής Εποχής
el;format;DualDisc ISO9660 - Universal Disk Format Τα περισσότερα DVD είναι γραμμένα με το πρότυπο ISO9660.;;;;new;cs_latin_raw;DVD
el;post;Louis Post-Dispatch επέκρινε επίσης την ιστορία ως το πιο αδύναμο σημείο της ταινίας.;;;;new;cs_latin_raw;Ψυχρά κι Ανάποδα
el;κάνει tag;Τέτοιες απαντήσεις εμφανίζονται αν ένας χρήστης ξεκάθαρα κάνει tag το @MetaAI σε μια δημοσίευση, ή εάν μια δημοσίευση περιλαμβάνει μια ερώτηση και κανένας αλλός χρήστης δεν έχει απαντήσει σε αυτήν μέσα σε μια ώρα.;;;;new;verb_light_latin;Η Θεωρία του Νεκρού Διαδικτύου
el;κάνει check;Σημείωσε για το «ικανό χορευτικό κομμάτι», «η φωνή του Τζάκσον πετά στα ύψη σε όλη τη μελωδία, ο Έντι Βαν Χάλεν κάνει check-in με ένα solo κιθάρας, ενώ εσύ μπορείς να χτίσεις ένα συνεδριακό κέντρο στο backbeat».;;;;new;verb_light_latin;Beat It
el;κάνει stream;Είναι ικανό να κάνει stream πάνω από δίκτυα, καθώς και να επανακωδικοποιεί αρχεία πολυμέσων και να τα αποθηκεύει σε διάφορες μορφές.;;;;new;verb_light_latin;VLC media player
el;έκανε τσεκ;Αντίθετα μια άλλη υπάλληλος της ρεσεψιόν υποστήριξε ότι είδε έναν μελαχρινό άνδρα, μεταξύ 25-40 ετών, ο οποίος στεκόταν δίπλα στην Τζένιφερ είτε όταν έκανε τσεκ ιν, είτε όταν εκείνη πήγε στο γραφείο συναλλάγματος του ξενοδοχείου για να πάρει τοπικά χαρτονομίσματα το ίδιο εκείνο βράδυ της 31ης Μάϊου.;;;;new;verb_light_greek;Υπόθεση Τζένιφερ Φαιργκέιτ
el;log;Αυτό έχει ως αποτέλεσμα η διάσταση Hausdorff της δομής να είναι log(3)/log(2) ≈ 1.58.;;;;new;cs_latin_raw;Λογάριθμος
el;κάνει tweet;Τουρκία – Αν και η Τουρκική Ραδιοφωνία και Τηλεόραση (TRT) ανακοίνωσε ότι η Τουρκία δεν θα συμμετάσχει στον διαγωνισμό του 2014 για δεύτερη συνεχή χρονιά, αργότερα αναφέρθηκε ότι μια επιστροφή στο διαγωνισμό του 2015 θα μπορούσε να είναι δυνατή με τον επόπτη της Eurovision, Σίτσε Μπάκερ (Sietse Bakker), να κάνει tweet σχετικά με την πιθανότητα επιστροφής της χώρας.;;;;new;verb_light_latin;Διαγωνισμός Τραγουδιού Eurovision 2015
el;check;Σαχ (διεθνώς: check) λέγεται στο σκάκι η άμεση απειλή εναντίον του βασιλιά.;;;;new;cs_latin_raw;Σαχ
el;κλάουντ;Κλάουντ με τη Βίκι Βέιλ και τον Ρούπερτ Θόρν με το δικό του χαρακτήρα, Κάρλ Γκρίσομ.;;;;new;noun_transliterated;Μπάτμαν (ταινία, 1989)
el;stream;Η ειδικός στα πρωτεύοντα, Τζέιν Γκούνταλ (Jane Goodall), η οποία έκανε τις έρευνές τις στο Εθνικό Πάρκο Gombe Stream, παρατήρησε κοινωνίες σχάσης-σύντηξης (fission-fusion societies).;;;;new;cs_latin_raw;Πρωτεύοντα
el;κάνοντας κλικ;Καθώς το Myst αποδεικνυόταν επιτυχημένο οικονομικά, οι αδελφοί Miller άρχισαν να επεκτείνουν την ομάδα  Το παιχνίδι Το παιχνίδι παίζεται από έναν παίκτη ο οποίος μετακινείται σε ένα χώρο κάνοντας κλικ στα σημεία στα οποία θέλει να μεταβεί.;;;;new;verb_light_greek;Riven
el;tag;Σήμερα, πολλοί από τους κορυφαίους κατασκευαστές ρολογιών και χρονογράφων όπως Patek Philippe, Vacheron Constantin, Tag Heuer, IWC, Rolex, Breitling κατασκευάζουν ρολόγια από πλατίνα.;;;;new;cs_latin_raw;Λευκόχρυσος
el;σέρβερ;Ο κύριος σκοπός της Google Αναζήτησης είναι να ψάχνει για κείμενο σε δημόσια προσβάσιμα έγγραφα που παρέχονται από σέρβερ, σε αντίθεση με άλλα δεδομένα, όπως η υπηρεσία αναζήτησης Google Images.;;;;new;noun_transliterated;Αναζήτηση Google
el;bug;1947 - Καταγράφεται η πρώτη περίπτωση software bug: Μία νυχτοπεταλούδα κάθεται σ' έναν ηλεκτρονόμο ενός υπολογιστή στο Πανεπιστήμιο Χάρβαρντ.;;;;new;cs_latin_raw;9 Σεπτεμβρίου
el;κάνει κλικ;Σε άλλα χρειάζεται ο χρήστης να κάνει κλικ σε συγκεκριμένο χωρικό και χρονικό σημείο.;;;;new;verb_light_greek;Riven
el;κάνει like;Στη συνέχεια ισχυρίστηκε ότι η Minaj είχε προηγουμένως «κάνει like » σε σχόλια στα μέσα κοινωνικής δικτύωσης που μίλησαν αρνητικά για την ικανότητα της Cardi B να φροντίζει τη νεογέννητη κόρη της.;;;;new;verb_light_latin;Cardi B
el;troll;Οι Ορκάδες έχουν πλούσιες λαογραφικές παραδόσεις με πολλές από τις παλιές ιστορίες να σχετίζονται με τα τρόου (trow), μια τοπική μορφή ξωτικών (troll) που παραπέμπει στη Σκανδιναβική παράδοση των νησιών.;;;;new;cs_latin_raw;Ορκάδες
el;interface;Τα δύο τελευταία εργαλεία (Project Builder και Interface Builder) σήμερα είναι συγχωνευμένα σε μία εφαρμογή, το Xcode.;;;;new;cs_latin_raw;Objective-C
el;cloud;Ο Zack, όντας σε καλύτερη κατάσταση, πήρε τον Cloud και προσπάθησε να δραπετεύσει, αλλά, τελικά, σκοτώθηκε από τους στρατιώτες της Shinra.;;;;new;cs_latin_raw;Final Fantasy VII
el;user;Στα λειτουργικά συστήματα τύπου Unix η έξοδος της εντολής διαφέρει λίγο σε σχέση με τα περιεχόμενα της μεταβλητής $USER γιατί η whoami εμφανίζει το όνομα με το οποίο ο χρήστης δουλεύει ενώ η $USER εμφανίζει το όνομα με το οποίο ο χρήστης εισήλθε στο σύστημα.;;;;new;cs_latin_raw;Whoami
el;ban;"Kaizoku-Ban είναι ο τίτλος του ζωντανά ηχογραφημένου ΕΡ του γερμανικού metal συγκροτήματος Accept, το οποίο κυκλοφόρησε το 1985 από την ""RCA Records"" στην Ευρώπη και από την ""Portrait Records"" στην Αμερική.";;;;new;cs_latin_raw;Kaizoku-Ban
el;μπαγκ;"Το Τζαλιανβάλα Μπαγκ είναι ιστορικός κήπος και ""μνημείο εθνικής σημασίας"" στο Αμριτσάρ της Ινδίας.";;;;new;noun_transliterated;Τζαλιανβάλα Μπαγκ
el;download;Ψηφιακή λήψη (αγγλικά: Digital download) στη μουσική ονομάζεται η μεταφορά μουσικών αρχείων (άλμπουμ ή τραγουδιών μεμονωμένα) μέσω ίντερνετ σε μια ψηφιακή συσκευή που μπορεί να τα αναπαράγει.;;;;new;cs_latin_raw;Ψηφιακή λήψη
el;τρολ;Ιστότοπος με συμβουλές για την αποφυγή των Τρολ.;;;;new;noun_transliterated;Τρολ (Διαδίκτυο)
el;έκανε tweet;"Ιστορία Στις 20 Ιουλίου 2017, η Samsung έκανε tweet ένα video teaser που δείχνει μια σκοτεινή συσκευή με γραφίδα, δηλώνοντας την ημερομηνία της επόμενης εκδήλωσης ""Unpacked"" στις 23 Αυγούστου 2017.";;;;new;verb_light_latin;Samsung Galaxy Note 8
