lang;term;sentence;IS_VALID_LOAN;OTHER_LOANS;NOTES;type;source_page
ast;tiza;"Debíu a la conquista británica caltiénense un gran númberu d'anglicismos como por exemplu ""xoc"" ('tiza', n'inglés chalk; en catalán estándar ""guix"").";;;;wiktionary_es;Menorca
ast;pixeles;Tien una pantalla de 7.9 pulgaes, un procesador A5 (el mesmu que'l iPad 2), una cámara FaceTime con 1.2 Mpx (cámara fronteru), una cámara iSight con grabación de videos a 1080p de 5 Mpx (cámara trasera), teunoloxía de redes móviles 4G LTE, amás de tener equivalencia a un procesador de doble nucleu y más de 275 000 aplicaciones llistes pa descargar dende la App Store por cuenta de que tien el mesma resolución que l'iPad 2, 1024 × 768 pixeles con una densidá de 163 ppp.;;;;noun_plural_native;IPad
ast;filme;En 1985, torna a Nueva York pa rodar un filme más acorde a lo que xeneralmente s'espera d'él, una semeya de los baxos fondos neoyorquinos.;;;;wiktionary_en;Martin Scorsese
ast;cangrexu;El cangrexu de ríu (xen.;;;;wiktionary_es;Carcinus maenas
ast;tags;L'usu de la norma foi sofitáu por IETF language tags, introducíu por RFC 1766 en marzu de 1995, y siguíu por RFC 3066 en xineru de 2001 y por RFC 4646 en setiembre de 2006.;;;;noun_plural_english;ISO 639-1
ast;cucaracha;De forma escepcional la cucaracha oriental ye atraida pola lluz.;;;;wiktionary_es;Cucaracha
ast;cudiar;El so nome vien del llatín medicina: 'cudiar', 'guarir', 'alicar'.;;;;wiktionary_es;Medicina
ast;tag;Presentación previa Defensor del títulu:  Alain Prost Constructor defensor:  Mc Laren/TAG Porsche  Escuderíes y pilotos La siguiente tabla amuesa los pilotos confirmaos pal Mundial 1986 de F1, ordenaos según la clasificación del campeonatu de constructores de la temporada anterior.;;;;noun_raw;Temporada 1986 de Fórmula 1
ast;añoranza;Col intre del tiempu entamen ceremonies y comíes coleutives pa conmemorar l'asesinatu místicu, en añoranza del padre asesináu.;;;;wiktionary_es;Psicoloxía de la relixón
ast;chats;Pero nun ye sinón hasta los años ´90 cuando se desenvuelven de forma esponencial, gracies al llevantamientu de la prohibición del usu comercial d'Internet, a la nacencia de la World Wide Web (WWW) y la xeneralización de ferramientes como'l corréu electrónicu, los chats y la mensaxería instantánea.;;;;noun_plural_english;Comunidá virtual
ast;interface;Esti averamientu ye pa caltener la interface gráfica d'usuariu lo más cenciello dable, conforme coles Human Interface Guidelines.;;;;noun_raw;GParted
ast;brazalete;El brazalete lleva una resistencia de 1 MOhm, coneutada en serie pa llindar la corriente de cortucircuitu, protexendo al usuariu si tocar cualquier aparatu o componente coneutaos a la rede llétrica.;;;;wiktionary_es;Brazalete antiestáticu
ast;falda;falda vaquera, con un diseñu paecíu al de los pantalones vaqueros na so parte cimera.;;;;wiktionary_es;Falda
ast;Alexandru;C.: Alexandru Magnu funda Alexandría n'Exiptu.;;;;wiktionary_es;Sieglu IV e.C.
ast;hacks;Referencies Enllaces esternos Web oficial (n'inglés) Proyeutu phpBB en SourceForge Hacks pa phpBB Archiváu 2006-08-10 en Wayback Machine Foru de soporte n'asturianu Archiváu 2007-12-23 en Wayback Machine;;;;noun_plural_english;PhpBB
ast;hackes;Peter Hackes como Paul Moore.;;;;noun_plural_native;Broadcast News
ast;terraza;La terraza soporta un númberu impresionante de construcciones colosales, realizaes en caliar gris procedente del monte axacente.;;;;wiktionary_es;Persépolis
ast;post;Ver tamién Actuación Comedia Drama Dramatización Dramaturgos Léxicu teatral Ópera Taller de teatru Teatru d'estilu Art Déco Teatru d'estilu isabelín Teatru d'estilu italianu Teatru d'estilu post Teatru de marionetes bunraku Teatru de vanguardia Teatru del absurdu Teatru kabuki Teatru na educación Teatru Nō Traxedia Traxicomedia  Referencies Enllaces esternos Diccionario teatral Archiváu 2006-12-14 en Wayback Machine Post-Theater una revista académica especializada en teatru d'estilu post.;;;;noun_raw;Teatru
ast;xastre;Creció en Long Island col so padrastru que yera un xastre y la so madre que yera una modelu.;;;;wiktionary_es;Donna Karan
ast;escaniar;Raymond Vahan Damadian (16 de marzu de 1936, Nueva York – 3 d'agostu de 2022, Woodbury (en) ) foi un médicu, investigador médicu d'Estaos Xuníos ya inventor de la primer máquina d'escaniar por resonancia magnética nuclear (NMR).;;;;verb_morph_prescriptive;Raymond Vahan Damadian
ast;hospital;Docencia ya investigación La docencia nun hospital ye un puntu clave na formación de profesionales.;;;;wiktionary_es;Hospital
ast;güelga;"Definición de “güelga” según el Conveniu de Ramsar:  ""Una güelga ye una zona de la superficie terrestre que ta temporal o permanentemente anubierta, regulada por factores climáticos y en constante interrellación colos seres vivos que lu habiten"".";;;;wiktionary_es;Güelga
ast;hacia;Les consonantes articulaes col ápiz de la llingua curvada hacia tras escontra'l cielu la boca llámense retroflexes.;;;;wiktionary_es;Consonante palatal
ast;conciencia;El puntu de vista D claramente niega la posibilidá de comprensión científica de la conciencia.;;;;wiktionary_es;Conciencia
ast;hacha;"Obres destacaes La noche celta (1991; foi traducida al francés) El okupa (1997) El hacha de bronce (1998) Brindis de sangre (2010)  Premios Medaya de plata d'Asturies nel añu 2003.";;;;wiktionary_es;Juan Noriega
ast;piraña;Patrulla Piraña La nueva manera de Mario Kart 8 Deluxe, llamáu Patrulla Piraña, que rique'l xuegu por equipos.;;;;wiktionary_es;Mario Kart 8 Deluxe
ast;cai;L'avenida Broadway [ˈbɹɑːdweɪ] («Camín ampliu» n'asturianu) ye, xunto cola Quinta Avenida, la cai más famosa de Manhattan.;;;;wiktionary_es;Broadway
ast;reset;Parte cimeru: Atópase'l llector CD, allúguense los botones d'encendíu y apagáu y el de reinicio (reset), d'últimes ta'l botón p'abrir la tapa del llector de CD.;;;;noun_raw;PlayStation
ast;arzobispu;"L'obispu de Urgell, tamién en Cataluña (España), que de la mesma, por razón del so cargu episcopal, ye coprincipe d'Andorra, suel ser estremáu col títulu d'Arzobispu ""ad personam"", esto ye, solamente pa él y non pa la diócesis.";;;;wiktionary_es;Arzobispu
ast;planchar;Hamachi kama - quexal y pómulu d'atún de cola mariella a planchar.;;;;wiktionary_es;Gastronomía de Xapón
ast;deuda;El serviciu de la deuda esterna, que yera de 1.588 millones de dólares en 2006, consumía'l 12,2% del presupuestu del país.;;;;wiktionary_es;Albania
ast;app;"Esta foi una carauterística bien criticada nel so momentu, tal foi'l grau qu'a partir de iOS 8 yá se dexa l'usu d'Adobe Flash; sicasí los posesores d'un iPhone, iPod touch o iPad con una versión anterior a iOS 8 quedaron fora d'esto; pero d'igual forma puede añader Adobe Flash mercando un navegador especial na App Store o faciendo'l Jailbreak pa poder utilizalo en Safari (esto postreru anularía la garantía).";;;;noun_raw;IOS
ast;onlines;Iron Man 3 Adaptation Captain America: The Winter Soldier Adaptation  Comics esclusivos Iron Man: The Price of Doing Business (Non canon) Iron Man: Security Measures (Canon) The Incredible Hulk: The Big Picture (Canon) Iron Man: Limited Edition (Adautación) Iron Man: Will Onlines Evil Prevails?;;;;noun_plural_native;Universu cinematográficu de Marvel
ast;chat;N'ochobre de 2010, Skype 5.0 para Windows foi lliberada con un conxuntu de complementos y nueves funciones, ente les más importantes, la inclusión d'una pestaña de Facebook que dexa a los sos usuarios unviar mensaxes SMS, efectuar chat o llamar a los sos amigos de Facebook, direutamente del Feed de Noticies.;;;;noun_raw;Skype
ast;llevadura;Poro, emplégase en muncho procesos de formentación industrial, de mena asemeyada a la llevadura químico, por exemplu na producción de cerveza, vinu, hidromiel, pan, producción d'antibióticos, etc.;;;;wiktionary_es;Lleldu
ast;users;http://www.nlm.nih.gov/medlineplus/spanish/ency/article/000045.htm http://www.ambitoweb.com/servicios/salud/manual12.asp Archiváu 2006-08-26 en Wayback Machine http://escuela.med.puc.cl/publ/patologiageneral/Patol_049.html Archiváu 2016-05-09 en Wayback Machine http://www.salud.bioetica.org/shock.htm http://www.ctv.es/USERS/sos/aparcirc.htm#ppaashhi;;;;noun_plural_english;Hemorraxa
ast;echar;Na diabetes grave, al nun poder l'organismu echar mano de los carbohidratos pa obtener enerxía, recurre a la oxidación de les proteínes, lo qu'ocasiona un balance nitroxenáu negativu qu'aumenta l'endelgazamientu y amenorga la masa del texíu muscular.;;;;wiktionary_es;Diabetes mellitus
ast;retrete;Retrete a la turca, retrete turcu o placa turca: tratar d'un retrete ensin taza: un furacu nel pisu, con dos sitios axacentes pa sofitar los pies.;;;;wiktionary_es;Retrete
ast;pixels;En toles maneres, puede amosar hasta 128 'sprites' (pequeños oxetos móviles individuales) de 8×8 hasta 64×64 pixels en color indizáu de 4 o 8 bits.;;;;noun_plural_english;Game Boy Advance
ast;furacán;El Furacán Camille evitó condiciones de seca y terminó col déficit d'agua en gran parte del so percorríu.;;;;wiktionary_es;Ciclón tropical
ast;guai;Empléguense tamién otres armes más convencionales, como'l palu (gun), llanza (qiang), cayada (guai), espada de ganchu (gou) y la espada reuta y de doble filu (jian).;;;;wiktionary_es;Bagua
ast;paella;"Iberus gualtieranus alonensis, la baqueta o serrana, apreciadísima na Comunidá Valenciana, Rexón de Murcia y sur de Cataluña y Aragón; utilícense especialmente pa la ellaboración de la paella.";;;;wiktionary_es;Cascoxu
ast;desarrollar;Bután ye tamién un país pioneru en desarrollar el conceptu de felicidá nacional bruta.;;;;wiktionary_es;Bután
ast;haiga;Mientres los sos compañeros, guardias de casa presidencial, solíen dicir: «haiga» y «naide», Romeo escribía coses como: «sois chacales buscando un cadáver que roer».;;;;wiktionary_es;Carlos Castillo Armas
ast;lladriyu;El nome provién de les plantíes qu'utilizaben los canteros pa llabrar les piedres, y que s'utilicen pa dar la citada forma al lladriyu.;;;;wiktionary_es;Lladriyu
ast;click;Soníos click (n'alemán) Archiváu 2011-11-15 en Wayback Machine Klaus Wagner: Einführung in Phonetik und Phonologie Die Sprachen Afrikas Archiváu 2007-06-27 en Wayback Machine Gibt ye primitive Sprachen?;;;;noun_raw;Chasquíu consonánticu
ast;cerveza;Cerveza ambrée (Dorao) Cerveza blanco o de trigu Bière blanche.;;;;wiktionary_es;Cerveza
ast;botes;Anque la mayoría de los xugadores empleguen un tipu de calzáu específico denomináu, ente otres maneres, «botes de fútbol», les regles nun especifiquen que tengan tacos.;;;;noun_plural_native;Equipamientu de los futbolistes
ast;rodiya;El “fouetté bas” (circular cola rodiya) correspuéndese aproximao col low-kick circular de les otres disciplines.;;;;wiktionary_es;Patada baxa
ast;tractor;Munchos tractores fornen dende va años un sistema de diagnósticu de Bus Can, ye dicir un sistema de dos cables que percuerren tol tractor(can hi y can low) apurriendo información de tolos sensores, potenciómetros, reguladores...;;;;wiktionary_en;Tractor
ast;log;"El términu ""blog"" vien de les pallabres ""web"" y ""log"" (Log n'inglés ye diariu).";;;;noun_raw;Blogue
ast;líder;Tres el decesu del primer líder soviéticu, Vladímir Lenin, en 1924, Josif Stalin acabó ganando la llucha pol poder y dirixió’l país a traviés d'una industrialización a gran escala con una economía centralizada y, al mesmu tiempu, con represión política.;;;;wiktionary_en;Xunión Soviética
ast;postes;Pa los partíos d'individuales, si usa una rede d'individuales, los centros de los postes de la rede tán a 0,914 m fora de cada llau de la llinia d'individuales.;;;;noun_plural_native;Tenis
ast;linkes;"Ein Seelengemälde aus dem Alterthume (1888), de Oscar Linkes; Der Kaiser (1890) del exiptólogu alemán Georg Ebers; Antinous oder die Reise eines Kaisers (1955), de Ernst Sommers; y Antinous, Geliebter!";;;;noun_plural_native;Antínoo
ast;ban;Ban dixo que'l so únicu hobby ye'l golf, pero que solo lo xuega un par de vegaes al añu.;;;;noun_raw;Ban Ki-moon
ast;tostador;Tostador de Lata Ye un aparatu que suel ocupase en cocines a gas.;;;;wiktionary_es;Tostadora
ast;Ḥawai;Almitíu el 21 d'agostu de 1959, Ḥawai foi l'estáu númberu 50 en xuntase a los Estaos Xuníos.;;;;wiktionary_en;Ḥawai
ast;escuchar;Ardèche (pronunciación en francés: /aʁdɛʃ/( escuchar), occitanu: Ardecha, francoprovenzal: Ardecha) ye un departamentu francés de la rexón d'Auvernia-Ródanu-Alpes.;;;;wiktionary_es;Ardèche
ast;abetu;idahoensis Abies concolor — Abetu del Colorado Abies concolor subsp.;;;;wiktionary_es;Abies
ast;tuits;Básicamente, trátase de tuits col patrociniu de dalguna empresa qu'apaecen como primer resultancia cuando realicemos una busca de mensaxes nel serviciu.;;;;noun_plural_english;Twitter
ast;seguridá;En munchos países escarecen de controles de seguridá y escáneres de metal, pero adulces fuéronse incorporando.;;;;wiktionary_es;Aeropuertu
ast;chates;Los xéneros Eustephia, Hieronymiella y Chlidanthus presenten granes seques, chates y discoideas.;;;;noun_plural_native;Amaryllidaceae
ast;llexos;llexos (Castellanu: lejos) (Asturianu: lloñe/llonxe) ocho dende'l Castellanu: ocho.;;;;wiktionary_es;Castellanismu (llingüística)
ast;server;Otros productos Al pie de Windows y Office, Microsoft cunta con una amplia gama de productos ente los que destaquen:  Biztalk Server: Automatización y xestión de procesos empresariales.;;;;noun_raw;Microsoft
ast;apps;Delles apps por defectu tán reescritas pa tomar ventaya de la pantalla más grande.;;;;noun_plural_english;IOS
ast;alambre;Al metal que quier convertise n'alambre dáse-y primero la forma d'una barra, y dempués endelgazar y sácase punta a unu de los estremos de la barra pa pasala socesivamente pelos distintos furacos de la filera, de mayor a menor, hasta que la barra de metal quede convertida n'alambre de la grosez deseyada.;;;;wiktionary_es;Alambre
ast;aguacate;La pallabra guacamole provién del náhuatl ahuacamolli, ‘mueyu d'aguacate'.;;;;wiktionary_es;Persea americana
ast;tages;Etimoloxía  Tagetes: nome xenéricu que provién de la mitoloxía etrusca Tages.;;;;noun_plural_native;Tagetes nelsonii
ast;updates;Distribution Atlas of Plants in the Flora Palaestina Área (Flora Palaestina part 5) Online updates: https://web.archive.org/web/20070828033350/http://flora.huji.ac.il/browse.asp?lang=en&action=showfile&fileid=14005  Australasia Flora d'Australia Flora de Nueva Zelanda series: Allan, H.H.;;;;noun_plural_native;Flora
ast;clicks;Interview mit Christa Kilian-Hatz Archiváu 2005-09-15 en Wayback Machine Exemplos de clicks na llingua !Xóõ Archiváu 2012-06-14 en Wayback Machine;;;;noun_plural_english;Chasquíu consonánticu
ast;format;BarcodeRobot Dexa xenerar códigos de barres a partir de númberos ISBN format pdf (n'inglés).;;;;noun_raw;ISBN
ast;plomu;Estudios sobre la conducta Un estudiu realizáu en mayu de 2000 pol consultor económicu Rick Nevin demostró qu'ente un 65 % y un 90 % de los crimen violentos cometíos n'Estaos Xuníos tienen como causa la esposición al plomu.;;;;wiktionary_es;Plomu
ast;pauta;Tien dataose, por datación radiocarbónica, por investigación de la pauta de deforestación y pola variabilidá del ADN mitocondrial na población maorí, alredor de 1250-1300 como la fecha na que pobladores polinesios, dempués d'una llarga serie de viaxes poles islles del Pacíficu sur, aportaron a Nueva Zelanda.;;;;wiktionary_es;Nueva Zelanda
ast;arguyu;Tamién destaca'l Mardi Gras gai y lésbicu de Sydney qu'a diferencia de les otres marches del arguyu celebrar en febreru, rematando'l branu austral.;;;;wiktionary_es;Día Internacional del Arguyu LGBT
ast;xamón;Xamón de Huelva, Xamón Ibéricu D.;;;;wiktionary_es;Xamón
ast;tenedor;Suel ser emplegáu como tenedor de propósitu xeneral, al igual que'l cuchiellu de mesa y ye por esta razón pola que ye bien habitual na mesa.;;;;wiktionary_es;Cubertería
ast;abadexu;El cardu yesqueru o cardo abadexu ye la especie Echinops ritro, una planta de la familia de les Asteraceae, natural d'Europa central y meridional, Asia occidental y Siberia.;;;;wiktionary_es;Echinops ritro
ast;tuit;"El llamáu ye un distintivu ""tuit"", y el soníu tien rápidos trinos y píos.";;;;noun_raw;Linaria flavirostris
ast;pixel;La llinia de dispositivos Pixel inclúi la tableta Pixel C, los ordenadores portátiles y los teléfonos intelixentes Pixel, y puede mercase al traviés de Google Store o en tiendes minoristes.;;;;noun_raw;Google Pixel
ast;impuestu;22 de marzu: Estaos Xuníos - Fuerte tensión ente Gran Bretaña y les sos colonies americanes pol votu de la Stamp Act (llei del timbre) qu'aplica un impuestu sobre documentos xurídicos y oficiales, pólices de seguros, xuegos de dados, publicaciones tales como periódicos y llibros, etc.;;;;wiktionary_es;1765
ast;llimitar;"L'Horizonte (del griegu ""orizon"": llimitar) ye la llinia qu'aparentemente separta'l cielu y la Tierra; ésta llinia involucra un espaciu circular de la superficie de la Tierra.";;;;wiktionary_es;Horizonte
ast;mariposa;Nymphalis californica Polygonia c-album Junonia coenia Libytheana carinenta Hamadryas februa Chlosyne janais Limenitis lorquini Euphydryas aurinia Maniolis jurtina Nymphalis antiopa Danaus plexippus - Mariposa Monarca.;;;;wiktionary_es;Nymphalidae
ast;bandera;Ye dueñu de tolos derechos asociaos a los símbolos olímpicos, la bandera, himnu, lema, xuramentu y los xuegos.;;;;wiktionary_es;Comité Olímpicu Internacional
ast;nivel;La utilidá principal de la clasificación ye que nun nivel científicu haya un consensu xeneral y cuasi universal pa establecer un orde esquemáticu sobre la descomanada bayura y diversidá de los organismos.;;;;wiktionary_es;Clasificación biolóxica
ast;forwards;"Pueden cotizase en mercaos entamaos (como les bolses) o extrabursátiles (""OTC"")  Tipoloxía Dependiendo del tipu de contratu Operación de permuta financiera («Swaps») Los contratos de futuros, forwards y compraventes a plazu axustaos o non nun mercáu o sistema entamáu de negociación.";;;;noun_plural_english;Deriváu financieru
ast;lleva;La base de datos fíxose editable pa los autores, lo que lleva a actualizaciones más frecuentes del sitiu web.;;;;wiktionary_en;Mammal Species of the World
ast;Don Quixote;Principales obres La Galatea (1585) La Numancia (obra de teatru) Los tratos de Argel (teatru) Don Quixote (Parte 1) (1605) Noveles Exemplares (1613) Viaje del Parnaso (poema) Don Quixote (Parte 2) (1615) Persiles y Sigismunda (c.1615)  Referencies Enllaces esternos  Wikimedia Commons acueye conteníu multimedia sobre Miguel de Cervantes.;;;;wiktionary_es;Miguel de Cervantes
ast;downloads;El procesu d'ataque Drive-by Downloads realizar de manera automática por aciu ferramientes que busquen nel sitiu web dalguna vulnerabilidá.;;;;noun_plural_english;Malware
ast;software;Germplasm Resources Information Network o GRIN ye un proyeutu de software en llinia del Programa Nacional de Recursos Xenéticos del Departamentu d'Agricultura de los Estaos Xuníos p'apurrir información de germoplasma de plantes, animales y microbios.;;;;noun_raw;Germplasm Resources Information Network
ast;clouds;Ella ganó'l premiu Rising Star BAFTA en 2010, y convirtióse na primer actriz d'Estaos Xuníos en ganar un Premiu César, cuando ganó a meyor actriz de repartu en 2015 pol so papel xunto a Juliette Binoche en Clouds of Sils Maria (2014).;;;;noun_plural_english;Kristen Stewart
ast;user;La interfaz gráfica d'usuariu o GUI (n'inglés graphical user interface) La interfaz gráfica de los ordenadores foi diseñada cola fin d'ocultar el verdaderu funcionamientu de la máquina, ya que yera mui complicao pa los usuarios tipo.;;;;noun_raw;Interfaz gráfica d'usuariu
ast;hardware;"Modelu orixinal Hai cinco modelos orixinales de hardware de la PlayStation 3 que son mentaos davezu pol tamañu de la so unidá de discu duru: ""20"", ""40"", ""60"", ""80"", ""160"".";;;;noun_raw;PlayStation 3
ast;nación;Por nacionalismu pue entendese:  L'afeición, enclín o ciñu de los ciudadanos a la nación-reconocida o non como tala na llexislación a la que pertenecen.;;;;wiktionary_es;Nacionalismu
ast;softwares;Cola llegada de iOS 9.1, ye imposible atopar vulnerabilidaes qu'afecten al dispositivu, llevándo-y a Apple, a ocupar el puestu más altu na llista de los softwares más seguros.;;;;noun_plural_native;IOS
ast;update;"An update of the Angiosperm Phylogeny Group classification for the orders and families of flowering plants: APG II (enllaz rotu disponible n'Internet Archive; ver l'historial y la última versión).";;;;noun_raw;Rosales
ast;abandonar;Costante Girardengo, líder hasta entós, viose obligáu a abandonar mientres l'intre de la 7ª etapa, lo cual dexó'l Giro d'Italia en bandexa a Brunero, vencedor a lo postrero de la carrera.;;;;wiktionary_es;Giro d'Italia 1926
ast;servers;any @a.root-servers.net Y en un sistema MS DOS, executando: nslookup -type=any vrsn-end-of-zone-marker-dummy-record.root  Ver tamién Pseudodominio de nivel cimeru  Referencies   == Enllaces esternos ==;;;;noun_plural_english;.root
ast;link;1944 - Anne Robinson, presentadora Inglesa de Weakest Link.;;;;noun_raw;26 de setiembre
ast;estreames;Tamién estudió como estructures fixes los mitos, comprobando qu'en sociedaes estreames dábense histories asemeyaes.;;;;noun_plural_native;Estructuralismu
ast;dotor;Referencies Enllaces esternos Carlos Dotor na Internet Movie Database (n'inglés) Carlos Dotor en BDFutbol (castellán) Carlos Dotor en LaPreferente (castellán) Carlos Dotor en Soccerway (n'inglés) Carlos Dotor en Transfermarkt (n'inglés) Carlos Dotor en L'Équipe (en francés);;;;wiktionary_es;Carlos Dotor
eu;bale;Bale zaldia, (Amhareraz: የባህር ፈረስ /yebahiri feresi),  Etiopiako ekialdeko bertako zaldi arraza bat da.;;;;wiktionary_es;Bale zaldi
eu;klikatzen;Orokorrean bere buztana ahoan daraman herensuge gisa irudikatzen ohi da, bere burua klikatzen dabilena.;;;;verb_habitual;Ouroboros
eu;homosexualitate;Erreferentziak Ikus, gainera Bisexualitate Heterosexualitate Homosexualitate Transexualitate Eskoliosexualitate   == Kanpo estekak ==;;;;wiktionary_es;Pansexualitate
eu;kolonizazio;Portugalen mendean egon ondoren (1809-1814), esklabotasunean oinarrituriko kolonizazio frantsesa galdu egin zen hura indarrik gabe utzi zenean (1848-1849).;;;;wiktionary_es;Guyana Frantsesa
eu;setio;mendekoa, Dapurreko setio bortitzaren erretratua da.;;;;wiktionary_es;Setio
eu;seguru;"Esnekiak antzinatik ezagutzen dira; seguru aski, artzaintza hasi zen garaian bertan tribu nomadak esnea eraldatu eta eratorriak kontsumitzen hasi ziren.";;;;wiktionary_es;Esneki
eu;aberrazio;Zehazki, lorpen hauek egin zituen: Ilargian kraterrak, Jupiterren lau ilargi handienak eta Artizarraren faseak aurkitu behatu eta deskribatzeko erabili zuen  Aberrazio kromatikoaren arazoa Galileoren lehenengo diseinuen ondoren, teleskopioen potentzia handiagotu zen heinean, aberrazio kromatikoaren arazo larria agertu zen, irudien kalitatea kaltetuz.;;;;wiktionary_es;Errefrakzio-teleskopio
eu;pisu;1987an emakumezkoen lehenengo pisu-jasotze txapelketa ospatu zen, eta 1997an Olinpiar Batzordeak emakumeek Joko Olinpikoetan esku hartzea onartu zuen.;;;;wiktionary_es;Halterofilia
eu;copyright;Copyright <urtea> <copyright jabea(k)>.;;;;wiktionary_en;BSD lizentziak
eu;Albania;"Albania hainbat vilayetetan banatuta zegoen; haietako bat bakarrik hiriburua zuen gaurko Albanian, Shkodërarena.";;;;wiktionary_es;Albania
eu;aristokratiko;Hainbat lurralde konkistatu zuten, eta kultura aberatsa osatu zuten, kutsu aristokratiko eta autokratakoa.;;;;wiktionary_es;Chimú
eu;gisa;Horiez gain, Malaysiako Malaka estatuan, komunitate batzuek oraindik lehen hizkuntza gisa erabiltzen dute.;;;;wiktionary_es;Portuges
eu;azido;Gainera, Gantz Azido Aseetan eta kolesterol maila altua duten elikagaiekin kontuz ibili beharra dago.;;;;wiktionary_es;Gantz-azido
eu;rally;Berez, txapelketaren barnean bi azpitxapelketa daude: Munduko Rally Gidari Txapelketa (FIA World Rally Championship for Drivers) eta Munduko Rally Automobilgile Txapelketa (FIA World Rally Championship for Manufacturers), biak ere puntu sisteman oinarritua daude, bi txapelketako proba guztiak puntuagarriak direlarik.;;;;wiktionary_es;Munduko Rally Txapelketa
eu;anarkismo;Anarkismoaren barnean aldiz, anarkismo indibidualista, mutialismoa, anarkismo komunista eta kolektibismoa bezalako hainbat korronte aurkitu ditzakegu.;;;;wiktionary_es;Ezker politiko
eu;estatua;Florida Ameriketako Estatu Batuetako hego-ekialdean dagoen estatua da.;;;;wiktionary_es;Florida
eu;deklarazio;"Gerra-egoeraren deklarazio baten arrazoi ohikoenak (""Casus belli"") hauek dira:  Herrialde edo lurralde bateko herritarren lurraldeari, ondasunei edo ondareei erasotzea.";;;;wiktionary_es;Gerra-deklarazio
eu;bumeran;Auskalo Bumeran bildumak biltzen dituenetan, lehenengoa Antton Olariagak (Usurbil, 1946) ilustratu zuen, bigarrena Jon Zabaletak (Hernani, 1950) ilustratu zuen bitartean.;;;;wiktionary_es;Risky
eu;internazional;"“Internazional Komunistaren Programa” onetsi zen eta “frente batuak” alderdirik gabeko pertsonen artean militanteak bilatzeko konpromezua hartu zuten; idazleak, kazetariak edo pertsona famatuak barneratuz.";;;;wiktionary_es;III. Internazionala
eu;linguistika;Zientziaz gain, Gell-Mann irakasleari beste arlo batzuk ere interesatzen zitzaizkion, literatura, historia naturala, linguistika historikoa, arkeologia, historia edo psikologia kasu.;;;;wiktionary_es;Murray Gell-Mann
eu;penintsula;Iberiar penintsula Europako hego-mendebaldeko penintsula da.;;;;wiktionary_es;Iberiar penintsula
eu;abangoardia;mendean zehar, hala ere, munduaren zati handi batean eskolatzearen hedapenak eta aisialdiko kulturaren agerpenak herri-kulturak nagusiki estatikoa zen izaera bertan behera uztea eragin dute, batzuetan abangoardia akademikoen sormena gainditzen duen elementu dinamizatzaile bilakatuz.;;;;wiktionary_fr;Herri-kultura
eu;abako;"Etimologia “Abako” terminoa latinezko hitz bat da; bere jatorria grezierako “abax” edo abakon-en du eta “azalera laua” edo taula esan nahi du.";;;;wiktionary_es;Abako
eu;abioneta;Boone abioneta batetik erortzeak eragindako zaurien ondorioz hil zen.;;;;wiktionary_es;Boone Carlyle
eu;copyleft;Honen eredutzat jo daiteke Libre Society Open Sourceko ponpainia diskografikoak eratutako Free Art Lizentzia, askotan ezinezkoa edo desegokia baita copyleft osoko eraketa artistiko bat izatea.;;;;wiktionary_en;Copyleft
eu;abandonu;Hori dela eta, kasu batzuetan, eskolan hasteak gatazka egoerak sortarazten dizkie txikienei, horrek beldurra, abandonu sentsazioak...;;;;wiktionary_es;Haur hezkuntza
eu;absoluzio;Auzi nagusiko absoluzio epaiaren ondorioz, Vázquez Honrubiak ebatzi zuen auzian “delitu terroristaren” zantzurik ez zegoela, eta auzi ekonomikoan legokeen delitu bakarra ustezko iruzur fiskala litzatekeela, “ohiko delitua”. 2011-12-26: Dignidad y Justicia elkartea auzi ekonomikotik kanpo utzi zuen auzitegiak. 2013-02-20: Euskaldunon Egunkariaren itxieraren hamargarren urteurrenaren harira, Berriako atarian ekitaldia egin zuten langile, auzipetu, kazetari eta gonbidatuen presentziarekin.;;;;wiktionary_es;Euskaldunon Egunkariaren itxiera
eu;ralenti;Takografoak erregistratzen dituen gertaeren artean abiadura (bataz bestekoa eta handiena), bapateko azelerazioak eta geldiketak, ralenti denborak (motorra martxan baina ibilgailua geldirik dagoen aldiak), atsedenaldiak eta etenaldiak dira.;;;;wiktionary_es;Takografo
eu;pase;Hala ere, bere lana ez da soilik defentsakoa: izan ere, arau orokorrak dionez, erasoan lehenengo pasea eman behar duena da, pase luzeak egiten dituena da kontraerasoetan.;;;;wiktionary_es;Waterpolo
eu;aporofobia;Erreferentziak Ikus, gainera Aporofobia.;;;;wiktionary_es;Eskola segregazio
eu;aerobiko;Diziplina honek duen abantaila nagusia, gimnastika artistiko, erritmiko, aerobiko, akrobatiko, tranpolin eta dantzako jarduera dinamiko eta ariketak barne har ditzakeela da.;;;;wiktionary_es;Gimnastika
eu;eslogan;"Hitzaren jatorria ""Eslogan"" slogorn hitzetik dator; aldi berean azken honek Eskoziako gaelerazko sluagh-gairm edo sluagh-ghairm (sluagh=""armada"" + gairm=""oihu"") hitzetan du jatorria..";;;;wiktionary_es;Eslogan
eu;presa;Hori dela eta, presa horiek grabitatezkoak direla esaten da.;;;;wiktionary_es;Presa
eu;terrorismo;Hala ere, estatu-terrorismo izendapena eztabaidatua izaten da kasu askotan, indarreango ordenamendu juridikoak eta horren aplikazioak estrategia hori erraztu eta jokoan dauden interes politiko eta geopolitikoak direla eta, terrorismo terminoaren balorazio negatiboa baztertzearren.;;;;wiktionary_es;Estatu terrorismo
eu;online;Online Computer Library Center (OCLC) ordenagailu bidezko online liburutegi-zerbitzu bat da, eta irabazteko asmorik gabeko ikerketa erakunde bat.;;;;noun_raw;Online Computer Library Center
eu;bolada;Haize bolada zakarrak izaten dira.;;;;wiktionary_es;Amundsen golkoa
eu;tradizio;Historia eskualdearen arabera Filosofia izenez, etimologikoki, Greziatik garaturiko pentsamendu korronte arrazionalen multzoa ezagutzen bada ere, badira filosofiatzat jotzen diren beste zenbait jakintza-tradizio ere, munduko beste zenbait zibilizaziotan sortuak, bereziki indiar filosofia eta txinatar filosofia.;;;;wiktionary_es;Filosofia
eu;Tunisia;Tunisia Afrika iparraldeko Mediterraneo itsasoko kostaldean dagoen estatua da.;;;;wiktionary_fr;Tunisia
eu;diplomazia;Erreferentziak Ikus, gainera Nazioarteko harremanak Kanpo-politika  Kanpo estekak Diplomazia, Berria;;;;wiktionary_es;Diplomazia
eu;greba;Grebak iraun bitartean laneko hutsegiteak egitea, nahiz eta greba legezkoa izan, posible da eskubide-mehatxuekin zerikusirik ez duten legez kontrako jarduera indibidualizatuak gertatzea, eta horregatik greba osoa legez kanpokoa bihur daiteke.;;;;wiktionary_fr;Greba
eu;collage;Material mota asko erabili izan dira collage-etan: egunkari-zatiak, aldizkariak, zintak, koloretako edo eskuz landutako paperak, beste artelanak, argazki eta bestelako objektuak.;;;;wiktionary_fr;Collage
eu;lama;Ituero y Lama Segoviako udalerria da, Comarca de Segovia eskualdean dagoena.;;;;wiktionary_es;Ituero y Lama
eu;txalupa;Hurrengoak ziren:  Erreferentziak Ikus, gainera Bizkaia Zubia Bilboko metroa Bilboko Renfe Aldiriak Bizkaiko Garraio Partzuergoa  Kanpo estekak Portugaleteko Txalupa-Gidarien Elkartearen webgunea;;;;wiktionary_fr;Gasolino
eu;camembert;Camembert frantziar jatorriko gazta bigun, koipetsu eta leuna da.;;;;wiktionary_fr;Camembert (gazta)
eu;arbola;2015eko urtarrilaren 15ean jakin zenez, Gernikako arbola ihartu egin zen eta otsail amaiera edo martxo hasierarako bosgarren belaunaldiak hartuko zuen lekukoa.;;;;wiktionary_es;Gernikako Arbola
eu;abisu;Goiburu hura nabigatzaileak abisu zahar ospetsua desafiatu eta ahaztera animatzeko erabili zen.;;;;wiktionary_es;«Plus Ultra» (goiburua)
eu;piraña;Espezie eta generoak Jendeari beti datorkio burura piraña berdina (hau da, sabel-gorria, Pygocentrus-a).;;;;wiktionary_es;Piraña
eu;teknologia;Teknologia, grezierazko τεχνολογος-tik, tekne (τεχνη, «zientzia, arte, edo lanbide») eta logos (λογος, «jakintza-multzoa») hitzez osatuta dago.;;;;wiktionary_es;Teknologia
eu;stream;Jet korrontea (batzuetan ingelesezko jet stream) haize indartsu, sigisagatsu eta tubularra da, mendebalde-ekialde norabidean mugitzen dena 9 eta 11 km bitarteko garaieran, lurburuko tropopausaren eta tropikoko tropopausaren arteko garaieren bitartean..;;;;noun_raw;Jet korronte
eu;abzisa;x                 {\displaystyle x}     koordenatuan, zeinu positiboak distantzia ardatz horizontalean (abzisa) eskuinerantz hartzen dela  adierazten du, eta negatiboak aldiz, ezkerrerantz.;;;;wiktionary_es;Geometria analitiko
eu;Bernedo;Ekonomia Banaketa administratiboa 13 herrik osatzen dute Bernedo udalerria:  Angostina: 28 biztanle.;;;;wiktionary_es;Bernedo
eu;organizazio;"Gainera, sindikatuen mugimenduan eta gobernuz kanpoko erakunde askotan buru-belarri ibili izan da; hala nola, Sindikatuen Organizazio Nagusian eta SETAn.";;;;wiktionary_es;Tarja Halonen
eu;tweet;Adibidez, txoriek euskaraz txio egiten duten bitartean, gaztelaniaz pio, frantsesez cuic, ingelesez tweet eta alemanez piep egiten dute.;;;;noun_raw;Onomatopeia
eu;softwarea;Softwarea mihiztatze-lengoaian ere idatzita egon daiteke.;;;;noun_integrated_sg;Software
eu;martxo;Neukölln auzoko Mercure hotelean egin zen 2017ko Wikimedia Konferentzia urte horretako martxo-apirilean.;;;;wiktionary_es;Neukölln
eu;sozial;Historia Sorrera Sare sozial hori 2006ko martxoan sortu zen San Frantziskon (Kalifornia), Jack Dorseyren, Evan Williamsen, Biz Stoneren eta Noah Glassen eskutik.;;;;wiktionary_es;Twitter
eu;taberna;13 kontseilarik osatzen dute, eta horietatik 3 lehendakariordeak dira: Félix Taberna Monzon, Ana Ollo Hualde eta Begoña Alfaro García.;;;;wiktionary_es;Nafarroako Gobernua
eu;erraldoi;Bitigar, bitigar erraldoi edo Arabako bitigarrra (Clitocybe candida) Tricholomataceae familiako onddo espezie bat da.;;;;wiktionary_es;Bitigar erraldoi
eu;geografia;Geografia feminista Geografia feminista edo generoaren geografia giza geografiaren korrontea da, feminismoak eremu geografiko, gizatiar eta sozialaren azterketari egindako teorietan metodoetan eta kritiketan kokatzen dena.;;;;wiktionary_es;Geografia
eu;botila;Botila irekitakoan, burbuilak 20 ºC-tan osatzen dira.;;;;wiktionary_es;Ardo apardun
eu;astronautika;"Itsasontzien kasuan, nautika terminoa ere erabiltzen da (aireontzien kasuan, aeronautika; espaziontzien kasuan, astronautika).";;;;wiktionary_es;Nabigazio
eu;misil;artikulua betez, honako hau adostu dute, konbentzioa indarrean egongo den aldirako: Amerikako Estatu BAtuek 720 misil balistikoeterako jaurtigailu baino ez dituzte edukiko itsaspekoetan (SLBM), eta misil balistiko modernoak ditzuten 44 itsaspeko soilik.;;;;wiktionary_es;SALT itunak
eu;autismo;Zientzia.net (2013) APNABI Bizkaiko Autismo Elkartea GAUTENA Gipuzkoako Autismo Elkartea.;;;;wiktionary_es;Autismo
eu;kondentsadore;Beckerrek «tentsio baxuko kondentsadore elektrolitiko bat karbono porotsudun elektrodoekin» garatu zuenean.;;;;wiktionary_es;Kondentsadore elektriko
eu;tximinia;"Erupzioen ezaugarriak aztertzeko alderdi asko izan behar dira kontuan; magma oso likatsua den ala ez, sumendi-tximinia nolakoa den, gasen presioa oso handia den, etab.";;;;wiktionary_es;Sumendi-erupzio
eu;militarismo;Militarismo, faxismo, arrazakeria edo sexismoa dira euren letretan gogor kritikatzen dituzten gaietako batzuk.;;;;wiktionary_es;Soziedad Alkoholika
eu;rap;Genero horrek rap musikaren sortze-prozesua zaintzen du, baina elektronikako aztarnak gehituz.;;;;wiktionary_es;Rap
eu;jende;Herri eta auzoak Sant Bartomeu Sesgorgues Tavertet  Demografia Jende ezaguna Herri honetan bertan hil zen Raimon Pannikar teologo ezaguna (1918-2010).;;;;wiktionary_es;Tavertet
eu;asimilazio;Kultura-asimilazio prozesuak gizateriaren historia osoan zehar gertatu dira eta askok kultura berriak sortu dituzte.;;;;wiktionary_es;Kultura-asimilazio
eu;nazionalismo;Nazionalismo kulturalaren ekarpena hiritarraren eta nazio-estatuaren artean komunitate kulturala kokatzea da.;;;;wiktionary_es;Nazionalismo
eu;marikoi;"Nahiz eta, aintzira ez dagoen babesturik, bertan inguruko eremu basatietan babestuak dauden hegazti ugari aurki daiteke; hala nola, aliota txikiak, antzara nanoak, belatz handiak, elur-hontzak, eskandinaviako lagopodoak, ipar-belatzak, ipar-kaskabeltzak, laponiako kaskabeltzak, marikoi isats-luzeak, negu txontak eta papourdinak.";;;;wiktionary_es;Seitavuopio
eu;filosofia;Antzinako filosofia tradizionalak ere berresten hasi ziren XX.;;;;wiktionary_es;Filosofia
eu;pixela;Beraz, GPUk erabiltzen dituen unitate nagusiak erpina eta pixela dira.;;;;noun_integrated_sg;Grafikoak prozesatzeko unitate
eu;radio;Espainiako irrati publikoa, Radio Nacional de Españak eta 7 kate autonomikok ordezkatzen dute.;;;;wiktionary_es;Irrati (hedabidea)
eu;balbula;Balbula eta ardatza hariztatu egin daitezke, hala, ardatza balbulari lotu edo askatzeko aukera dago alde batera edo bestera biratuta, alegia, diskoa gorputzaren barruan atzera edo aurrera mugituz.;;;;wiktionary_es;Balbula
eu;antropologia;ISBN 84-922537-4-6 (Antropologia kontzeptuaz eta antropologia filosofikoaz) Esteban, Mari Luz (2012): “Euskal antropologiaren jauzi kontzeptualak eta euskal kulturaren haragitasunak”, Ankulegi, 16: 111-125.;;;;wiktionary_es;Antropologia
eu;psikologia;Gizarte psikologia modernoari, halaber, Kurt Lewin alemaniarrak eman zion hasiera.;;;;wiktionary_es;Psikologia
eu;mina;Zapore mingotsa eta mina dauka.;;;;wiktionary_es;Russula decipiens
eu;bridge;Shiel Bridge, Eskoziako gaeleraz: Drochaid Sheile, Eskoziako Highland eskualdeko udalerri bat da, Skye eta Lochalsh barrutian.;;;;wiktionary_en;Shiel Bridge
eu;kosmonauta;Bertatik jaurti ziren giza-historiako lehen satelite artifiziala, Sputnik 1 izenekoa, baita historian zehar espazioraturiko lehen animalia, Laika izeneko zakur emea, lehen gizakia, Juri Gagarin kosmonauta, baita lehen emakumea ere, Valentina Terexkova.;;;;wiktionary_es;Baikonur
eu;arraro;Fikzio fantastikoaren mugak, bada, zoragarriaren espazio zabalak markatuko lituzke, non munduaren funtzionamendu arrazionala baztertu eta «arraroa» edo «fantastikoa azaltzen», zeinetan elementu kezkagarriak arraro izatera murrizten diren, baina gertakari azalgarriak.;;;;wiktionary_es;Fantasiazko literatura
eu;usera;Moscardó, Espainiako Madril hiriburuko auzo bat da, Usera barrutian.;;;;noun_integrated_sg;Moscardó (Madril)
eu;ardura;Ertzaintzaren kasuan, ofizialak ikuskatzaile mailako ahaltsuenak dira eta, aldi berean, ardura gehien dituzte.;;;;wiktionary_es;Ofizier
eu;bandalismo;2015ean 16 guneetara zabaldu ziren bizikletak, baina bandalismo gertaera ugariren ondorioz ia erabilezin geratu zen.;;;;wiktionary_es;Dbizi
eu;zibil;Lostwithiel, kornubieraz: Lostwydhyel, Ingalaterrako Kornualles konderriko parrokia zibil eta udalerri bat da.;;;;wiktionary_es;Lostwithiel
eu;trafiko;Terminologia Trafiko-istripuak mota orokorren arabera sailkatu daitezke.;;;;wiktionary_es;Trafiko-istripu
eu;click;"Garailea Herbehereetako Ralf Mackenbach izan zen, ""Click Clack"" abestiarekin.";;;;noun_raw;2009ko Junior Eurovision Abesti Lehiaketa
eu;kontzientzia;Onartzen badugu saguzarren burmuinei buruzko gertaera fisiko guztiak ezagutzen ditugula, eta hala ere, esperientzia subjektibo hori edo espeziearen araberakoa den ikuspuntu hori ezin dugula ulertu, orduan materialismoa berez akastuna da kontzientzia azaltzean.;;;;wiktionary_es;Kontzientzia
eu;Bizente;Kale honen amaieran San Bizente eliza dago.;;;;wiktionary_es;Narrika kalea
eu;kilate;Errubi baten kalitatea, bere koloreak, mozketak eta argitasunak baldintzatzen du, eta ezaugarri hauek, kilate pisuarekin batera, bere balio eta prezioari eragiten diote.;;;;wiktionary_es;Errubi
eu;puntu;Puntu akats bat alearen hiru dimentsioko sare orokorraren barruan dagoen sare bakarreko deformazio bat da.;;;;wiktionary_es;Gogortasun
eu;abangoardista;Romeuk Bartzelonan giro abangoardista eta bohemioko gunea sortzea erabaki zuen.;;;;wiktionary_es;Els Quatre Gats
eu;teologo;Martin de Barcos, lapurtar teologo jansenista (h.;;;;wiktionary_es;1600
eu;abdukzio;Erreferentziak Ikus, gainera Objektu Hegalari Ezezagun Abdukzio Eldarnio Maitagarrien eraztun Soro-zirkulu Bizi estralurtar  Kanpo estekak Estralurtarrak Euskal Herrian.;;;;wiktionary_es;Estralurtar
eu;banku;Europako Banku Zentrala Europako Banku Zentrala (EBZ) nortasun juridikoa duen nazioz gaindiko erakundea da, Frankfurten sortu zen 1998ko ekainaren 1ean.;;;;wiktionary_es;Banku
eu;anana;Diuretiko naturalen artean hainbat elikagai eta edari aurkitzen dira: tea, kafea, anana, zainzuriak eta alkohola besteak beste.;;;;wiktionary_es;Diuretiko
eu;pilota;Pilota joko asko egon arren eta herri askok horrelako jolasak izan arren, euskaldunek beste hainbat gauzarekin bezala ederki jakin dute pilota jokoa egokitzen: beren tokira moldatu dute pilota eta bertako ezaugarriez hornitu: plaza, leku, arau, pilota, jotzeko tresnak, instalazioak, materialak, etab.;;;;wiktionary_es;Euskaldun
eu;accesit;Gaia eta gau aldaketak (1981) poema liburuarekin Resurreccion Maria de Azkue sariaren accesit bat irabazi zuen.;;;;wiktionary_es;Tere Irastortza
eu;oilo;"Planeta osoan 25 bilioi oilo baino gehiago daudela uste da; hau da, gaur egun beste edozein hegazti-espezie baino gehiago.";;;;wiktionary_es;Oilo
eu;Katalunia;Kataluniako konderri hauek gaur egun Katalunia Zaharra (Catalunya La Vella) izenez ezagutzen den lurraldea osatu zuten.;;;;wiktionary_es;Katalunia
el;Χάουαρντ;Στη μνήμη του, στους τίτλους τέλους της ταινίας προστέθηκαν τα εξής: «Στον φίλο μας, Χάουαρντ, που έδωσε φωνή σε μία γοργόνα, και ψυχή σε ένα τέρας.;;;;wiktionary_en;Η Πεντάμορφη και το Τέρας (ταινία, 1991)
el;τρανς;Δείτε ακόμα Κακοποίηση Bullying Διαδικτυακός εκφοβισμός Εγκλήματα μίσους Δικαιώματα ΛΟΑΤ στην Ελλάδα Σχολικός εκφοβισμός Εκφοβισμός τρανς Βία εναντίον των ατόμων ΛΟΑΤ  Σημειώσεις Παραπομπές Περαιτέρω ανάγνωση Duncan, Neil (2001).;;;;wiktionary_en;Εκφοβισμός ομοφυλοφίλων
el;tag;Ο Ρόλινς είναι δυο φορές Παγκόσμιος Πρωταθλητής, δύο φορές Πρωταθλητής WWE, δύο φορές Intercontinental Champion, μια φορά United States Champion , έξι φορές WWE/Raw Tag Team Champion (μαζί με τον Roman Reigns, δύο φορές με τον Dean Ambrose, τον Jason Jordan, τον Braun Strowman και με τον Buddy Murphy), ο νικητής του Money in the Βank 2014, βραβευμένος από το WWE ως ο καλύτερος παλαιστής για το 2015 και ο νικητής του Royal Rymble 2019.;;;;cs_latin_raw;Σεθ Ρόλινς
el;ναδίρ;Το ακριβώς υπεράνω του παρατηρητή σημειο ονομάζεται Ζενίθ, ενώ το έτερο στον αντίποδά του ονομάζεται Ναδίρ.;;;;wiktionary_fr;Κατακόρυφος
el;Τζέιμς;Για παράδειγμα, ο Τζέιμς Ερλ Τζόουνς προσλήφθηκε επειδή οι σκηνοθέτες βρήκαν τη φωνή του «δυνατή» και παραπλήσια με τον βρυχηθμό ενός λιονταριού.;;;;wiktionary_en;Ο Βασιλιάς των Λιονταριών
el;Αντάντ;Η νίκη της Αντάντ στον Μεγάλο Πόλεμο οδήγησε στην πλήρη επικράτηση της αγγλογαλλικής συμμαχίας στην Ευρώπη αλλά και παγκοσμίως.;;;;wiktionary_fr;Αντάντ
el;καρό;Τα αεροσκάφη που χρησιμοποιούσε η ομάδα είχαν ένα κόκκινο και άσπρο καρό σχέδιο στο ρύγχος, όμως αυτό τώρα έχει περιοριστεί σε μία μικρή καρό λωρίδα.;;;;wiktionary_fr;Red Checkers
el;μάρκετινγκ;Έτσι, όταν η ανώτατη διοίκηση επινοεί τη στρατηγική κατεύθυνση/αποστολή της εταιρείας, οι επιδιωκόμενες δραστηριότητες μάρκετινγκ ενσωματώνονται σε αυτό το σχέδιο.;;;;wiktionary_en;Μάρκετινγκ
el;ζέμπρα;Στις ταινίες του περιλαμβάνονται οι Άσχημη μέρα στο μαύρο βράχο (1955), Αίμα στον πράσινο βάλτο (1957), Και οι επτά ήταν υπέροχοι (1960), Η μεγάλη απόδραση (1963) και Μυστική βάση Ζέμπρα (1968).;;;;wiktionary_fr;Τζον Στέρτζες
el;παζλ;Ο Κύβος του Ρούμπικ είναι τρισδιάστατο μηχανικό παζλ.;;;;wiktionary_en;Κύβος του Ρούμπικ
el;γιουβαρλάκι;Μεγάλο μέρος της ελληνικής κουζίνας ανήκει σε μια ευρύτερη παράδοση της οθωμανικής κουζίνας, με τα ονόματα των πιάτων να αποκαλύπτουν αραβικές, περσικές ή τουρκικές ρίζες: μουσακάς, τζατζίκι, γιουβαρλάκι, κεφτέδες, ντολμάδες κ.λπ.;;;;wiktionary_tr;Μεσογειακή κουζίνα
el;φθόριο;Το 1886, όμως, ο γάλλος χημικός Ανρί Μουασάν (Henri Moissan) πέτυχε να απομονώσει στοιχειακό φθόριο, χρησιμοποιώντας ηλεκτρόλυση σε χαμηλή θερμοκρασία, μια διεργασία που χρησιμοποιείται ακόμη από τη σύγχρονη βιομηχανική παραγωγή του φθορίου.;;;;wiktionary_fr;Φθόριο
el;post;Louis Post-Dispatch επέκρινε επίσης την ιστορία ως το πιο αδύναμο σημείο της ταινίας.;;;;cs_latin_raw;Ψυχρά κι Ανάποδα
el;κοκτέιλ;Δείτε επίσης Αυτοσχέδιος εκρηκτικός μηχανισμός TM 31-210 Improvised Munitions Handbook  Παραπομπές Εξωτερικοί σύνδεσμοι  Η χρήση του κοκτέιλ μολότοφ στο Β΄ Παγκόσμιο Πόλεμο;;;;wiktionary_en;Κοκτέιλ μολότοφ
el;σπόιλερ;Αυτό αποτελείται από δύο μονά στρογγυλά φώτα σε ένα πλαστικό κάλυμμα, ένα εμπρός σπόιλερ και πίσω αεροτομή Irmscher, χαμηλότερο προφυλακτήρα και πίσω αεροτομή.;;;;noun_transliterated;Opel Manta
el;μόδα;Ο Αδριανός, ο οποίος απεικονιζόταν με γενειάδα ώστε να δείχνει τα φιλελληνικά του αισθήματα, καθιέρωσε τη σχετική μόδα κι έκτοτε πολλές προτομές αυτοκρατόρων φέρουν γενειάδες.;;;;wiktionary_fr;Αρχαία Ρώμη
el;Κολοράντο;Οροσειρά Φροντ Ο περισσότερος πληθυσμός του Κολοράντο κατοικεί κατά μήκος της ανατολικής άκρης των Βραχωδών Ορέων στον Αστικό Διάδρομο Οροσειράς Φροντ μεταξύ του Τσεγιέν, Ουαϊόμινγκ, και του Πουέμπλο, Κολοράντο.;;;;wiktionary_en;Κολοράντο
el;Γκρέις;Ο πρίγκιπας Ρενιέ και η πριγκίπισσα Γκρέις απέκτησαν τρία παιδιά: την Καρολίνα, τον Αλβέρτο και την Στεφανία.;;;;wiktionary_en;Γκρέις Κέλλυ
el;scan;Παραλλαγές Μια παραλλαγή του αλγόριθμου SCAN είναι ο αλγόριθμος C- SCAN όπου το C προέρχεται από την αγγλική λέξη circular (κυκλικός).;;;;cs_latin_raw;Αλγόριθμος SCAN
el;φλίπερ;Το παιχνίδι είναι μια συλλογή από εφτά αληθινά τραπέζια φλίπερ από την εταιρία Gottlieb: τα Baffle Ball (1931), Humpty Dumpty (1947), Knock Out (1950), Slick Chick (1963), Spirit of 76 (1975), Haunted House (1982) και Cue Ball Wizard (1992).;;;;wiktionary_fr;Microsoft Pinball Arcade
el;κάνει like;Στη συνέχεια ισχυρίστηκε ότι η Minaj είχε προηγουμένως «κάνει like » σε σχόλια στα μέσα κοινωνικής δικτύωσης που μίλησαν αρνητικά για την ικανότητα της Cardi B να φροντίζει τη νεογέννητη κόρη της.;;;;verb_light_latin;Cardi B
el;Αυστραλία;Όλα τα μεγάλα σαρκοφάγα μαρσιποφόρα εξαφανίστηκαν από την ηπειρωτική Αυστραλία λίγο μετά την έλευση των ανθρώπων.;;;;wiktionary_en;Διάβολος της Τασμανίας
el;Τζόνι;Οκτώ άνθρωποι έχουν γράψει και έχουν συνθέσει περισσότερες από μία συμμετοχές στην Ιρλανδία: ο Μπρένταν Γκράχαμ (1976, 1985, 1994, 1996), ο Τζόνι Λόγκαν (1984, 1987, 1992), οι Τόμι και Τζίμι Σουάρμπριγκ (1975, 1977), ο Λίαμ Ρέιλι (1990, 1991), ο Τζο Μπούρκετ (συνθέτης το 1972, στιχουργός το 1981) και οι Νίαλ Μούνεϊ & Γιόνας Γκλάντνικοφ (2009, 2010).;;;;wiktionary_en;Συμμετοχή της Ιρλανδίας στη Eurovision
el;μικροσκόπιο;Δημιούργησαν ένα σχετικό πρακτικό όργανο, ένα μικροσκόπιο σάρωσης.;;;;wiktionary_fr;Μικροσκόπιο
el;αλκάλιο;Αποτελείται από δοχείο κατασκευασμένο από μονωτικό υλικό (εβονίτη, πλαστικό, γυαλί) με ηλεκτρολύτη (οξύ ή αλκάλιο), στο οποίο βυθίζονται τα ηλεκτρόδια.;;;;wiktionary_fr;Ηλεκτρική μπαταρία
el;φιλανθρωπικός;Είναι ένας φιλανθρωπικός οργανισμός, τα κέρδη του πηγαίνουν στο Πανεπιστήμιο της Οξφόρδης.;;;;wiktionary_fr;Oxford University Press
el;γεωπολιτική;Η γεωπολιτική αποτελεί εργαλείο της στρατηγικής με κεντρικό σημείο την εθνική ισχύ και τον έλεγχο μίας γεωγραφικής επικράτειας.;;;;wiktionary_en;Γεωπολιτική
el;τουίτ;Χρονολόγιο: 6 Ιανουαρίου 2021 8.17: Ο Πρόεδρος Τραμπ έστειλε τουίτ με τις υποψίες του για νοθεία στις εκλογές, και μία οδηγία για τον Αντιπρόεδρο Πενς: «Οι πολιτείες πρέπει να διορθώσουν τις ψήφους τους, οι οποίες ξέρουν καλά ότι βασίστηκαν σε παρατυπίες και εξαπάτηση, και οι περίεργες διεξαγωγές ποτέ δεν ευνοούνται από τους νομοθέτες.;;;;noun_transliterated;Δεύτερη δίκη του Ντόναλντ Τραμπ
el;ξενοφοβία;Ιδεολογικά, ο πολιτισμικός ρατσισμός σχετίζεται στενά με την ξενοφοβία, καθώς υιοθετεί και αυτός την άποψη πως άτομα ξένης προέλευσης δεν μπορούν να ενταχθούν στην κοινωνία και για αυτό πρέπει να «μείνουν στο είδος τους».;;;;wiktionary_en;Ρατσισμός
el;Τζένιφερ;Η Τζένιφερ Λόπεζ ή «J.;;;;wiktionary_en;Τζένιφερ Λόπεζ
el;Ντέρεκ;Οι Black Country Communion ήταν Βρετανό-Αμερικανικό χαρντ ροκ συγκρότημα, το οποίο δημιουργήθηκε το 2009 στο Λος Άντζελες από τον μπασίστα και τραγουδιστή Γκλεν Χιούζ (Deep Purple, Black Sabbath, κ.α.), τον κιθαρίστα και τραγουδιστή Τζο Μποναμάσα, τον κιμπορντίστα Ντέρεκ Σέρινιαν (Dream Theater) και το ντράμερ Τζέισον Μπόναμ (Led Zeppelin, UFO).;;;;wiktionary_en;Black Country Communion
el;τρακτέρ;"Μεταξύ του 1979 και του 1984, ανέπτυξε και παρήγαγε ένα είδος ελαφρύ φορτηγού σε εκδόσεις ""ανοικτού"" και ""κλειστού"" ταξί (όπου είχε κινητήρα Ντίζελ 18 hp Ruggerini, μέγιστη ταχύτητα 67 km/h, μπορούσε να μεταφέρει 1 τόνο ωφέλιμου φορτίου και διέθετε την ικανότητα να περνάει διά μέσου των αγρών), καθώς και μια σειρά από μοντέλα ελαφριών τρακτέρ.";;;;wiktionary_fr;Διάνα (γεωργικά μηχανήματα)
el;αεροζόλ;Ένα αεροζόλ είναι ένα εναιώρημα μικροσκοπικών σωματιδίων υγρού, στερεού ή και των δύο μέσα σε ένα αέριο.;;;;wiktionary_fr;Ατμός
el;εβαπορέ;Αυτό έχει ως αποτέλεσμα μια πηχτή και γλυκιά υφή για το ζαχαρούχο γάλα, σε αντίθεση με μια πιο άγλυκη και πιο ουδέτερη γεύση για το εβαπορέ.;;;;wiktionary_fr;Ζαχαρούχο συμπυκνωμένο γάλα
el;Σμιθ;Αποκρυπτογραφήθηκε το 1870-1 από τον Άγγλο ασσυριολόγο Τζορτζ Σμιθ (George Smith, 1840-1876).;;;;wiktionary_en;Κυπριακό συλλαβάριο
el;Ίαν;Η επανένωση Τον Απρίλιο του 1984 οι Deep Purple επανενώθηκαν με την κλασική σύνθεση τους, έχοντας τον Ρίτσι Μπλάκμορ στην κιθάρα, τον Ίαν Γκίλαν στα φωνητικά, τον Ρότζερ Γκλόβερ στο μπάσο, τον Τζον Λορντ στα πλήκτρα και τον Ίαν Πέις.;;;;wiktionary_en;Ίαν Γκίλαν
el;ψυχιατρικός;H Αμερικανική Ψυχιατρική Εταιρεία (American Psychiatric Association, APA) είναι ο βασικός επαγγελματικός οργανισμός ψυχιάτρων και εκπαιδευόμενων ψυχιάτρων των Ηνωμένων Πολιτειών, και ο μεγαλύτερος ψυχιατρικός οργανισμός στον κόσμο.;;;;wiktionary_fr;Αμερικανική Ψυχιατρική Εταιρεία
el;Μοντάνα;Λόγω της διαμόρφωσης των οροσειρών στο Εθνικό Πάρκο του Παγετώνα, το Northern Divide (που ξεκινά στη Χερσόνησο Seward της Αλάσκας) διασχίζει αυτήν την περιοχή και στρίβει ανατολικά στη Μοντάνα στο Triple Divide Peak.;;;;wiktionary_en;Μοντάνα
el;ουάου;Το 1977 ανιχνεύτηκε από επίγειο ραδιοτηλεσκόπιο το λεγόμενο Σήμα Ουάου!, ένα ραδιοσήμα με πιθανή προέλευση εκτός της Γης το οποίο εκτιμήθηκε πως προερχόταν από μια τοποθεσία βορειοδυτικά του Μεσιέ 55.;;;;wiktionary_en;Μεσιέ 55
el;στράφι;Οι Στράφοι ή το Στράφι είναι ακατοίκητος οικισμός στην βόρεια Εύβοια και την Περιφερειακή Ενότητα Εύβοιας.;;;;wiktionary_tr;Στράφοι Εύβοιας
el;ιαγουάρος;Ο ιαγουάρος προτιμά τα ζώα τα οποία με λίγο κόπο τού δίνουν πολύ κρέας, όπως είναι τα μεγάλα τρωκτικά, δηλαδή τα καπιμπάρα, τα πάκα και οι δασύπρωκτοι.;;;;wiktionary_en;Ιαγουάρος
el;Σούβα;Επίσης, σημαντικά είναι και τα συμπλέγματα Λομαϊβίτι, έξω από τη Σούβα και τα απομακρυσμένα Λάου και η Ροτούμα, η οποία έχει διοικητικό καθεστώς.;;;;wiktionary_en;Φίτζι
el;αεροδρόμιο;Μάλιστα, την πιο κρίσιμη στιγμή της αποστολής, ενώ πετούσε πάνω από τα τουρκικά πολυβολεία κοντά στο αεροδρόμιο, κινδύνεψε να καταρριφθεί, καθώς το αεροσκάφος του δεν ήταν δυνατόν, λόγω της βλάβης, να πάρει το απαραίτητο ύψος.;;;;wiktionary_fr;Αριστείδης Μωραϊτίνης (αεροπόρος)
el;φραμπουάζ;Οκτάρια Τρι Τριάντα ένα (Thirty One) [ΜΙΚΤΟ] Τριόμφο [TEXNIKO] Τριτσέτι [TEXNIKO] Τσιγκουϊνέτο ή Ντόμινο [TEXNIKO] Τσογολί [ΜΙΚΤΟ] Φαν Ταν (Fan Tan) Φαραώ [ΤΥΧΕΡΟ] Φιρφιρίκι Φράμπουλα ή Φραμπουάζ [ΤΥΧΕΡΟ] Χαρακίρι [ΜΙΚΤΟ] Χόλλυγουντ -> βλ.;;;;wiktionary_fr;Τράπουλα
el;Μόργκαν;Πρώτα χρόνια Ο Μόργκαν Φρίμαν γεννήθηκε την 1η Ιουνίου 1937 στο Μέμφις του Τενεσί.;;;;wiktionary_en;Μόργκαν Φρίμαν
el;μανικιούρ;Το μανικιούρ αποτελείται από την τοποθέτηση και τον σχηματισμό της.;;;;wiktionary_fr;Πεντικιούρ
el;ραδιόφωνο;Το Ραδιόφωνο δεν είναι το «υπεύθυνο για την κατάσταση της κοινωνίας μέσο» (όπως παρουσιάζεται η τηλεόραση), αλλά χαρακτηρίζεται από την ένταση του λόγου και της μουσικής που μεταδίδει, της αμεσότητας, αλλά και της υποβολής.;;;;wiktionary_en;Ραδιόφωνο
el;ρεφρέν;Ρεφρέν Des bords de l'Océan au cœur de la forêt, Demeurons vigilants, sans faiblesse et sans haine!;;;;wiktionary_fr;La Concorde
el;Αβερόν;Γεωγραφία Ο νομός Αβερόν  ανήκει στη διοικητική περιοχή Οξιτανία.;;;;wiktionary_fr;Αβερόν (νομός)
el;Λέοναρντ;Ο Όιλερ εκείνη την εποχή σπούδαζε Ελληνική και Εβραϊκή θεολογία, ύστερα από προτροπή του πατέρα του, με σκοπό να γίνει πάστορας, αλλά ο Μπερνούλι κατάφερε να πείσει τον Πάουλ Όιλερ ότι ο Λέοναρντ επρόκειτο να γίνει ένας σπουδαίος μαθηματικός.;;;;wiktionary_en;Λέοναρντ Όιλερ
el;αμπρί;Σημαντικός είναι επίσης ο αρχαιολογικός χώρος του σπηλαίου Αμπρί ντε λα Μαντλέν.;;;;wiktionary_fr;Δορδόνη (νομός)
el;λιδοκαΐνη;Αναισθητικά φάρμακα, όπως η τοπική λιδοκαΐνη, μπορεί επίσης να βοηθήσουν.;;;;wiktionary_en;Φαρυγγίτιδα
el;μοντάζ;Παρά τη διαμάχη γύρω από την ιστορική απεικόνιση που κάνει, η ταινία JFK έλαβε θετικές κριτικές για τις ερμηνείες των ηθοποιών, τη σκηνοθεσία, το σενάριο, το μοντάζ και τη φωτογραφία.;;;;wiktionary_fr;JFK, η Ιστορία που Χαράχτηκε στη Μνήμη μας
el;σουτιέν;Ο σχεδιασμός του αποτελείται από δύο τρίγωνα υφάσματος που σχηματίζουν ένα σουτιέν και δύο τριγωνικά κομμάτια από ύφασμα που καλύπτουν το εφηβαίο και τους γλουτούς που συνδέονται με χορδή.;;;;wiktionary_fr;Μπικίνι
el;τζετ σκι;Το Wave Race 64 είναι βιντεοπαιχνίδι αγώνων με τζετ σκι το οποίο αναπτύχθηκε και κυκλοφόρησε από την Nintendo για την κονσόλα Nintendo 64 το 1996 σε Αμερική και Ιαπωνία και το 1997 στην Ευρώπη.;;;;wiktionary_en;Wave Race 64
el;Τζόνσον;Ο μεταλλουργός Νόρτον Τζόνσον (Norton Johnson), ιδρυτής της Βρεττανικής χημικής εταιρείας Johnson Matthey, αναφέρει το 1837 τη χρήση κραμάτων παλλαδίου σε χρονόμετρα και σε χάλυβες καθώς και οδοντιατρικά κράματα με περιεκτικότητα 80 % σε παλλάδιο και 20 % σε ασήμι.;;;;wiktionary_en;Παλλάδιο
el;ban;"Kaizoku-Ban είναι ο τίτλος του ζωντανά ηχογραφημένου ΕΡ του γερμανικού metal συγκροτήματος Accept, το οποίο κυκλοφόρησε το 1985 από την ""RCA Records"" στην Ευρώπη και από την ""Portrait Records"" στην Αμερική.";;;;cs_latin_raw;Kaizoku-Ban
el;σούπα;Η σούπα, μπορεί να περιέχει πράσινες, καφέ, κόκκινες, κίτρινες ή μαύρες φακές, με ή χωρίς φλοιό.;;;;wiktionary_fr;Φακές
el;μπαν;Ο Κροάτης Μπαν Γιούραϊ Β.;;;;noun_transliterated;Κροάτες
el;ραντό;Παραπομπές Πηγές Το λήμμα «Βαλερύ-Ραντό Ρενέ» στη Νέα Ελληνική Εγκυκλοπαίδεια «Χάρη Πάτση», τόμος 7, σελ.;;;;wiktionary_fr;Λουί Παστέρ Βαλερύ-Ραντό
el;σουπερμάρκετ;Διατίθενται πακεταρισμένα αεροστεγώς ή κονσερβοποιημένα στα σουπερμάρκετ.;;;;wiktionary_en;Αλλαντικό
el;κίουι;Το σχήμα του διαφέρει μεταξύ των διαφόρων ειδών και, μπορεί να είναι κωνικό στα κίουι, πτερυγωτό στη στρουθοκάμηλο και πτυχωμένο στα περισσότερα άλλα πτηνά.;;;;wiktionary_en;Ανατομική και φυσιολογία πτηνών
el;σεξισμός;Σεξισμός ή έμφυλη διάκριση είναι μία προκατάληψη ή διάκριση σχετικά με το φύλο ενός ατόμου (βιολογικό και κοινωνικό).;;;;wiktionary_en;Σεξισμός
el;αφίσα;Για οικονομικούς λόγους, το στούντιο έκανε πίσω και στους δύο όρους της συμφωνίας, ειδικά με την αφίσα, όπου το Τζίνι καταλάμβανε το 25% της εικόνας και άλλοι, βασικοί και δευτερεύοντες, χαρακτήρες παρουσιάζονταν πολύ μικρότεροι.;;;;wiktionary_fr;Αλαντίν (ταινία, 1992)
el;Ρότζερ;Ο σκηνοθέτης της ταινίας Ο Όλιβερ και η παρέα του Τζορτζ Σκρίμπνερ ήταν ο αρχικός σκηνοθέτης της ταινίας, με τον Ρότζερ Άλερς, ο οποίος ήταν ο κύριος συγγραφέας της ιστορίας της Πεντάμορφης και του Τέρατος τον Οκτώβριο του 1991, να προστίθεται αργότερα.;;;;wiktionary_en;Ο Βασιλιάς των Λιονταριών
el;ναΐφ;Τα πέτρινα γλυπτά του Λάβοσλαβ Τόρτι και του Πέταρ Σμάγιτς αποτελούν τα πρώτα παραδείγματα της κροατικής ναΐφ γλυπτικής.;;;;wiktionary_fr;Κροατικό Μουσείο Ναΐφ Τέχνης
el;download;Έχουν παίξει σε φεστιβάλ παγκοσμίως, συμπεριλαμβανομένων των Unholy Alliance, Download και Ozzfest.;;;;cs_latin_raw;Slayer
el;πάνελ;Οι πτέρυγες περιλάμβαναν μια ποικιλία από αγγέλους, δωρητές και Αγίους, αλλά δεν υφίσταται ποτέ άμεση οπτική επαφή και μόνο σπάνια υπήρχε μια αφηγηματική σύνδεση με τις μορφές του κεντρικού πάνελ.;;;;wiktionary_en;Πρώιμη φλαμανδική ζωγραφική
el;ατζέντα;Η φεμινιστική ατζέντα αγνοούσε το γεγονός πως πολλές γυναίκες δεν ήταν νοικοκυρές και ότι δούλευαν ολόκληρη τη ζωή τους για να βοηθήσουν τις οικογένειές τους.;;;;wiktionary_en;Γυναικισμός
el;κίνα;Όπως φαίνεται και στο σχετικό πίνακα, η χώρα με τη μεγαλύτερη παραγωγή ινδίου είναι η Κίνα η οποία καλύπτει πάνω από το 50 % της παγκόσμιας παραγωγής.;;;;wiktionary_en;Ίνδιο
el;καμβάς;1658–60 (πάνελ) Ένα ζευγάρι το πρωί – 1665 (καμβάς) Ζευγάρι με παπαγάλο – περ.;;;;wiktionary_fr;Πίτερ ντε Χόοχ
el;κολιέ;Ανάμεσα στις πιο διάσημες δημιουργίες τους είναι το δόρυ Γκούνγκνιρ και το χρυσό δαχτυλίδι Ντράουπνιρ του Οντίν, το σφυρί Μγιόλνιρ του Θωρ, τα χρυσά μαλλιά της Σιφ, το κολιέ Μπρισινγκάμεν της Φρέγια και το πλοίο Σκιντμπλάντνιρ του Φρέι.;;;;wiktionary_fr;Νάνοι Σκανδιναβικής μυθολογίας
el;αβαντάζ;Οι λόγοι για τους οποίους ένας αγώνας κρίκετ διακόπτεται μέχρι να σταματήσει η βροχή είναι οι εξής:  η βροχή κάνει την πίστα γλιστερή, δίνοντας έτσι αθέμιτο αβαντάζ στην παραταγμένη ομάδα.;;;;wiktionary_fr;Κρίκετ
el;Βρετάνη;"Η Βρετάνη αποτελεί μια ιστορική, γεωγραφική και πολιτισμική οντότητα (συχνά αποκαλείται και ""ιστορική Βρετάνη"" ώστε να διαφοροποιείται από τη διοικητική περιοχή της Βρετάνης).";;;;wiktionary_fr;Βρετάνη
el;κραγιόν;Οι παγιδευτές φορούσαν κραγιόν για να συμβολίσουν την ανεξαρτησία τους.;;;;wiktionary_fr;Κραγιόν
el;σέρβερ;Ο κύριος σκοπός της Google Αναζήτησης είναι να ψάχνει για κείμενο σε δημόσια προσβάσιμα έγγραφα που παρέχονται από σέρβερ, σε αντίθεση με άλλα δεδομένα, όπως η υπηρεσία αναζήτησης Google Images.;;;;noun_transliterated;Αναζήτηση Google
el;βαλς;Ο σύλλογος μετακόμισε στη μέχρι σήμερα έδρα του, το ΕΜ Στάντιον Βαλς-Σίτσενχαϊμ, το 2003.;;;;wiktionary_fr;ΦΚ Ρεντ Μπουλ Σάλτσμπουργκ
el;χατ τρικ;Το χατ τρικ ή χατ-τρικ (αγγλικά: hat-trick) είναι ένας όρος που χρησιμοποιείται σε διάφορα αθλήματα για να δηλώσει την εξαιρετική επίδοση ενός αθλητή, ο οποίος έχει επαναλάβει μια επιτυχία τρεις φορές, όπως τρία τέρματα ή τρεις συνεχόμενες νίκες σε αγώνες.;;;;wiktionary_en;Χατ τρικ
el;καλοριφέρ;Κοινώς, όταν λέμε καλοριφέρ εννοούμε γενικά το σύστημα θέρμανσης, ενώ σώμα καλοριφέρ εννοούμε το θερμαντικό σώμα με το οποίο μεταδίδεται η θέρμανση.;;;;wiktionary_fr;Καλοριφέρ
el;Τζούλια;2001-2010 Το 2001 η Τζούλια Ρόμπερτς πήρε στα χέρια της το πολυπόθητο Όσκαρ Α' Γυναικείου Ρόλου για την ταινία Έριν Μπρόκοβιτς.;;;;wiktionary_en;Τζούλια Ρόμπερτς
el;έκανε check;Μετά τη διάλυση των Sex Pistols, το ζευγάρι μετακόμισε στη Νέα Υόρκη και έκανε check in στο Hotel Chelsea όπου πέρασαν τον χρόνο τους καταναλώνοντας ναρκωτικά.;;;;verb_light_latin;Νάνσι Σπούνγζεν
el;Βερόνικα;Για τον 2ο κύκλο, ο συνθέτης ανακοίνωσε την κυκλοφορία μεταποιημένων ορχηστρικών και καινούριων τραγουδιών, που ερμηνεύουν οι: Θέμης Αδαμαντίδης, Μπάμπης Βελλισάριος, η Βερόνικα Νταβάκη και ο Πάνος Παπαϊωάννου.;;;;wiktionary_en;Λόγω τιμής
el;Ιλ-ντε-Φρανς;Γεωγραφικά στοιχεία Ο νομός Ιβλίν αποτελεί τμήμα της περιοχής Ιλ-ντε-Φρανς.;;;;wiktionary_fr;Ιβλίν
el;μπιμπερό;Τα μωρά γεννιούνται με ένα αντανακλαστικό πιπίλισμα που τους επιτρέπει να εξαγάγουν το γάλα από τις θηλές των μαστών ή από το μπιμπερό, καθώς και με μια ενστικτώδη συμπεριφορά γνωστή ως ριζοβολία με την οποία αναζητούν τη θηλή.;;;;wiktionary_fr;Βρέφος
el;σαμποτέρ;276  Εξωτερικοί σύνδεσμοι  Σαμποτέρ στην IMDb (Αγγλικά) Σαμποτέρ στο AllMovie (Αγγλικά) Σαμποτέρ στο Rotten Tomatoes (Αγγλικά) Σαμποτέρ στο Metacritic (Αγγλικά) Σαμποτέρ στο Box Office Mojo (Αγγλικά) Σαμποτέρ στο TCMDB (Αγγλικά) Σαμποτέρ στο AlloCine (Γαλλικά) Σαμποτέρ στο Cine.gr (αρχειοθετημένος);;;;wiktionary_fr;Σαμποτέρ (ταινία)
el;βοτανική;Στις αρχές του 13ου αιώνα ο αραβοανδαλουσιανός βιολόγος Αμπού αλ Αμπάς αλ Ναμπάτι ανέπτυξε μία επιστημονική μέθοδο για την βοτανική εισάγοντας εμπειρικές και πειραματικές μεθόδους στις δοκιμές, την περιγραφή και την αναγνώριση των διάφορων materia medica (φαρμακολογία) και διαχώρισε ανεπιβεβαίωτες αναφορές από αυτές που υποστηρίζονταν από υπαρκτές δοκιμές και παρατηρήσεις.;;;;wiktionary_fr;Ιστορία της βιολογίας
el;δημοτική;Αξίζει να αναφερθεί η απόδοση του Γεωργίου Τσουκαλά το 1954, που γνώρισε πολλές επανεκδόσεις, του Αντώνη Σιμιτζή το 1993, του Μάριου Βερέττα (αντικριστά με το πρωτότυπο) το 2005 και του Δημήτρη Καλοκύρη το 2005, και, πιο πρόσφατα, σε μεταγραφή στη δημοτική και επιμέλεια του Δημήτρη Φύσσα.;;;;wiktionary_fr;Πάπισσα Ιωάννα
el;γεωθερμικός;Στις κλειστού τύπου εφαρμογές ο γεωθερμικός εναλλάκτης (οριζόντιος ή κατακόρυφος) αποτελείται από ένα κλειστό κύκλωμα νερού που είναι θαμμένο στη γη και απορροφάει ενέργεια συνεχώς.;;;;wiktionary_fr;Αντλία θερμότητας
el;Γουόλτερ;Κατά τον παραγωγό κλασικής μουσικής Χάρι Γουόλτερ Λεγκ, η Κάλλας κατείχε το πλέον βασικό χαρακτηριστικό ενός σπουδαίου τραγουδιστή, μια άμεσα αναγνωρίσιμη φωνή.;;;;wiktionary_en;Μαρία Κάλλας
el;εποποιία;Το 1964 συνέγραψε για λογαριασμό του Γενικού Επιτελείου Στρατού το χρονικό του πολέμου, το οποίο εκδόθηκε με τον τίτλο Ελληνική Εποποιία 1940-41.;;;;wiktionary_fr;Άγγελος Τερζάκης
el;αβανγκάρντ;Χαρακτηριστικά Το είδος της αβανγκάρντ μέταλ είναι συνώνυμο με το πειραματικό μέταλ και το αβάν-μέταλ, αλλά μπορεί να αναφέρεται και σε ξεχωριστό είδος της ατμοσφαιρικής μέταλ ή της μετα-μέταλ, η οποία ονομάστηκε με αναφορά για τη μετα-ροκ.;;;;wiktionary_fr;Αβανγκάρντ μέταλ
el;οτοστόπ;Απέκτησε διεθνή φήμη με την ταινία Αγώνας επιβιώσεως και συμμετείχε σε αμερικανικές ταινίες όπως στην ταινία Το γεράκια της νύχτας και στην ταινία επιστημονικής φαντασίας Blade Runner (1982), οι οποίες του χάρισαν ρόλους πρωταγωνιστικούς όπως στις ταινίες Όστερμαν, το 48ωρο των κατασκόπων, Ο λύκος και το γεράκι, Σάρκα και αίμα, Το οτοστόπ του τρόμου, Απόδραση από το Σομπιμπόρ (για την οποία κέρδισε Χρυσή Σφαίρα Β' Ανδρικού Ρόλου), Τυφλός σαμουράι, Σώμα με σώμα και Φυλακές υψίστης ασφαλείας.;;;;wiktionary_fr;Ρούτγκερ Χάουερ
el;Φίλιπ;Κατά τον Φίλιπ Φρεντς της Guardian, η ταινία ήταν «οπτικά εκπληκτική», με την Κάλλας «στο κέντρο της μόνης της ταινίας, μια επιβλητική παρουσία με τα τεράστια καστανά μάτια της».;;;;wiktionary_en;Μαρία Κάλλας
el;hack;swiss.re), από όσους ασχολούνται με το reverse engineering, καθώς και ως domain hack για λέξεις που τελειώνουν σε -re (όπως adventu.re ή nearfutu.re), παρόμοια με τις συντομεύσεις που χρησιμοποιούνται σε άλλες καταλήξεις TLD (όπως τα bit.ly και delicio.us).;;;;cs_latin_raw;.re
el;Χάρι;Κατά τη διάρκεια των γυρισμάτων των ταινιών Χάρι Πότερ, η Γουάτσον και οι συνομήλικοί συμπρωταγωνιστές της έκαναν ιδιαίτερα μαθήματα από παιδαγωγό μέχρι και πέντε ώρες την ημέρα.;;;;wiktionary_en;Έμα Γουάτσον
el;ασανσέρ;Σήμερα έχει επικρατήσει ο γαλλικός όρος ασανσέρ για τον ανελκυστήρα ή ανυψωτήρα που χρησιμοποιείται στα πολυώροφα κτίρια.;;;;wiktionary_fr;Ανελκυστήρας
el;βίντεο;Σε διεθνείς αγώνες και σε αρκετές εθνικές επαγγελματικές διοργανώσεις υπάρχουν και 2 βοηθοί διαιτητές δίπλα στο κάθε τέρμα, καθώς και διαιτητές που έχουν τη δυνατότητα να δουν φάσεις σε βίντεο.;;;;wiktionary_en;Ποδόσφαιρο
el;σουλφίδιο;Αντίθετα, το σουλφίδιο μετατρέπεται σε υδροσουλφίδιο:  S2− + H2O → SH− + OH− Κατά την επεξεργασία με ένα οξύ, τα θειούχα άλατα μετατρέπονται σε υδρόθειο:  S2− + H+ → SH− SH− + H+ → H2S Η οξείδωση του σουλφιδίου είναι μια πολύπλοκη διαδικασία.;;;;wiktionary_en;Σουλφίδια
el;αλκοόλ;Ο Παγκόσμιος Οργανισμός Υγείας (ΠΟΥ) εκτιμά ότι υπάρχουν 283 εκατομμύρια άνθρωποι με διαταραχές χρήσης αλκοόλ παγκοσμίως (2016).;;;;wiktionary_fr;Αλκοολισμός
el;ηλεκτρικός;Ο ηλεκτρικός συσσωρευτής χαρακτηρίζεται από τη χωρητικότητα, δηλ.;;;;wiktionary_fr;Ηλεκτρική μπαταρία
