term,lemma,lang,type,pos
click,click,ast,noun_raw,NOUN
clickes,click,ast,noun_plural_native,NOUN
clicks,click,ast,noun_plural_english,NOUN
facer click,click,ast,verb_light_construction,VERB
facer un click,click,ast,verb_light_construction,VERB
fizo click,click,ast,verb_light_construction,VERB
fizo un click,click,ast,verb_light_construction,VERB
fai click,click,ast,verb_light_construction,VERB
fai un click,click,ast,verb_light_construction,VERB
facemos click,click,ast,verb_light_construction,VERB
facemos un click,click,ast,verb_light_construction,VERB
faen click,click,ast,verb_light_construction,VERB
faen un click,click,ast,verb_light_construction,VERB
faciendo click,click,ast,verb_light_construction,VERB
faciendo un click,click,ast,verb_light_construction,VERB
fechu click,click,ast,verb_light_construction,VERB
fechu un click,click,ast,verb_light_construction,VERB
cliquiar,click,ast,verb_morph_prescriptive,VERB
cliquiáu,click,ast,verb_participle_prescriptive,VERB
clickiar,click,ast,verb_morph_descriptive,VERB
clickiáu,click,ast,verb_participle_descriptive,VERB
post,post,ast,noun_raw,NOUN
postes,post,ast,noun_plural_native,NOUN
posts,post,ast,noun_plural_english,NOUN
facer post,post,ast,verb_light_construction,VERB
facer un post,post,ast,verb_light_construction,VERB
fizo post,post,ast,verb_light_construction,VERB
fizo un post,post,ast,verb_light_construction,VERB
fai post,post,ast,verb_light_construction,VERB
fai un post,post,ast,verb_light_construction,VERB
facemos post,post,ast,verb_light_construction,VERB
facemos un post,post,ast,verb_light_construction,VERB
faen post,post,ast,verb_light_construction,VERB
faen un post,post,ast,verb_light_construction,VERB
faciendo post,post,ast,verb_light_construction,VERB
faciendo un post,post,ast,verb_light_construction,VERB
fechu post,post,ast,verb_light_construction,VERB
fechu un post,post,ast,verb_light_construction,VERB
postiar,post,ast,verb_morph_prescriptive,VERB
postiáu,post,ast,verb_participle_prescriptive,VERB
chat,chat,ast,noun_raw,NOUN
chates,chat,ast,noun_plural_native,NOUN
chats,chat,ast,noun_plural_english,NOUN
facer chat,chat,ast,verb_light_construction,VERB
facer un chat,chat,ast,verb_light_construction,VERB
fizo chat,chat,ast,verb_light_construction,VERB
fizo un chat,chat,ast,verb_light_construction,VERB
fai chat,chat,ast,verb_light_construction,VERB
fai un chat,chat,ast,verb_light_construction,VERB
facemos chat,chat,ast,verb_light_construction,VERB
facemos un chat,chat,ast,verb_light_construction,VERB
faen chat,chat,ast,verb_light_construction,VERB
faen un chat,chat,ast,verb_light_construction,VERB
faciendo chat,chat,ast,verb_light_construction,VERB
faciendo un chat,chat,ast,verb_light_construction,VERB
fechu chat,chat,ast,verb_light_construction,VERB
fechu un chat,chat,ast,verb_light_construction,VERB
chatiar,chat,ast,verb_morph_prescriptive,VERB
chatiáu,chat,ast,verb_participle_prescriptive,VERB
link,link,ast,noun_raw,NOUN
linkes,link,ast,noun_plural_native,NOUN
links,link,ast,noun_plural_english,NOUN
facer link,link,ast,verb_light_construction,VERB
facer un link,link,ast,verb_light_construction,VERB
fizo link,link,ast,verb_light_construction,VERB
fizo un link,link,ast,verb_light_construction,VERB
fai link,link,ast,verb_light_construction,VERB
fai un link,link,ast,verb_light_construction,VERB
facemos link,link,ast,verb_light_construction,VERB
facemos un link,link,ast,verb_light_construction,VERB
faen link,link,ast,verb_light_construction,VERB
faen un link,link,ast,verb_light_construction,VERB
faciendo link,link,ast,verb_light_construction,VERB
faciendo un link,link,ast,verb_light_construction,VERB
fechu link,link,ast,verb_light_construction,VERB
fechu un link,link,ast,verb_light_construction,VERB
linquiar,link,ast,verb_morph_prescriptive,VERB
linquiáu,link,ast,verb_participle_prescriptive,VERB
linkiar,link,ast,verb_morph_descriptive,VERB
linkiáu,link,ast,verb_participle_descriptive,VERB
tag,tag,ast,noun_raw,NOUN
tages,tag,ast,noun_plural_native,NOUN
tags,tag,ast,noun_plural_english,NOUN
facer tag,tag,ast,verb_light_construction,VERB
facer un tag,tag,ast,verb_light_construction,VERB
fizo tag,tag,ast,verb_light_construction,VERB
fizo un tag,tag,ast,verb_light_construction,VERB
fai tag,tag,ast,verb_light_construction,VERB
fai un tag,tag,ast,verb_light_construction,VERB
facemos tag,tag,ast,verb_light_construction,VERB
facemos un tag,tag,ast,verb_light_construction,VERB
faen tag,tag,ast,verb_light_construction,VERB
faen un tag,tag,ast,verb_light_construction,VERB
faciendo tag,tag,ast,verb_light_construction,VERB
faciendo un tag,tag,ast,verb_light_construction,VERB
fechu tag,tag,ast,verb_light_construction,VERB
fechu un tag,tag,ast,verb_light_construction,VERB
taguiar,tag,ast,verb_morph_prescriptive,VERB
taguiáu,tag,ast,verb_participle_prescriptive,VERB
tagiar,tag,ast,verb_morph_descriptive,VERB
tagiáu,tag,ast,verb_participle_descriptive,VERB
tuit,tweet,ast,noun_raw,NOUN
tuites,tweet,ast,noun_plural_native,NOUN
tuits,tweet,ast,noun_plural_english,NOUN
facer tuit,tweet,ast,verb_light_construction,VERB
facer un tuit,tweet,ast,verb_light_construction,VERB
fizo tuit,tweet,ast,verb_light_construction,VERB
fizo un tuit,tweet,ast,verb_light_construction,VERB
fai tuit,tweet,ast,verb_light_construction,VERB
fai un tuit,tweet,ast,verb_light_construction,VERB
facemos tuit,tweet,ast,verb_light_construction,VERB
facemos un tuit,tweet,ast,verb_light_construction,VERB
faen tuit,tweet,ast,verb_light_construction,VERB
faen un tuit,tweet,ast,verb_light_construction,VERB
faciendo tuit,tweet,ast,verb_light_construction,VERB
faciendo un tuit,tweet,ast,verb_light_construction,VERB
fechu tuit,tweet,ast,verb_light_construction,VERB
fechu un tuit,tweet,ast,verb_light_construction,VERB
tuitiar,tweet,ast,verb_morph_prescriptive,VERB
tuitiáu,tweet,ast,verb_participle_prescriptive,VERB
escan,scan,ast,noun_raw,NOUN
escanes,scan,ast,noun_plural_native,NOUN
escans,scan,ast,noun_plural_english,NOUN
facer escan,scan,ast,verb_light_construction,VERB
facer un escan,scan,ast,verb_light_construction,VERB
fizo escan,scan,ast,verb_light_construction,VERB
fizo un escan,scan,ast,verb_light_construction,VERB
fai escan,scan,ast,verb_light_construction,VERB
fai un escan,scan,ast,verb_light_construction,VERB
facemos escan,scan,ast,verb_light_construction,VERB
facemos un escan,scan,ast,verb_light_construction,VERB
faen escan,scan,ast,verb_light_construction,VERB
faen un escan,scan,ast,verb_light_construction,VERB
faciendo escan,scan,ast,verb_light_construction,VERB
faciendo un escan,scan,ast,verb_light_construction,VERB
fechu escan,scan,ast,verb_light_construction,VERB
fechu un escan,scan,ast,verb_light_construction,VERB
escaniar,scan,ast,verb_morph_prescriptive,VERB
escaniáu,scan,ast,verb_participle_prescriptive,VERB
format,format,ast,noun_raw,NOUN
formates,format,ast,noun_plural_native,NOUN
formats,format,ast,noun_plural_english,NOUN
facer format,format,ast,verb_light_construction,VERB
facer un format,format,ast,verb_light_construction,VERB
fizo format,format,ast,verb_light_construction,VERB
fizo un format,format,ast,verb_light_construction,VERB
fai format,format,ast,verb_light_construction,VERB
fai un format,format,ast,verb_light_construction,VERB
facemos format,format,ast,verb_light_construction,VERB
facemos un format,format,ast,verb_light_construction,VERB
faen format,format,ast,verb_light_construction,VERB
faen un format,format,ast,verb_light_construction,VERB
faciendo format,format,ast,verb_light_construction,VERB
faciendo un format,format,ast,verb_light_construction,VERB
fechu format,format,ast,verb_light_construction,VERB
fechu un format,format,ast,verb_light_construction,VERB
formatiar,format,ast,verb_morph_prescriptive,VERB
formatiáu,format,ast,verb_participle_prescriptive,VERB
hack,hack,ast,noun_raw,NOUN
hackes,hack,ast,noun_plural_native,NOUN
hacks,hack,ast,noun_plural_english,NOUN
facer hack,hack,ast,verb_light_construction,VERB
facer un hack,hack,ast,verb_light_construction,VERB
fizo hack,hack,ast,verb_light_construction,VERB
fizo un hack,hack,ast,verb_light_construction,VERB
fai hack,hack,ast,verb_light_construction,VERB
fai un hack,hack,ast,verb_light_construction,VERB
facemos hack,hack,ast,verb_light_construction,VERB
facemos un hack,hack,ast,verb_light_construction,VERB
faen hack,hack,ast,verb_light_construction,VERB
faen un hack,hack,ast,verb_light_construction,VERB
faciendo hack,hack,ast,verb_light_construction,VERB
faciendo un hack,hack,ast,verb_light_construction,VERB
fechu hack,hack,ast,verb_light_construction,VERB
fechu un hack,hack,ast,verb_light_construction,VERB
haquiar,hack,ast,verb_morph_prescriptive,VERB
haquiáu,hack,ast,verb_participle_prescriptive,VERB
hackiar,hack,ast,verb_morph_descriptive,VERB
hackiáu,hack,ast,verb_participle_descriptive,VERB
ban,ban,ast,noun_raw,NOUN
banes,ban,ast,noun_plural_native,NOUN
bans,ban,ast,noun_plural_english,NOUN
facer ban,ban,ast,verb_light_construction,VERB
facer un ban,ban,ast,verb_light_construction,VERB
fizo ban,ban,ast,verb_light_construction,VERB
fizo un ban,ban,ast,verb_light_construction,VERB
fai ban,ban,ast,verb_light_construction,VERB
fai un ban,ban,ast,verb_light_construction,VERB
facemos ban,ban,ast,verb_light_construction,VERB
facemos un ban,ban,ast,verb_light_construction,VERB
faen ban,ban,ast,verb_light_construction,VERB
faen un ban,ban,ast,verb_light_construction,VERB
faciendo ban,ban,ast,verb_light_construction,VERB
faciendo un ban,ban,ast,verb_light_construction,VERB
fechu ban,ban,ast,verb_light_construction,VERB
fechu un ban,ban,ast,verb_light_construction,VERB
baniar,ban,ast,verb_morph_prescriptive,VERB
baniáu,ban,ast,verb_participle_prescriptive,VERB
log,log,ast,noun_raw,NOUN
loges,log,ast,noun_plural_native,NOUN
logs,log,ast,noun_plural_english,NOUN
facer log,log,ast,verb_light_construction,VERB
facer un log,log,ast,verb_light_construction,VERB
fizo log,log,ast,verb_light_construction,VERB
fizo un log,log,ast,verb_light_construction,VERB
fai log,log,ast,verb_light_construction,VERB
fai un log,log,ast,verb_light_construction,VERB
facemos log,log,ast,verb_light_construction,VERB
facemos un log,log,ast,verb_light_construction,VERB
faen log,log,ast,verb_light_construction,VERB
faen un log,log,ast,verb_light_construction,VERB
faciendo log,log,ast,verb_light_construction,VERB
faciendo un log,log,ast,verb_light_construction,VERB
fechu log,log,ast,verb_light_construction,VERB
fechu un log,log,ast,verb_light_construction,VERB
loguiar,log,ast,verb_morph_prescriptive,VERB
loguiáu,log,ast,verb_participle_prescriptive,VERB
logiar,log,ast,verb_morph_descriptive,VERB
logiáu,log,ast,verb_participle_descriptive,VERB
reset,reset,ast,noun_raw,NOUN
resetes,reset,ast,noun_plural_native,NOUN
resets,reset,ast,noun_plural_english,NOUN
facer reset,reset,ast,verb_light_construction,VERB
facer un reset,reset,ast,verb_light_construction,VERB
fizo reset,reset,ast,verb_light_construction,VERB
fizo un reset,reset,ast,verb_light_construction,VERB
fai reset,reset,ast,verb_light_construction,VERB
fai un reset,reset,ast,verb_light_construction,VERB
facemos reset,reset,ast,verb_light_construction,VERB
facemos un reset,reset,ast,verb_light_construction,VERB
faen reset,reset,ast,verb_light_construction,VERB
faen un reset,reset,ast,verb_light_construction,VERB
faciendo reset,reset,ast,verb_light_construction,VERB
faciendo un reset,reset,ast,verb_light_construction,VERB
fechu reset,reset,ast,verb_light_construction,VERB
fechu un reset,reset,ast,verb_light_construction,VERB
resetiar,reset,ast,verb_morph_prescriptive,VERB
resetiáu,reset,ast,verb_participle_prescriptive,VERB
download,download,ast,noun_raw,NOUN
downloades,download,ast,noun_plural_native,NOUN
downloads,download,ast,noun_plural_english,NOUN
facer download,download,ast,verb_light_construction,VERB
facer un download,download,ast,verb_light_construction,VERB
fizo download,download,ast,verb_light_construction,VERB
fizo un download,download,ast,verb_light_construction,VERB
fai download,download,ast,verb_light_construction,VERB
fai un download,download,ast,verb_light_construction,VERB
facemos download,download,ast,verb_light_construction,VERB
facemos un download,download,ast,verb_light_construction,VERB
faen download,download,ast,verb_light_construction,VERB
faen un download,download,ast,verb_light_construction,VERB
faciendo download,download,ast,verb_light_construction,VERB
faciendo un download,download,ast,verb_light_construction,VERB
fechu download,download,ast,verb_light_construction,VERB
fechu un download,download,ast,verb_light_construction,VERB
downloadiar,download,ast,verb_morph_prescriptive,VERB
downloadiáu,download,ast,verb_participle_prescriptive,VERB
estream,stream,ast,noun_raw,NOUN
estreames,stream,ast,noun_plural_native,NOUN
estreams,stream,ast,noun_plural_english,NOUN
facer estream,stream,ast,verb_light_construction,VERB
facer un estream,stream,ast,verb_light_construction,VERB
fizo estream,stream,ast,verb_light_construction,VERB
fizo un estream,stream,ast,verb_light_construction,VERB
fai estream,stream,ast,verb_light_construction,VERB
fai un estream,stream,ast,verb_light_construction,VERB
facemos estream,stream,ast,verb_light_construction,VERB
facemos un estream,stream,ast,verb_light_construction,VERB
faen estream,stream,ast,verb_light_construction,VERB
faen un estream,stream,ast,verb_light_construction,VERB
faciendo estream,stream,ast,verb_light_construction,VERB
faciendo un estream,stream,ast,verb_light_construction,VERB
fechu estream,stream,ast,verb_light_construction,VERB
fechu un estream,stream,ast,verb_light_construction,VERB
estreamiar,stream,ast,verb_morph_prescriptive,VERB
estreamiáu,stream,ast,verb_participle_prescriptive,VERB
like,like,ast,noun_raw,NOUN
likes,like,ast,noun_plural_native,NOUN
facer like,like,ast,verb_light_construction,VERB
facer un like,like,ast,verb_light_construction,VERB
fizo like,like,ast,verb_light_construction,VERB
fizo un like,like,ast,verb_light_construction,VERB
fai like,like,ast,verb_light_construction,VERB
fai un like,like,ast,verb_light_construction,VERB
facemos like,like,ast,verb_light_construction,VERB
facemos un like,like,ast,verb_light_construction,VERB
faen like,like,ast,verb_light_construction,VERB
faen un like,like,ast,verb_light_construction,VERB
faciendo like,like,ast,verb_light_construction,VERB
faciendo un like,like,ast,verb_light_construction,VERB
fechu like,like,ast,verb_light_construction,VERB
fechu un like,like,ast,verb_light_construction,VERB
liquiar,like,ast,verb_morph_prescriptive,VERB
liquiáu,like,ast,verb_participle_prescriptive,VERB
likiar,like,ast,verb_morph_descriptive,VERB
likiáu,like,ast,verb_participle_descriptive,VERB
escroll,scroll,ast,noun_raw,NOUN
escrolles,scroll,ast,noun_plural_native,NOUN
escrolls,scroll,ast,noun_plural_english,NOUN
facer escroll,scroll,ast,verb_light_construction,VERB
facer un escroll,scroll,ast,verb_light_construction,VERB
fizo escroll,scroll,ast,verb_light_construction,VERB
fizo un escroll,scroll,ast,verb_light_construction,VERB
fai escroll,scroll,ast,verb_light_construction,VERB
fai un escroll,scroll,ast,verb_light_construction,VERB
facemos escroll,scroll,ast,verb_light_construction,VERB
facemos un escroll,scroll,ast,verb_light_construction,VERB
faen escroll,scroll,ast,verb_light_construction,VERB
faen un escroll,scroll,ast,verb_light_construction,VERB
faciendo escroll,scroll,ast,verb_light_construction,VERB
faciendo un escroll,scroll,ast,verb_light_construction,VERB
fechu escroll,scroll,ast,verb_light_construction,VERB
fechu un escroll,scroll,ast,verb_light_construction,VERB
escrolliar,scroll,ast,verb_morph_prescriptive,VERB
escrolliáu,scroll,ast,verb_participle_prescriptive,VERB
update,update,ast,noun_raw,NOUN
updates,update,ast,noun_plural_native,NOUN
facer update,update,ast,verb_light_construction,VERB
facer un update,update,ast,verb_light_construction,VERB
fizo update,update,ast,verb_light_construction,VERB
fizo un update,update,ast,verb_light_construction,VERB
fai update,update,ast,verb_light_construction,VERB
fai un update,update,ast,verb_light_construction,VERB
facemos update,update,ast,verb_light_construction,VERB
facemos un update,update,ast,verb_light_construction,VERB
faen update,update,ast,verb_light_construction,VERB
faen un update,update,ast,verb_light_construction,VERB
faciendo update,update,ast,verb_light_construction,VERB
faciendo un update,update,ast,verb_light_construction,VERB
fechu update,update,ast,verb_light_construction,VERB
fechu un update,update,ast,verb_light_construction,VERB
updatiar,update,ast,verb_morph_prescriptive,VERB
updatiáu,update,ast,verb_participle_prescriptive,VERB
forward,forward,ast,noun_raw,NOUN
forwardes,forward,ast,noun_plural_native,NOUN
forwards,forward,ast,noun_plural_english,NOUN
facer forward,forward,ast,verb_light_construction,VERB
facer un forward,forward,ast,verb_light_construction,VERB
fizo forward,forward,ast,verb_light_construction,VERB
fizo un forward,forward,ast,verb_light_construction,VERB
fai forward,forward,ast,verb_light_construction,VERB
fai un forward,forward,ast,verb_light_construction,VERB
facemos forward,forward,ast,verb_light_construction,VERB
facemos un forward,forward,ast,verb_light_construction,VERB
faen forward,forward,ast,verb_light_construction,VERB
faen un forward,forward,ast,verb_light_construction,VERB
faciendo forward,forward,ast,verb_light_construction,VERB
faciendo un forward,forward,ast,verb_light_construction,VERB
fechu forward,forward,ast,verb_light_construction,VERB
fechu un forward,forward,ast,verb_light_construction,VERB
forwardiar,forward,ast,verb_morph_prescriptive,VERB
forwardiáu,forward,ast,verb_participle_prescriptive,VERB
espam,spam,ast,noun_raw,NOUN
espames,spam,ast,noun_plural_native,NOUN
espams,spam,ast,noun_plural_english,NOUN
facer espam,spam,ast,verb_light_construction,VERB
facer un espam,spam,ast,verb_light_construction,VERB
fizo espam,spam,ast,verb_light_construction,VERB
fizo un espam,spam,ast,verb_light_construction,VERB
fai espam,spam,ast,verb_light_construction,VERB
fai un espam,spam,ast,verb_light_construction,VERB
facemos espam,spam,ast,verb_light_construction,VERB
facemos un espam,spam,ast,verb_light_construction,VERB
faen espam,spam,ast,verb_light_construction,VERB
faen un espam,spam,ast,verb_light_construction,VERB
faciendo espam,spam,ast,verb_light_construction,VERB
faciendo un espam,spam,ast,verb_light_construction,VERB
fechu espam,spam,ast,verb_light_construction,VERB
fechu un espam,spam,ast,verb_light_construction,VERB
espamiar,spam,ast,verb_morph_prescriptive,VERB
espamiáu,spam,ast,verb_participle_prescriptive,VERB
check,check,ast,noun_raw,NOUN
checkes,check,ast,noun_plural_native,NOUN
checks,check,ast,noun_plural_english,NOUN
facer check,check,ast,verb_light_construction,VERB
facer un check,check,ast,verb_light_construction,VERB
fizo check,check,ast,verb_light_construction,VERB
fizo un check,check,ast,verb_light_construction,VERB
fai check,check,ast,verb_light_construction,VERB
fai un check,check,ast,verb_light_construction,VERB
facemos check,check,ast,verb_light_construction,VERB
facemos un check,check,ast,verb_light_construction,VERB
faen check,check,ast,verb_light_construction,VERB
faen un check,check,ast,verb_light_construction,VERB
faciendo check,check,ast,verb_light_construction,VERB
faciendo un check,check,ast,verb_light_construction,VERB
fechu check,check,ast,verb_light_construction,VERB
fechu un check,check,ast,verb_light_construction,VERB
chequiar,check,ast,verb_morph_prescriptive,VERB
chequiáu,check,ast,verb_participle_prescriptive,VERB
checkiar,check,ast,verb_morph_descriptive,VERB
checkiáu,check,ast,verb_participle_descriptive,VERB
espoiler,spoiler,ast,noun_raw,NOUN
espoileres,spoiler,ast,noun_plural_native,NOUN
espoilers,spoiler,ast,noun_plural_english,NOUN
facer espoiler,spoiler,ast,verb_light_construction,VERB
facer un espoiler,spoiler,ast,verb_light_construction,VERB
fizo espoiler,spoiler,ast,verb_light_construction,VERB
fizo un espoiler,spoiler,ast,verb_light_construction,VERB
fai espoiler,spoiler,ast,verb_light_construction,VERB
fai un espoiler,spoiler,ast,verb_light_construction,VERB
facemos espoiler,spoiler,ast,verb_light_construction,VERB
facemos un espoiler,spoiler,ast,verb_light_construction,VERB
faen espoiler,spoiler,ast,verb_light_construction,VERB
faen un espoiler,spoiler,ast,verb_light_construction,VERB
faciendo espoiler,spoiler,ast,verb_light_construction,VERB
faciendo un espoiler,spoiler,ast,verb_light_construction,VERB
fechu espoiler,spoiler,ast,verb_light_construction,VERB
fechu un espoiler,spoiler,ast,verb_light_construction,VERB
espoileriar,spoiler,ast,verb_morph_prescriptive,VERB
espoileriáu,spoiler,ast,verb_participle_prescriptive,VERB
troll,troll,ast,noun_raw,NOUN
trolles,troll,ast,noun_plural_native,NOUN
trolls,troll,ast,noun_plural_english,NOUN
facer troll,troll,ast,verb_light_construction,VERB
facer un troll,troll,ast,verb_light_construction,VERB
fizo troll,troll,ast,verb_light_construction,VERB
fizo un troll,troll,ast,verb_light_construction,VERB
fai troll,troll,ast,verb_light_construction,VERB
fai un troll,troll,ast,verb_light_construction,VERB
facemos troll,troll,ast,verb_light_construction,VERB
facemos un troll,troll,ast,verb_light_construction,VERB
faen troll,troll,ast,verb_light_construction,VERB
faen un troll,troll,ast,verb_light_construction,VERB
faciendo troll,troll,ast,verb_light_construction,VERB
faciendo un troll,troll,ast,verb_light_construction,VERB
fechu troll,troll,ast,verb_light_construction,VERB
fechu un troll,troll,ast,verb_light_construction,VERB
trolliar,troll,ast,verb_morph_prescriptive,VERB
trolliáu,troll,ast,verb_participle_prescriptive,VERB
bug,bug,ast,noun_raw,NOUN
buges,bug,ast,noun_plural_native,NOUN
bugs,bug,ast,noun_plural_english,NOUN
server,server,ast,noun_raw,NOUN
serveres,server,ast,noun_plural_native,NOUN
servers,server,ast,noun_plural_english,NOUN
cloud,cloud,ast,noun_raw,NOUN
cloudes,cloud,ast,noun_plural_native,NOUN
clouds,cloud,ast,noun_plural_english,NOUN
software,software,ast,noun_raw,NOUN
softwares,software,ast,noun_plural_native,NOUN
hardware,hardware,ast,noun_raw,NOUN
hardwares,hardware,ast,noun_plural_native,NOUN
online,online,ast,noun_raw,NOUN
onlines,online,ast,noun_plural_native,NOUN
interface,interface,ast,noun_raw,NOUN
interfaces,interface,ast,noun_plural_native,NOUN
user,user,ast,noun_raw,NOUN
useres,user,ast,noun_plural_native,NOUN
users,user,ast,noun_plural_english,NOUN
bot,bot,ast,noun_raw,NOUN
botes,bot,ast,noun_plural_native,NOUN
bots,bot,ast,noun_plural_english,NOUN
app,app,ast,noun_raw,NOUN
appes,app,ast,noun_plural_native,NOUN
apps,app,ast,noun_plural_english,NOUN
pixel,pixel,ast,noun_raw,NOUN
pixeles,pixel,ast,noun_plural_native,NOUN
pixels,pixel,ast,noun_plural_english,NOUN
click,click,eu,noun_raw,NOUN
klika,click,eu,noun_integrated_sg,NOUN
klikak,click,eu,noun_integrated_pl,NOUN
klik egin,click,eu,verb_light_construction,VERB
klik egiten,click,eu,verb_light_construction,VERB
klik egingo,click,eu,verb_light_construction,VERB
klik egin du,click,eu,verb_light_construction,VERB
klik egin zen,click,eu,verb_light_construction,VERB
klikatu,click,eu,verb_morph_integrated,VERB
klikatzen,click,eu,verb_habitual,VERB
post,post,eu,noun_raw,NOUN
posta,post,eu,noun_integrated_sg,NOUN
postak,post,eu,noun_integrated_pl,NOUN
post egin,post,eu,verb_light_construction,VERB
post egiten,post,eu,verb_light_construction,VERB
post egingo,post,eu,verb_light_construction,VERB
post egin du,post,eu,verb_light_construction,VERB
post egin zen,post,eu,verb_light_construction,VERB
postatu,post,eu,verb_morph_integrated,VERB
postatzen,post,eu,verb_habitual,VERB
chat,chat,eu,noun_raw,NOUN
txata,chat,eu,noun_integrated_sg,NOUN
txatak,chat,eu,noun_integrated_pl,NOUN
txat egin,chat,eu,verb_light_construction,VERB
txat egiten,chat,eu,verb_light_construction,VERB
txat egingo,chat,eu,verb_light_construction,VERB
txat egin du,chat,eu,verb_light_construction,VERB
txat egin zen,chat,eu,verb_light_construction,VERB
txatatu,chat,eu,verb_morph_integrated,VERB
txatatzen,chat,eu,verb_habitual,VERB
link,link,eu,noun_raw,NOUN
linka,link,eu,noun_integrated_sg,NOUN
linkak,link,eu,noun_integrated_pl,NOUN
link egin,link,eu,verb_light_construction,VERB
link egiten,link,eu,verb_light_construction,VERB
link egingo,link,eu,verb_light_construction,VERB
link egin du,link,eu,verb_light_construction,VERB
link egin zen,link,eu,verb_light_construction,VERB
linkatu,link,eu,verb_morph_integrated,VERB
linkatzen,link,eu,verb_habitual,VERB
tag,tag,eu,noun_raw,NOUN
taga,tag,eu,noun_integrated_sg,NOUN
tagak,tag,eu,noun_integrated_pl,NOUN
tag egin,tag,eu,verb_light_construction,VERB
tag egiten,tag,eu,verb_light_construction,VERB
tag egingo,tag,eu,verb_light_construction,VERB
tag egin du,tag,eu,verb_light_construction,VERB
tag egin zen,tag,eu,verb_light_construction,VERB
tagatu,tag,eu,verb_morph_integrated,VERB
tagatzen,tag,eu,verb_habitual,VERB
tweet,tweet,eu,noun_raw,NOUN
tuita,tweet,eu,noun_integrated_sg,NOUN
tuitak,tweet,eu,noun_integrated_pl,NOUN
tuit egin,tweet,eu,verb_light_construction,VERB
tuit egiten,tweet,eu,verb_light_construction,VERB
tuit egingo,tweet,eu,verb_light_construction,VERB
tuit egin du,tweet,eu,verb_light_construction,VERB
tuit egin zen,tweet,eu,verb_light_construction,VERB
tuitatu,tweet,eu,verb_morph_integrated,VERB
tuitatzen,tweet,eu,verb_habitual,VERB
scan,scan,eu,noun_raw,NOUN
eskana,scan,eu,noun_integrated_sg,NOUN
eskanak,scan,eu,noun_integrated_pl,NOUN
eskan egin,scan,eu,verb_light_construction,VERB
eskan egiten,scan,eu,verb_light_construction,VERB
eskan egingo,scan,eu,verb_light_construction,VERB
eskan egin du,scan,eu,verb_light_construction,VERB
eskan egin zen,scan,eu,verb_light_construction,VERB
eskanatu,scan,eu,verb_morph_integrated,VERB
eskanatzen,scan,eu,verb_habitual,VERB
format,format,eu,noun_raw,NOUN
formata,format,eu,noun_integrated_sg,NOUN
formatak,format,eu,noun_integrated_pl,NOUN
format egin,format,eu,verb_light_construction,VERB
format egiten,format,eu,verb_light_construction,VERB
format egingo,format,eu,verb_light_construction,VERB
format egin du,format,eu,verb_light_construction,VERB
format egin zen,format,eu,verb_light_construction,VERB
formatatu,format,eu,verb_morph_integrated,VERB
formatatzen,format,eu,verb_habitual,VERB
hack,hack,eu,noun_raw,NOUN
haka,hack,eu,noun_integrated_sg,NOUN
hakak,hack,eu,noun_integrated_pl,NOUN
hak egin,hack,eu,verb_light_construction,VERB
hak egiten,hack,eu,verb_light_construction,VERB
hak egingo,hack,eu,verb_light_construction,VERB
hak egin du,hack,eu,verb_light_construction,VERB
hak egin zen,hack,eu,verb_light_construction,VERB
hakatu,hack,eu,verb_morph_integrated,VERB
hakatzen,hack,eu,verb_habitual,VERB
ban,ban,eu,noun_raw,NOUN
bana,ban,eu,noun_integrated_sg,NOUN
banak,ban,eu,noun_integrated_pl,NOUN
ban egin,ban,eu,verb_light_construction,VERB
ban egiten,ban,eu,verb_light_construction,VERB
ban egingo,ban,eu,verb_light_construction,VERB
ban egin du,ban,eu,verb_light_construction,VERB
ban egin zen,ban,eu,verb_light_construction,VERB
banatu,ban,eu,verb_morph_integrated,VERB
banatzen,ban,eu,verb_habitual,VERB
log,log,eu,noun_raw,NOUN
loga,log,eu,noun_integrated_sg,NOUN
logak,log,eu,noun_integrated_pl,NOUN
log egin,log,eu,verb_light_construction,VERB
log egiten,log,eu,verb_light_construction,VERB
log egingo,log,eu,verb_light_construction,VERB
log egin du,log,eu,verb_light_construction,VERB
log egin zen,log,eu,verb_light_construction,VERB
logatu,log,eu,verb_morph_integrated,VERB
logatzen,log,eu,verb_habitual,VERB
reset,reset,eu,noun_raw,NOUN
reseta,reset,eu,noun_integrated_sg,NOUN
resetak,reset,eu,noun_integrated_pl,NOUN
reset egin,reset,eu,verb_light_construction,VERB
reset egiten,reset,eu,verb_light_construction,VERB
reset egingo,reset,eu,verb_light_construction,VERB
reset egin du,reset,eu,verb_light_construction,VERB
reset egin zen,reset,eu,verb_light_construction,VERB
resetatu,reset,eu,verb_morph_integrated,VERB
resetatzen,reset,eu,verb_habitual,VERB
download,download,eu,noun_raw,NOUN
downloada,download,eu,noun_integrated_sg,NOUN
downloadak,download,eu,noun_integrated_pl,NOUN
download egin,download,eu,verb_light_construction,VERB
download egiten,download,eu,verb_light_construction,VERB
download egingo,download,eu,verb_light_construction,VERB
download egin du,download,eu,verb_light_construction,VERB
download egin zen,download,eu,verb_light_construction,VERB
downloadatu,download,eu,verb_morph_integrated,VERB
downloadatzen,download,eu,verb_habitual,VERB
stream,stream,eu,noun_raw,NOUN
estreama,stream,eu,noun_integrated_sg,NOUN
estreamak,stream,eu,noun_integrated_pl,NOUN
estream egin,stream,eu,verb_light_construction,VERB
estream egiten,stream,eu,verb_light_construction,VERB
estream egingo,stream,eu,verb_light_construction,VERB
estream egin du,stream,eu,verb_light_construction,VERB
estream egin zen,stream,eu,verb_light_construction,VERB
estreamatu,stream,eu,verb_morph_integrated,VERB
estreamatzen,stream,eu,verb_habitual,VERB
like,like,eu,noun_raw,NOUN
likea,like,eu,noun_integrated_sg,NOUN
likeak,like,eu,noun_integrated_pl,NOUN
like egin,like,eu,verb_light_construction,VERB
like egiten,like,eu,verb_light_construction,VERB
like egingo,like,eu,verb_light_construction,VERB
like egin du,like,eu,verb_light_construction,VERB
like egin zen,like,eu,verb_light_construction,VERB
likatu,like,eu,verb_morph_integrated,VERB
likatzen,like,eu,verb_habitual,VERB
scroll,scroll,eu,noun_raw,NOUN
eskrolla,scroll,eu,noun_integrated_sg,NOUN
eskrollak,scroll,eu,noun_integrated_pl,NOUN
eskroll egin,scroll,eu,verb_light_construction,VERB
eskroll egiten,scroll,eu,verb_light_construction,VERB
eskroll egingo,scroll,eu,verb_light_construction,VERB
eskroll egin du,scroll,eu,verb_light_construction,VERB
eskroll egin zen,scroll,eu,verb_light_construction,VERB
eskrollatu,scroll,eu,verb_morph_integrated,VERB
eskrollatzen,scroll,eu,verb_habitual,VERB
update,update,eu,noun_raw,NOUN
updatea,update,eu,noun_integrated_sg,NOUN
updateak,update,eu,noun_integrated_pl,NOUN
update egin,update,eu,verb_light_construction,VERB
update egiten,update,eu,verb_light_construction,VERB
update egingo,update,eu,verb_light_construction,VERB
update egin du,update,eu,verb_light_construction,VERB
update egin zen,update,eu,verb_light_construction,VERB
updatatu,update,eu,verb_morph_integrated,VERB
updatatzen,update,eu,verb_habitual,VERB
forward,forward,eu,noun_raw,NOUN
forwarda,forward,eu,noun_integrated_sg,NOUN
forwardak,forward,eu,noun_integrated_pl,NOUN
forward egin,forward,eu,verb_light_construction,VERB
forward egiten,forward,eu,verb_light_construction,VERB
forward egingo,forward,eu,verb_light_construction,VERB
forward egin du,forward,eu,verb_light_construction,VERB
forward egin zen,forward,eu,verb_light_construction,VERB
forwardatu,forward,eu,verb_morph_integrated,VERB
forwardatzen,forward,eu,verb_habitual,VERB
spam,spam,eu,noun_raw,NOUN
espama,spam,eu,noun_integrated_sg,NOUN
espamak,spam,eu,noun_integrated_pl,NOUN
espam egin,spam,eu,verb_light_construction,VERB
espam egiten,spam,eu,verb_light_construction,VERB
espam egingo,spam,eu,verb_light_construction,VERB
espam egin du,spam,eu,verb_light_construction,VERB
espam egin zen,spam,eu,verb_light_construction,VERB
espamatu,spam,eu,verb_morph_integrated,VERB
espamatzen,spam,eu,verb_habitual,VERB
check,check,eu,noun_raw,NOUN
txeka,check,eu,noun_integrated_sg,NOUN
txekak,check,eu,noun_integrated_pl,NOUN
txek egin,check,eu,verb_light_construction,VERB
txek egiten,check,eu,verb_light_construction,VERB
txek egingo,check,eu,verb_light_construction,VERB
txek egin du,check,eu,verb_light_construction,VERB
txek egin zen,check,eu,verb_light_construction,VERB
txekatu,check,eu,verb_morph_integrated,VERB
txekatzen,check,eu,verb_habitual,VERB
spoiler,spoiler,eu,noun_raw,NOUN
espoilera,spoiler,eu,noun_integrated_sg,NOUN
espoilerak,spoiler,eu,noun_integrated_pl,NOUN
espoiler egin,spoiler,eu,verb_light_construction,VERB
espoiler egiten,spoiler,eu,verb_light_construction,VERB
espoiler egingo,spoiler,eu,verb_light_construction,VERB
espoiler egin du,spoiler,eu,verb_light_construction,VERB
espoiler egin zen,spoiler,eu,verb_light_construction,VERB
espoileratu,spoiler,eu,verb_morph_integrated,VERB
espoileratzen,spoiler,eu,verb_habitual,VERB
troll,troll,eu,noun_raw,NOUN
trolla,troll,eu,noun_integrated_sg,NOUN
trollak,troll,eu,noun_integrated_pl,NOUN
troll egin,troll,eu,verb_light_construction,VERB
troll egiten,troll,eu,verb_light_construction,VERB
troll egingo,troll,eu,verb_light_construction,VERB
troll egin du,troll,eu,verb_light_construction,VERB
troll egin zen,troll,eu,verb_light_construction,VERB
trollatu,troll,eu,verb_morph_integrated,VERB
trollatzen,troll,eu,verb_habitual,VERB
bug,bug,eu,noun_raw,NOUN
buga,bug,eu,noun_integrated_sg,NOUN
bugak,bug,eu,noun_integrated_pl,NOUN
server,server,eu,noun_raw,NOUN
servera,server,eu,noun_integrated_sg,NOUN
serverak,server,eu,noun_integrated_pl,NOUN
cloud,cloud,eu,noun_raw,NOUN
klouda,cloud,eu,noun_integrated_sg,NOUN
kloudak,cloud,eu,noun_integrated_pl,NOUN
software,software,eu,noun_raw,NOUN
softwarea,software,eu,noun_integrated_sg,NOUN
softwareak,software,eu,noun_integrated_pl,NOUN
hardware,hardware,eu,noun_raw,NOUN
hardwarea,hardware,eu,noun_integrated_sg,NOUN
hardwareak,hardware,eu,noun_integrated_pl,NOUN
online,online,eu,noun_raw,NOUN
onlinea,online,eu,noun_integrated_sg,NOUN
onlineak,online,eu,noun_integrated_pl,NOUN
interface,interface,eu,noun_raw,NOUN
interfakea,interface,eu,noun_integrated_sg,NOUN
interfakeak,interface,eu,noun_integrated_pl,NOUN
user,user,eu,noun_raw,NOUN
usera,user,eu,noun_integrated_sg,NOUN
userak,user,eu,noun_integrated_pl,NOUN
bot,bot,eu,noun_raw,NOUN
bota,bot,eu,noun_integrated_sg,NOUN
botak,bot,eu,noun_integrated_pl,NOUN
app,app,eu,noun_raw,NOUN
appa,app,eu,noun_integrated_sg,NOUN
appak,app,eu,noun_integrated_pl,NOUN
pixel,pixel,eu,noun_raw,NOUN
pixela,pixel,eu,noun_integrated_sg,NOUN
pixelak,pixel,eu,noun_integrated_pl,NOUN
click,click,el,cs_latin_raw,NOUN
κάνω click,click,el,verb_light_latin,VERB
κάνει click,click,el,verb_light_latin,VERB
έκανε click,click,el,verb_light_latin,VERB
κάνοντας click,click,el,verb_light_latin,VERB
κλικ,click,el,noun_transliterated,NOUN
κάνω κλικ,click,el,verb_light_greek,VERB
κάνει κλικ,click,el,verb_light_greek,VERB
έκανε κλικ,click,el,verb_light_greek,VERB
κάνοντας κλικ,click,el,verb_light_greek,VERB
κλικάρω,click,el,verb_morph_aro,VERB
κλικαρισμένος,click,el,verb_participle,VERB
post,post,el,cs_latin_raw,NOUN
κάνω post,post,el,verb_light_latin,VERB
κάνει post,post,el,verb_light_latin,VERB
έκανε post,post,el,verb_light_latin,VERB
κάνοντας post,post,el,verb_light_latin,VERB
ποστ,post,el,noun_transliterated,NOUN
κάνω ποστ,post,el,verb_light_greek,VERB
κάνει ποστ,post,el,verb_light_greek,VERB
έκανε ποστ,post,el,verb_light_greek,VERB
κάνοντας ποστ,post,el,verb_light_greek,VERB
ποστάρω,post,el,verb_morph_aro,VERB
ποσταρισμένος,post,el,verb_participle,VERB
chat,chat,el,cs_latin_raw,NOUN
κάνω chat,chat,el,verb_light_latin,VERB
κάνει chat,chat,el,verb_light_latin,VERB
έκανε chat,chat,el,verb_light_latin,VERB
κάνοντας chat,chat,el,verb_light_latin,VERB
τσατ,chat,el,noun_transliterated,NOUN
κάνω τσατ,chat,el,verb_light_greek,VERB
κάνει τσατ,chat,el,verb_light_greek,VERB
έκανε τσατ,chat,el,verb_light_greek,VERB
κάνοντας τσατ,chat,el,verb_light_greek,VERB
τσατάρω,chat,el,verb_morph_aro,VERB
τσαταρισμένος,chat,el,verb_participle,VERB
link,link,el,cs_latin_raw,NOUN
κάνω link,link,el,verb_light_latin,VERB
κάνει link,link,el,verb_light_latin,VERB
έκανε link,link,el,verb_light_latin,VERB
κάνοντας link,link,el,verb_light_latin,VERB
λινκ,link,el,noun_transliterated,NOUN
κάνω λινκ,link,el,verb_light_greek,VERB
κάνει λινκ,link,el,verb_light_greek,VERB
έκανε λινκ,link,el,verb_light_greek,VERB
κάνοντας λινκ,link,el,verb_light_greek,VERB
λινκάρω,link,el,verb_morph_aro,VERB
λινκαρισμένος,link,el,verb_participle,VERB
tag,tag,el,cs_latin_raw,NOUN
κάνω tag,tag,el,verb_light_latin,VERB
κάνει tag,tag,el,verb_light_latin,VERB
έκανε tag,tag,el,verb_light_latin,VERB
κάνοντας tag,tag,el,verb_light_latin,VERB
ταγκ,tag,el,noun_transliterated,NOUN
κάνω ταγκ,tag,el,verb_light_greek,VERB
κάνει ταγκ,tag,el,verb_light_greek,VERB
έκανε ταγκ,tag,el,verb_light_greek,VERB
κάνοντας ταγκ,tag,el,verb_light_greek,VERB
ταγκάρω,tag,el,verb_morph_aro,VERB
ταγκαρισμένος,tag,el,verb_participle,VERB
tweet,tweet,el,cs_latin_raw,NOUN
κάνω tweet,tweet,el,verb_light_latin,VERB
κάνει tweet,tweet,el,verb_light_latin,VERB
έκανε tweet,tweet,el,verb_light_latin,VERB
κάνοντας tweet,tweet,el,verb_light_latin,VERB
τουίτ,tweet,el,noun_transliterated,NOUN
κάνω τουίτ,tweet,el,verb_light_greek,VERB
κάνει τουίτ,tweet,el,verb_light_greek,VERB
έκανε τουίτ,tweet,el,verb_light_greek,VERB
κάνοντας τουίτ,tweet,el,verb_light_greek,VERB
τουιτάρω,tweet,el,verb_morph_aro,VERB
τουιταρισμένος,tweet,el,verb_participle,VERB
scan,scan,el,cs_latin_raw,NOUN
κάνω scan,scan,el,verb_light_latin,VERB
κάνει scan,scan,el,verb_light_latin,VERB
έκανε scan,scan,el,verb_light_latin,VERB
κάνοντας scan,scan,el,verb_light_latin,VERB
σκαν,scan,el,noun_transliterated,NOUN
κάνω σκαν,scan,el,verb_light_greek,VERB
κάνει σκαν,scan,el,verb_light_greek,VERB
έκανε σκαν,scan,el,verb_light_greek,VERB
κάνοντας σκαν,scan,el,verb_light_greek,VERB
σκανάρω,scan,el,verb_morph_aro,VERB
σκαναρισμένος,scan,el,verb_participle,VERB
format,format,el,cs_latin_raw,NOUN
κάνω format,format,el,verb_light_latin,VERB
κάνει format,format,el,verb_light_latin,VERB
έκανε format,format,el,verb_light_latin,VERB
κάνοντας format,format,el,verb_light_latin,VERB
φορμάτ,format,el,noun_transliterated,NOUN
κάνω φορμάτ,format,el,verb_light_greek,VERB
κάνει φορμάτ,format,el,verb_light_greek,VERB
έκανε φορμάτ,format,el,verb_light_greek,VERB
κάνοντας φορμάτ,format,el,verb_light_greek,VERB
φορματάρω,format,el,verb_morph_aro,VERB
φορματαρισμένος,format,el,verb_participle,VERB
hack,hack,el,cs_latin_raw,NOUN
κάνω hack,hack,el,verb_light_latin,VERB
κάνει hack,hack,el,verb_light_latin,VERB
έκανε hack,hack,el,verb_light_latin,VERB
κάνοντας hack,hack,el,verb_light_latin,VERB
χακ,hack,el,noun_transliterated,NOUN
κάνω χακ,hack,el,verb_light_greek,VERB
κάνει χακ,hack,el,verb_light_greek,VERB
έκανε χακ,hack,el,verb_light_greek,VERB
κάνοντας χακ,hack,el,verb_light_greek,VERB
χακάρω,hack,el,verb_morph_aro,VERB
χακαρισμένος,hack,el,verb_participle,VERB
ban,ban,el,cs_latin_raw,NOUN
κάνω ban,ban,el,verb_light_latin,VERB
κάνει ban,ban,el,verb_light_latin,VERB
έκανε ban,ban,el,verb_light_latin,VERB
κάνοντας ban,ban,el,verb_light_latin,VERB
μπαν,ban,el,noun_transliterated,NOUN
κάνω μπαν,ban,el,verb_light_greek,VERB
κάνει μπαν,ban,el,verb_light_greek,VERB
έκανε μπαν,ban,el,verb_light_greek,VERB
κάνοντας μπαν,ban,el,verb_light_greek,VERB
μπανάρω,ban,el,verb_morph_aro,VERB
μπαναρισμένος,ban,el,verb_participle,VERB
log,log,el,cs_latin_raw,NOUN
κάνω log,log,el,verb_light_latin,VERB
κάνει log,log,el,verb_light_latin,VERB
έκανε log,log,el,verb_light_latin,VERB
κάνοντας log,log,el,verb_light_latin,VERB
λογκ,log,el,noun_transliterated,NOUN
κάνω λογκ,log,el,verb_light_greek,VERB
κάνει λογκ,log,el,verb_light_greek,VERB
έκανε λογκ,log,el,verb_light_greek,VERB
κάνοντας λογκ,log,el,verb_light_greek,VERB
λογκάρω,log,el,verb_morph_aro,VERB
λογκαρισμένος,log,el,verb_participle,VERB
reset,reset,el,cs_latin_raw,NOUN
κάνω reset,reset,el,verb_light_latin,VERB
κάνει reset,reset,el,verb_light_latin,VERB
έκανε reset,reset,el,verb_light_latin,VERB
κάνοντας reset,reset,el,verb_light_latin,VERB
ρισέτ,reset,el,noun_transliterated,NOUN
κάνω ρισέτ,reset,el,verb_light_greek,VERB
κάνει ρισέτ,reset,el,verb_light_greek,VERB
έκανε ρισέτ,reset,el,verb_light_greek,VERB
κάνοντας ρισέτ,reset,el,verb_light_greek,VERB
ρισετάρω,reset,el,verb_morph_aro,VERB
ρισεταρισμένος,reset,el,verb_participle,VERB
download,download,el,cs_latin_raw,NOUN
κάνω download,download,el,verb_light_latin,VERB
κάνει download,download,el,verb_light_latin,VERB
έκανε download,download,el,verb_light_latin,VERB
κάνοντας download,download,el,verb_light_latin,VERB
νταουνλόουντ,download,el,noun_transliterated,NOUN
κάνω νταουνλόουντ,download,el,verb_light_greek,VERB
κάνει νταουνλόουντ,download,el,verb_light_greek,VERB
έκανε νταουνλόουντ,download,el,verb_light_greek,VERB
κάνοντας νταουνλόουντ,download,el,verb_light_greek,VERB
νταουνλοουντάρω,download,el,verb_morph_aro,VERB
νταουνλοουνταρισμένος,download,el,verb_participle,VERB
stream,stream,el,cs_latin_raw,NOUN
κάνω stream,stream,el,verb_light_latin,VERB
κάνει stream,stream,el,verb_light_latin,VERB
έκανε stream,stream,el,verb_light_latin,VERB
κάνοντας stream,stream,el,verb_light_latin,VERB
στριμ,stream,el,noun_transliterated,NOUN
κάνω στριμ,stream,el,verb_light_greek,VERB
κάνει στριμ,stream,el,verb_light_greek,VERB
έκανε στριμ,stream,el,verb_light_greek,VERB
κάνοντας στριμ,stream,el,verb_light_greek,VERB
στριμάρω,stream,el,verb_morph_aro,VERB
στριμαρισμένος,stream,el,verb_participle,VERB
like,like,el,cs_latin_raw,NOUN
κάνω like,like,el,verb_light_latin,VERB
κάνει like,like,el,verb_light_latin,VERB
έκανε like,like,el,verb_light_latin,VERB
κάνοντας like,like,el,verb_light_latin,VERB
λάικ,like,el,noun_transliterated,NOUN
κάνω λάικ,like,el,verb_light_greek,VERB
κάνει λάικ,like,el,verb_light_greek,VERB
έκανε λάικ,like,el,verb_light_greek,VERB
κάνοντας λάικ,like,el,verb_light_greek,VERB
λαικάρω,like,el,verb_morph_aro,VERB
λαικαρισμένος,like,el,verb_participle,VERB
scroll,scroll,el,cs_latin_raw,NOUN
κάνω scroll,scroll,el,verb_light_latin,VERB
κάνει scroll,scroll,el,verb_light_latin,VERB
έκανε scroll,scroll,el,verb_light_latin,VERB
κάνοντας scroll,scroll,el,verb_light_latin,VERB
σκρολ,scroll,el,noun_transliterated,NOUN
κάνω σκρολ,scroll,el,verb_light_greek,VERB
κάνει σκρολ,scroll,el,verb_light_greek,VERB
έκανε σκρολ,scroll,el,verb_light_greek,VERB
κάνοντας σκρολ,scroll,el,verb_light_greek,VERB
σκρολάρω,scroll,el,verb_morph_aro,VERB
σκρολαρισμένος,scroll,el,verb_participle,VERB
update,update,el,cs_latin_raw,NOUN
κάνω update,update,el,verb_light_latin,VERB
κάνει update,update,el,verb_light_latin,VERB
έκανε update,update,el,verb_light_latin,VERB
κάνοντας update,update,el,verb_light_latin,VERB
απντέιτ,update,el,noun_transliterated,NOUN
κάνω απντέιτ,update,el,verb_light_greek,VERB
κάνει απντέιτ,update,el,verb_light_greek,VERB
έκανε απντέιτ,update,el,verb_light_greek,VERB
κάνοντας απντέιτ,update,el,verb_light_greek,VERB
απντειτάρω,update,el,verb_morph_aro,VERB
απντειταρισμένος,update,el,verb_participle,VERB
forward,forward,el,cs_latin_raw,NOUN
κάνω forward,forward,el,verb_light_latin,VERB
κάνει forward,forward,el,verb_light_latin,VERB
έκανε forward,forward,el,verb_light_latin,VERB
κάνοντας forward,forward,el,verb_light_latin,VERB
φόργουορντ,forward,el,noun_transliterated,NOUN
κάνω φόργουορντ,forward,el,verb_light_greek,VERB
κάνει φόργουορντ,forward,el,verb_light_greek,VERB
έκανε φόργουορντ,forward,el,verb_light_greek,VERB
κάνοντας φόργουορντ,forward,el,verb_light_greek,VERB
φοργουορντάρω,forward,el,verb_morph_aro,VERB
φοργουορνταρισμένος,forward,el,verb_participle,VERB
spam,spam,el,cs_latin_raw,NOUN
κάνω spam,spam,el,verb_light_latin,VERB
κάνει spam,spam,el,verb_light_latin,VERB
έκανε spam,spam,el,verb_light_latin,VERB
κάνοντας spam,spam,el,verb_light_latin,VERB
σπαμ,spam,el,noun_transliterated,NOUN
κάνω σπαμ,spam,el,verb_light_greek,VERB
κάνει σπαμ,spam,el,verb_light_greek,VERB
έκανε σπαμ,spam,el,verb_light_greek,VERB
κάνοντας σπαμ,spam,el,verb_light_greek,VERB
σπαμάρω,spam,el,verb_morph_aro,VERB
σπαμαρισμένος,spam,el,verb_participle,VERB
check,check,el,cs_latin_raw,NOUN
κάνω check,check,el,verb_light_latin,VERB
κάνει check,check,el,verb_light_latin,VERB
έκανε check,check,el,verb_light_latin,VERB
κάνοντας check,check,el,verb_light_latin,VERB
τσεκ,check,el,noun_transliterated,NOUN
κάνω τσεκ,check,el,verb_light_greek,VERB
κάνει τσεκ,check,el,verb_light_greek,VERB
έκανε τσεκ,check,el,verb_light_greek,VERB
κάνοντας τσεκ,check,el,verb_light_greek,VERB
τσεκάρω,check,el,verb_morph_aro,VERB
τσεκαρισμένος,check,el,verb_participle,VERB
spoiler,spoiler,el,cs_latin_raw,NOUN
κάνω spoiler,spoiler,el,verb_light_latin,VERB
κάνει spoiler,spoiler,el,verb_light_latin,VERB
έκανε spoiler,spoiler,el,verb_light_latin,VERB
κάνοντας spoiler,spoiler,el,verb_light_latin,VERB
σπόιλερ,spoiler,el,noun_transliterated,NOUN
κάνω σπόιλερ,spoiler,el,verb_light_greek,VERB
κάνει σπόιλερ,spoiler,el,verb_light_greek,VERB
έκανε σπόιλερ,spoiler,el,verb_light_greek,VERB
κάνοντας σπόιλερ,spoiler,el,verb_light_greek,VERB
σποιλεράρω,spoiler,el,verb_morph_aro,VERB
σποιλεραρισμένος,spoiler,el,verb_participle,VERB
troll,troll,el,cs_latin_raw,NOUN
κάνω troll,troll,el,verb_light_latin,VERB
κάνει troll,troll,el,verb_light_latin,VERB
έκανε troll,troll,el,verb_light_latin,VERB
κάνοντας troll,troll,el,verb_light_latin,VERB
τρολ,troll,el,noun_transliterated,NOUN
κάνω τρολ,troll,el,verb_light_greek,VERB
κάνει τρολ,troll,el,verb_light_greek,VERB
έκανε τρολ,troll,el,verb_light_greek,VERB
κάνοντας τρολ,troll,el,verb_light_greek,VERB
τρολάρω,troll,el,verb_morph_aro,VERB
τρολαρισμένος,troll,el,verb_participle,VERB
bug,bug,el,cs_latin_raw,NOUN
μπαγκ,bug,el,noun_transliterated,NOUN
server,server,el,cs_latin_raw,NOUN
σέρβερ,server,el,noun_transliterated,NOUN
cloud,cloud,el,cs_latin_raw,NOUN
κλάουντ,cloud,el,noun_transliterated,NOUN
software,software,el,cs_latin_raw,NOUN
σόφτγουερ,software,el,noun_transliterated,NOUN
hardware,hardware,el,cs_latin_raw,NOUN
χάρντγουερ,hardware,el,noun_transliterated,NOUN
online,online,el,cs_latin_raw,NOUN
ονλάιν,online,el,noun_transliterated,NOUN
interface,interface,el,cs_latin_raw,NOUN
ιντερφέις,interface,el,noun_transliterated,NOUN
user,user,el,cs_latin_raw,NOUN
γιούζερ,user,el,noun_transliterated,NOUN
bot,bot,el,cs_latin_raw,NOUN
μποτ,bot,el,noun_transliterated,NOUN
app,app,el,cs_latin_raw,NOUN
απ,app,el,noun_transliterated,NOUN
pixel,pixel,el,cs_latin_raw,NOUN
πίξελ,pixel,el,noun_transliterated,NOUN
