term,target_lang,origin_lang,source_category
backgammon,ast,en,Category:Asturian_terms_borrowed_from_English
filme,ast,en,Category:Asturian_terms_borrowed_from_English
lleva,ast,en,Category:Asturian_terms_borrowed_from_English
líder,ast,en,Category:Asturian_terms_borrowed_from_English
monis,ast,en,Category:Asturian_terms_borrowed_from_English
polu,ast,en,Category:Asturian_terms_borrowed_from_English
tractor,ast,en,Category:Asturian_terms_borrowed_from_English
watt,ast,en,Category:Asturian_terms_borrowed_from_English
Ḥawai,ast,en,Category:Asturian_terms_borrowed_from_English
abadexu,ast,es,Category:Asturian_terms_borrowed_from_Spanish
abandonar,ast,es,Category:Asturian_terms_borrowed_from_Spanish
abetu,ast,es,Category:Asturian_terms_borrowed_from_Spanish
aguacate,ast,es,Category:Asturian_terms_borrowed_from_Spanish
alambre,ast,es,Category:Asturian_terms_borrowed_from_Spanish
Alexandru,ast,es,Category:Asturian_terms_borrowed_from_Spanish
allexar,ast,es,Category:Asturian_terms_borrowed_from_Spanish
arguyu,ast,es,Category:Asturian_terms_borrowed_from_Spanish
arzobispu,ast,es,Category:Asturian_terms_borrowed_from_Spanish
automóvil,ast,es,Category:Asturian_terms_borrowed_from_Spanish
añoranza,ast,es,Category:Asturian_terms_borrowed_from_Spanish
bandera,ast,es,Category:Asturian_terms_borrowed_from_Spanish
brazalete,ast,es,Category:Asturian_terms_borrowed_from_Spanish
bufanda,ast,es,Category:Asturian_terms_borrowed_from_Spanish
cai,ast,es,Category:Asturian_terms_borrowed_from_Spanish
cangrexu,ast,es,Category:Asturian_terms_borrowed_from_Spanish
cerveza,ast,es,Category:Asturian_terms_borrowed_from_Spanish
ciencia,ast,es,Category:Asturian_terms_borrowed_from_Spanish
conciencia,ast,es,Category:Asturian_terms_borrowed_from_Spanish
cucaracha,ast,es,Category:Asturian_terms_borrowed_from_Spanish
cudiar,ast,es,Category:Asturian_terms_borrowed_from_Spanish
cuidáu,ast,es,Category:Asturian_terms_borrowed_from_Spanish
desarrollar,ast,es,Category:Asturian_terms_borrowed_from_Spanish
deuda,ast,es,Category:Asturian_terms_borrowed_from_Spanish
doctor,ast,es,Category:Asturian_terms_borrowed_from_Spanish
Don Quixote,ast,es,Category:Asturian_terms_borrowed_from_Spanish
dotor,ast,es,Category:Asturian_terms_borrowed_from_Spanish
echar,ast,es,Category:Asturian_terms_borrowed_from_Spanish
escuchar,ast,es,Category:Asturian_terms_borrowed_from_Spanish
falda,ast,es,Category:Asturian_terms_borrowed_from_Spanish
furacán,ast,es,Category:Asturian_terms_borrowed_from_Spanish
guai,ast,es,Category:Asturian_terms_borrowed_from_Spanish
güelga,ast,es,Category:Asturian_terms_borrowed_from_Spanish
hacha,ast,es,Category:Asturian_terms_borrowed_from_Spanish
hacia,ast,es,Category:Asturian_terms_borrowed_from_Spanish
haiga,ast,es,Category:Asturian_terms_borrowed_from_Spanish
hospital,ast,es,Category:Asturian_terms_borrowed_from_Spanish
impuestu,ast,es,Category:Asturian_terms_borrowed_from_Spanish
lladriyu,ast,es,Category:Asturian_terms_borrowed_from_Spanish
llevadura,ast,es,Category:Asturian_terms_borrowed_from_Spanish
llexos,ast,es,Category:Asturian_terms_borrowed_from_Spanish
llimitar,ast,es,Category:Asturian_terms_borrowed_from_Spanish
mariposa,ast,es,Category:Asturian_terms_borrowed_from_Spanish
médicu,ast,es,Category:Asturian_terms_borrowed_from_Spanish
nación,ast,es,Category:Asturian_terms_borrowed_from_Spanish
nivel,ast,es,Category:Asturian_terms_borrowed_from_Spanish
ocho,ast,es,Category:Asturian_terms_borrowed_from_Spanish
paella,ast,es,Category:Asturian_terms_borrowed_from_Spanish
pauta,ast,es,Category:Asturian_terms_borrowed_from_Spanish
piraña,ast,es,Category:Asturian_terms_borrowed_from_Spanish
piḥu,ast,es,Category:Asturian_terms_borrowed_from_Spanish
planchar,ast,es,Category:Asturian_terms_borrowed_from_Spanish
plomu,ast,es,Category:Asturian_terms_borrowed_from_Spanish
retrete,ast,es,Category:Asturian_terms_borrowed_from_Spanish
rodiya,ast,es,Category:Asturian_terms_borrowed_from_Spanish
seguridá,ast,es,Category:Asturian_terms_borrowed_from_Spanish
sombriya,ast,es,Category:Asturian_terms_borrowed_from_Spanish
tenedor,ast,es,Category:Asturian_terms_borrowed_from_Spanish
terraza,ast,es,Category:Asturian_terms_borrowed_from_Spanish
tiza,ast,es,Category:Asturian_terms_borrowed_from_Spanish
tostador,ast,es,Category:Asturian_terms_borrowed_from_Spanish
usté,ast,es,Category:Asturian_terms_borrowed_from_Spanish
xamón,ast,es,Category:Asturian_terms_borrowed_from_Spanish
xastre,ast,es,Category:Asturian_terms_borrowed_from_Spanish
zanahoria,ast,es,Category:Asturian_terms_borrowed_from_Spanish
ḥenu,ast,es,Category:Asturian_terms_borrowed_from_Spanish
bridge,eu,en,Category:Basque_terms_borrowed_from_English
copyleft,eu,en,Category:Basque_terms_borrowed_from_English
copyright,eu,en,Category:Basque_terms_borrowed_from_English
dolar,eu,en,Category:Basque_terms_borrowed_from_English
porlan,eu,en,Category:Basque_terms_borrowed_from_English
quark,eu,en,Category:Basque_terms_borrowed_from_English
squash,eu,en,Category:Basque_terms_borrowed_from_English
xanpu,eu,en,Category:Basque_terms_borrowed_from_English
ababor,eu,es,Category:Basque_terms_borrowed_from_Spanish
abade,eu,es,Category:Basque_terms_borrowed_from_Spanish
abadesa,eu,es,Category:Basque_terms_borrowed_from_Spanish
abadia,eu,es,Category:Basque_terms_borrowed_from_Spanish
abakando,eu,es,Category:Basque_terms_borrowed_from_Spanish
abako,eu,es,Category:Basque_terms_borrowed_from_Spanish
abal,eu,es,Category:Basque_terms_borrowed_from_Spanish
abandonu,eu,es,Category:Basque_terms_borrowed_from_Spanish
abangoardismo,eu,es,Category:Basque_terms_borrowed_from_Spanish
abangoardista,eu,es,Category:Basque_terms_borrowed_from_Spanish
abantaila,eu,es,Category:Basque_terms_borrowed_from_Spanish
abarizia,eu,es,Category:Basque_terms_borrowed_from_Spanish
abdikazio,eu,es,Category:Basque_terms_borrowed_from_Spanish
abdomen,eu,es,Category:Basque_terms_borrowed_from_Spanish
abdukzio,eu,es,Category:Basque_terms_borrowed_from_Spanish
abemaria,eu,es,Category:Basque_terms_borrowed_from_Spanish
abenka,eu,es,Category:Basque_terms_borrowed_from_Spanish
abentura,eu,es,Category:Basque_terms_borrowed_from_Spanish
aberrazio,eu,es,Category:Basque_terms_borrowed_from_Spanish
abiazio,eu,es,Category:Basque_terms_borrowed_from_Spanish
abil,eu,es,Category:Basque_terms_borrowed_from_Spanish
abilidade,eu,es,Category:Basque_terms_borrowed_from_Spanish
abioneta,eu,es,Category:Basque_terms_borrowed_from_Spanish
abisal,eu,es,Category:Basque_terms_borrowed_from_Spanish
abisu,eu,es,Category:Basque_terms_borrowed_from_Spanish
abitu,eu,es,Category:Basque_terms_borrowed_from_Spanish
abixoi,eu,es,Category:Basque_terms_borrowed_from_Spanish
ablatibo,eu,es,Category:Basque_terms_borrowed_from_Spanish
ablazio,eu,es,Category:Basque_terms_borrowed_from_Spanish
abolizio,eu,es,Category:Basque_terms_borrowed_from_Spanish
abolizionismo,eu,es,Category:Basque_terms_borrowed_from_Spanish
abolizionista,eu,es,Category:Basque_terms_borrowed_from_Spanish
abonu,eu,es,Category:Basque_terms_borrowed_from_Spanish
aborigen,eu,es,Category:Basque_terms_borrowed_from_Spanish
abortu,eu,es,Category:Basque_terms_borrowed_from_Spanish
abrasio,eu,es,Category:Basque_terms_borrowed_from_Spanish
abrigo,eu,es,Category:Basque_terms_borrowed_from_Spanish
abrigu,eu,es,Category:Basque_terms_borrowed_from_Spanish
absentismo,eu,es,Category:Basque_terms_borrowed_from_Spanish
abside,eu,es,Category:Basque_terms_borrowed_from_Spanish
absolutibo,eu,es,Category:Basque_terms_borrowed_from_Spanish
absolutismo,eu,es,Category:Basque_terms_borrowed_from_Spanish
absolutista,eu,es,Category:Basque_terms_borrowed_from_Spanish
absolutu,eu,es,Category:Basque_terms_borrowed_from_Spanish
absoluzio,eu,es,Category:Basque_terms_borrowed_from_Spanish
absortzio,eu,es,Category:Basque_terms_borrowed_from_Spanish
abstentzio,eu,es,Category:Basque_terms_borrowed_from_Spanish
abstinentzia,eu,es,Category:Basque_terms_borrowed_from_Spanish
abstraktu,eu,es,Category:Basque_terms_borrowed_from_Spanish
abstrakzio,eu,es,Category:Basque_terms_borrowed_from_Spanish
absurdo,eu,es,Category:Basque_terms_borrowed_from_Spanish
Abundio,eu,es,Category:Basque_terms_borrowed_from_Spanish
abusu,eu,es,Category:Basque_terms_borrowed_from_Spanish
abzesu,eu,es,Category:Basque_terms_borrowed_from_Spanish
abzisa,eu,es,Category:Basque_terms_borrowed_from_Spanish
accesit,eu,es,Category:Basque_terms_borrowed_from_Spanish
adberbial,eu,es,Category:Basque_terms_borrowed_from_Spanish
adberbio,eu,es,Category:Basque_terms_borrowed_from_Spanish
adenina,eu,es,Category:Basque_terms_borrowed_from_Spanish
adiabatiko,eu,es,Category:Basque_terms_borrowed_from_Spanish
aerobik,eu,es,Category:Basque_terms_borrowed_from_Spanish
aerobiko,eu,es,Category:Basque_terms_borrowed_from_Spanish
aerobio,eu,es,Category:Basque_terms_borrowed_from_Spanish
aerodinamika,eu,es,Category:Basque_terms_borrowed_from_Spanish
aerodinamiko,eu,es,Category:Basque_terms_borrowed_from_Spanish
aerodromo,eu,es,Category:Basque_terms_borrowed_from_Spanish
aeroespazial,eu,es,Category:Basque_terms_borrowed_from_Spanish
aeroklub,eu,es,Category:Basque_terms_borrowed_from_Spanish
aerolito,eu,es,Category:Basque_terms_borrowed_from_Spanish
aerometro,eu,es,Category:Basque_terms_borrowed_from_Spanish
aeromodelismo,eu,es,Category:Basque_terms_borrowed_from_Spanish
aeronauta,eu,es,Category:Basque_terms_borrowed_from_Spanish
aeronautika,eu,es,Category:Basque_terms_borrowed_from_Spanish
aeronautiko,eu,es,Category:Basque_terms_borrowed_from_Spanish
aeroplano,eu,es,Category:Basque_terms_borrowed_from_Spanish
aerosol,eu,es,Category:Basque_terms_borrowed_from_Spanish
aerostatika,eu,es,Category:Basque_terms_borrowed_from_Spanish
aerostato,eu,es,Category:Basque_terms_borrowed_from_Spanish
Afganistan,eu,es,Category:Basque_terms_borrowed_from_Spanish
agata,eu,es,Category:Basque_terms_borrowed_from_Spanish
agresibo,eu,es,Category:Basque_terms_borrowed_from_Spanish
aire,eu,es,Category:Basque_terms_borrowed_from_Spanish
akademiko,eu,es,Category:Basque_terms_borrowed_from_Spanish
Akitania,eu,es,Category:Basque_terms_borrowed_from_Spanish
aktibo,eu,es,Category:Basque_terms_borrowed_from_Spanish
albaitari,eu,es,Category:Basque_terms_borrowed_from_Spanish
Albania,eu,es,Category:Basque_terms_borrowed_from_Spanish
albarikoke,eu,es,Category:Basque_terms_borrowed_from_Spanish
alboroke,eu,es,Category:Basque_terms_borrowed_from_Spanish
aleman,eu,es,Category:Basque_terms_borrowed_from_Spanish
Alemania,eu,es,Category:Basque_terms_borrowed_from_Spanish
alkandora,eu,es,Category:Basque_terms_borrowed_from_Spanish
alkatxofa,eu,es,Category:Basque_terms_borrowed_from_Spanish
alternatibo,eu,es,Category:Basque_terms_borrowed_from_Spanish
altu,eu,es,Category:Basque_terms_borrowed_from_Spanish
altxaprima,eu,es,Category:Basque_terms_borrowed_from_Spanish
altzairu,eu,es,Category:Basque_terms_borrowed_from_Spanish
Amaia,eu,es,Category:Basque_terms_borrowed_from_Spanish
amerikano,eu,es,Category:Basque_terms_borrowed_from_Spanish
amodio,eu,es,Category:Basque_terms_borrowed_from_Spanish
amu,eu,es,Category:Basque_terms_borrowed_from_Spanish
anakroniko,eu,es,Category:Basque_terms_borrowed_from_Spanish
anakronismo,eu,es,Category:Basque_terms_borrowed_from_Spanish
anana,eu,es,Category:Basque_terms_borrowed_from_Spanish
anarkia,eu,es,Category:Basque_terms_borrowed_from_Spanish
anarkismo,eu,es,Category:Basque_terms_borrowed_from_Spanish
anarkista,eu,es,Category:Basque_terms_borrowed_from_Spanish
anbulantzia,eu,es,Category:Basque_terms_borrowed_from_Spanish
Andorra,eu,es,Category:Basque_terms_borrowed_from_Spanish
Angola,eu,es,Category:Basque_terms_borrowed_from_Spanish
Anton,eu,es,Category:Basque_terms_borrowed_from_Spanish
antropologia,eu,es,Category:Basque_terms_borrowed_from_Spanish
antxoa,eu,es,Category:Basque_terms_borrowed_from_Spanish
aporofobia,eu,es,Category:Basque_terms_borrowed_from_Spanish
arbola,eu,es,Category:Basque_terms_borrowed_from_Spanish
ardura,eu,es,Category:Basque_terms_borrowed_from_Spanish
aristokratiko,eu,es,Category:Basque_terms_borrowed_from_Spanish
aristokrazia,eu,es,Category:Basque_terms_borrowed_from_Spanish
armairu,eu,es,Category:Basque_terms_borrowed_from_Spanish
Armenia,eu,es,Category:Basque_terms_borrowed_from_Spanish
aro,eu,es,Category:Basque_terms_borrowed_from_Spanish
arpoi,eu,es,Category:Basque_terms_borrowed_from_Spanish
arraro,eu,es,Category:Basque_terms_borrowed_from_Spanish
arraza,eu,es,Category:Basque_terms_borrowed_from_Spanish
arrazoi,eu,es,Category:Basque_terms_borrowed_from_Spanish
arropa,eu,es,Category:Basque_terms_borrowed_from_Spanish
arroz,eu,es,Category:Basque_terms_borrowed_from_Spanish
arte,eu,es,Category:Basque_terms_borrowed_from_Spanish
artifizial,eu,es,Category:Basque_terms_borrowed_from_Spanish
artista,eu,es,Category:Basque_terms_borrowed_from_Spanish
artxipelago,eu,es,Category:Basque_terms_borrowed_from_Spanish
asimilazio,eu,es,Category:Basque_terms_borrowed_from_Spanish
asteroide,eu,es,Category:Basque_terms_borrowed_from_Spanish
asto,eu,es,Category:Basque_terms_borrowed_from_Spanish
astronautika,eu,es,Category:Basque_terms_borrowed_from_Spanish
ateismo,eu,es,Category:Basque_terms_borrowed_from_Spanish
audifono,eu,es,Category:Basque_terms_borrowed_from_Spanish
aupa,eu,es,Category:Basque_terms_borrowed_from_Spanish
auskalo,eu,es,Category:Basque_terms_borrowed_from_Spanish
autismo,eu,es,Category:Basque_terms_borrowed_from_Spanish
automatiko,eu,es,Category:Basque_terms_borrowed_from_Spanish
azido,eu,es,Category:Basque_terms_borrowed_from_Spanish
ba,eu,es,Category:Basque_terms_borrowed_from_Spanish
bagoi,eu,es,Category:Basque_terms_borrowed_from_Spanish
bainu,eu,es,Category:Basque_terms_borrowed_from_Spanish
balbula,eu,es,Category:Basque_terms_borrowed_from_Spanish
bale,eu,es,Category:Basque_terms_borrowed_from_Spanish
balkoi,eu,es,Category:Basque_terms_borrowed_from_Spanish
baloi,eu,es,Category:Basque_terms_borrowed_from_Spanish
bandalismo,eu,es,Category:Basque_terms_borrowed_from_Spanish
bandera,eu,es,Category:Basque_terms_borrowed_from_Spanish
banku,eu,es,Category:Basque_terms_borrowed_from_Spanish
banpiro,eu,es,Category:Basque_terms_borrowed_from_Spanish
bapore,eu,es,Category:Basque_terms_borrowed_from_Spanish
barrena,eu,es,Category:Basque_terms_borrowed_from_Spanish
baso,eu,es,Category:Basque_terms_borrowed_from_Spanish
bata,eu,es,Category:Basque_terms_borrowed_from_Spanish
batel,eu,es,Category:Basque_terms_borrowed_from_Spanish
batxiler,eu,es,Category:Basque_terms_borrowed_from_Spanish
baxu,eu,es,Category:Basque_terms_borrowed_from_Spanish
belar,eu,es,Category:Basque_terms_borrowed_from_Spanish
benta,eu,es,Category:Basque_terms_borrowed_from_Spanish
berde,eu,es,Category:Basque_terms_borrowed_from_Spanish
Bernedo,eu,es,Category:Basque_terms_borrowed_from_Spanish
bertso,eu,es,Category:Basque_terms_borrowed_from_Spanish
bibote,eu,es,Category:Basque_terms_borrowed_from_Spanish
biologia,eu,es,Category:Basque_terms_borrowed_from_Spanish
biologo,eu,es,Category:Basque_terms_borrowed_from_Spanish
bisita,eu,es,Category:Basque_terms_borrowed_from_Spanish
bista,eu,es,Category:Basque_terms_borrowed_from_Spanish
Bizente,eu,es,Category:Basque_terms_borrowed_from_Spanish
bloke,eu,es,Category:Basque_terms_borrowed_from_Spanish
bolada,eu,es,Category:Basque_terms_borrowed_from_Spanish
bolante,eu,es,Category:Basque_terms_borrowed_from_Spanish
boligrafo,eu,es,Category:Basque_terms_borrowed_from_Spanish
bota,eu,es,Category:Basque_terms_borrowed_from_Spanish
botere,eu,es,Category:Basque_terms_borrowed_from_Spanish
botila,eu,es,Category:Basque_terms_borrowed_from_Spanish
boto,eu,es,Category:Basque_terms_borrowed_from_Spanish
botoi,eu,es,Category:Basque_terms_borrowed_from_Spanish
boz,eu,es,Category:Basque_terms_borrowed_from_Spanish
brusa,eu,es,Category:Basque_terms_borrowed_from_Spanish
bufalo,eu,es,Category:Basque_terms_borrowed_from_Spanish
bumeran,eu,es,Category:Basque_terms_borrowed_from_Spanish
camping,eu,es,Category:Basque_terms_borrowed_from_Spanish
campus,eu,es,Category:Basque_terms_borrowed_from_Spanish
chihuahua,eu,es,Category:Basque_terms_borrowed_from_Spanish
cicerone,eu,es,Category:Basque_terms_borrowed_from_Spanish
cumbia,eu,es,Category:Basque_terms_borrowed_from_Spanish
dantza,eu,es,Category:Basque_terms_borrowed_from_Spanish
datibo,eu,es,Category:Basque_terms_borrowed_from_Spanish
datu,eu,es,Category:Basque_terms_borrowed_from_Spanish
deklarazio,eu,es,Category:Basque_terms_borrowed_from_Spanish
dekoratibo,eu,es,Category:Basque_terms_borrowed_from_Spanish
dekorazio,eu,es,Category:Basque_terms_borrowed_from_Spanish
demokrata,eu,es,Category:Basque_terms_borrowed_from_Spanish
demokratiko,eu,es,Category:Basque_terms_borrowed_from_Spanish
demokratizazio,eu,es,Category:Basque_terms_borrowed_from_Spanish
demokrazia,eu,es,Category:Basque_terms_borrowed_from_Spanish
des-,eu,es,Category:Basque_terms_borrowed_from_Spanish
desindustrializazio,eu,es,Category:Basque_terms_borrowed_from_Spanish
deskolonizazio,eu,es,Category:Basque_terms_borrowed_from_Spanish
desmilitarizazio,eu,es,Category:Basque_terms_borrowed_from_Spanish
desnazifikazio,eu,es,Category:Basque_terms_borrowed_from_Spanish
dibertsio,eu,es,Category:Basque_terms_borrowed_from_Spanish
dibertsitate,eu,es,Category:Basque_terms_borrowed_from_Spanish
diplomatiko,eu,es,Category:Basque_terms_borrowed_from_Spanish
diplomazia,eu,es,Category:Basque_terms_borrowed_from_Spanish
disko,eu,es,Category:Basque_terms_borrowed_from_Spanish
dizipulu,eu,es,Category:Basque_terms_borrowed_from_Spanish
doinu,eu,es,Category:Basque_terms_borrowed_from_Spanish
dokumentu,eu,es,Category:Basque_terms_borrowed_from_Spanish
dominazio,eu,es,Category:Basque_terms_borrowed_from_Spanish
dozena,eu,es,Category:Basque_terms_borrowed_from_Spanish
droga,eu,es,Category:Basque_terms_borrowed_from_Spanish
dromedario,eu,es,Category:Basque_terms_borrowed_from_Spanish
dutxa,eu,es,Category:Basque_terms_borrowed_from_Spanish
ebanjelio,eu,es,Category:Basque_terms_borrowed_from_Spanish
ekonomiko,eu,es,Category:Basque_terms_borrowed_from_Spanish
enigma,eu,es,Category:Basque_terms_borrowed_from_Spanish
enigmatiko,eu,es,Category:Basque_terms_borrowed_from_Spanish
entziklopedia,eu,es,Category:Basque_terms_borrowed_from_Spanish
epidemiologiko,eu,es,Category:Basque_terms_borrowed_from_Spanish
ermita,eu,es,Category:Basque_terms_borrowed_from_Spanish
erraldoi,eu,es,Category:Basque_terms_borrowed_from_Spanish
erramu,eu,es,Category:Basque_terms_borrowed_from_Spanish
erreferentzia,eu,es,Category:Basque_terms_borrowed_from_Spanish
erregela,eu,es,Category:Basque_terms_borrowed_from_Spanish
erresidentzia,eu,es,Category:Basque_terms_borrowed_from_Spanish
erresistentzia,eu,es,Category:Basque_terms_borrowed_from_Spanish
erru,eu,es,Category:Basque_terms_borrowed_from_Spanish
eskizofrenia,eu,es,Category:Basque_terms_borrowed_from_Spanish
eskribitu,eu,es,Category:Basque_terms_borrowed_from_Spanish
eslogan,eu,es,Category:Basque_terms_borrowed_from_Spanish
espazio,eu,es,Category:Basque_terms_borrowed_from_Spanish
espezia,eu,es,Category:Basque_terms_borrowed_from_Spanish
espezie,eu,es,Category:Basque_terms_borrowed_from_Spanish
espiritu,eu,es,Category:Basque_terms_borrowed_from_Spanish
esportazio,eu,es,Category:Basque_terms_borrowed_from_Spanish
estatua,eu,es,Category:Basque_terms_borrowed_from_Spanish
estrategia,eu,es,Category:Basque_terms_borrowed_from_Spanish
-ezia,eu,es,Category:Basque_terms_borrowed_from_Spanish
Ezkarai,eu,es,Category:Basque_terms_borrowed_from_Spanish
eztainu,eu,es,Category:Basque_terms_borrowed_from_Spanish
fakokero,eu,es,Category:Basque_terms_borrowed_from_Spanish
falta,eu,es,Category:Basque_terms_borrowed_from_Spanish
faltsu,eu,es,Category:Basque_terms_borrowed_from_Spanish
familia,eu,es,Category:Basque_terms_borrowed_from_Spanish
fardel,eu,es,Category:Basque_terms_borrowed_from_Spanish
fase,eu,es,Category:Basque_terms_borrowed_from_Spanish
fatxada,eu,es,Category:Basque_terms_borrowed_from_Spanish
feltro,eu,es,Category:Basque_terms_borrowed_from_Spanish
feria,eu,es,Category:Basque_terms_borrowed_from_Spanish
festa,eu,es,Category:Basque_terms_borrowed_from_Spanish
fidelitate,eu,es,Category:Basque_terms_borrowed_from_Spanish
filosofia,eu,es,Category:Basque_terms_borrowed_from_Spanish
filosofo,eu,es,Category:Basque_terms_borrowed_from_Spanish
fin,eu,es,Category:Basque_terms_borrowed_from_Spanish
flatulentzia,eu,es,Category:Basque_terms_borrowed_from_Spanish
fonologia,eu,es,Category:Basque_terms_borrowed_from_Spanish
forma,eu,es,Category:Basque_terms_borrowed_from_Spanish
franko,eu,es,Category:Basque_terms_borrowed_from_Spanish
fresko,eu,es,Category:Basque_terms_borrowed_from_Spanish
fruta,eu,es,Category:Basque_terms_borrowed_from_Spanish
galtzetin,eu,es,Category:Basque_terms_borrowed_from_Spanish
Gaztela,eu,es,Category:Basque_terms_borrowed_from_Spanish
genozidio,eu,es,Category:Basque_terms_borrowed_from_Spanish
geografia,eu,es,Category:Basque_terms_borrowed_from_Spanish
gerra,eu,es,Category:Basque_terms_borrowed_from_Spanish
Gilen,eu,es,Category:Basque_terms_borrowed_from_Spanish
Gillen,eu,es,Category:Basque_terms_borrowed_from_Spanish
Gillermo,eu,es,Category:Basque_terms_borrowed_from_Spanish
gisa,eu,es,Category:Basque_terms_borrowed_from_Spanish
glaziar,eu,es,Category:Basque_terms_borrowed_from_Spanish
gobernu,eu,es,Category:Basque_terms_borrowed_from_Spanish
gol,eu,es,Category:Basque_terms_borrowed_from_Spanish
gorde,eu,es,Category:Basque_terms_borrowed_from_Spanish
gramatika,eu,es,Category:Basque_terms_borrowed_from_Spanish
gris,eu,es,Category:Basque_terms_borrowed_from_Spanish
helikoptero,eu,es,Category:Basque_terms_borrowed_from_Spanish
helize,eu,es,Category:Basque_terms_borrowed_from_Spanish
hiena,eu,es,Category:Basque_terms_borrowed_from_Spanish
hipersoniko,eu,es,Category:Basque_terms_borrowed_from_Spanish
homosexual,eu,es,Category:Basque_terms_borrowed_from_Spanish
homosexualitate,eu,es,Category:Basque_terms_borrowed_from_Spanish
identifikazio,eu,es,Category:Basque_terms_borrowed_from_Spanish
identitate,eu,es,Category:Basque_terms_borrowed_from_Spanish
igneo,eu,es,Category:Basque_terms_borrowed_from_Spanish
ijito,eu,es,Category:Basque_terms_borrowed_from_Spanish
iman,eu,es,Category:Basque_terms_borrowed_from_Spanish
imitazio,eu,es,Category:Basque_terms_borrowed_from_Spanish
independentzia,eu,es,Category:Basque_terms_borrowed_from_Spanish
industrializazio,eu,es,Category:Basque_terms_borrowed_from_Spanish
infiltrazio,eu,es,Category:Basque_terms_borrowed_from_Spanish
informazio,eu,es,Category:Basque_terms_borrowed_from_Spanish
institutu,eu,es,Category:Basque_terms_borrowed_from_Spanish
internazional,eu,es,Category:Basque_terms_borrowed_from_Spanish
internazionalismo,eu,es,Category:Basque_terms_borrowed_from_Spanish
intsektu,eu,es,Category:Basque_terms_borrowed_from_Spanish
izkina,eu,es,Category:Basque_terms_borrowed_from_Spanish
jende,eu,es,Category:Basque_terms_borrowed_from_Spanish
jengibre,eu,es,Category:Basque_terms_borrowed_from_Spanish
jirafa,eu,es,Category:Basque_terms_borrowed_from_Spanish
Joana,eu,es,Category:Basque_terms_borrowed_from_Spanish
justifikazio,eu,es,Category:Basque_terms_borrowed_from_Spanish
kafeina,eu,es,Category:Basque_terms_borrowed_from_Spanish
kaka,eu,es,Category:Basque_terms_borrowed_from_Spanish
kakahuete,eu,es,Category:Basque_terms_borrowed_from_Spanish
kaltzita,eu,es,Category:Basque_terms_borrowed_from_Spanish
kanguru,eu,es,Category:Basque_terms_borrowed_from_Spanish
kapitalismo,eu,es,Category:Basque_terms_borrowed_from_Spanish
kapitalista,eu,es,Category:Basque_terms_borrowed_from_Spanish
kapo,eu,es,Category:Basque_terms_borrowed_from_Spanish
karlistada,eu,es,Category:Basque_terms_borrowed_from_Spanish
kastore,eu,es,Category:Basque_terms_borrowed_from_Spanish
Katalunia,eu,es,Category:Basque_terms_borrowed_from_Spanish
kaxa,eu,es,Category:Basque_terms_borrowed_from_Spanish
kikara,eu,es,Category:Basque_terms_borrowed_from_Spanish
kilate,eu,es,Category:Basque_terms_borrowed_from_Spanish
kilogramo,eu,es,Category:Basque_terms_borrowed_from_Spanish
koaderno,eu,es,Category:Basque_terms_borrowed_from_Spanish
kobre,eu,es,Category:Basque_terms_borrowed_from_Spanish
koke,eu,es,Category:Basque_terms_borrowed_from_Spanish
kolera,eu,es,Category:Basque_terms_borrowed_from_Spanish
kolonizazio,eu,es,Category:Basque_terms_borrowed_from_Spanish
koltxoi,eu,es,Category:Basque_terms_borrowed_from_Spanish
kometa,eu,es,Category:Basque_terms_borrowed_from_Spanish
komunismo,eu,es,Category:Basque_terms_borrowed_from_Spanish
komunista,eu,es,Category:Basque_terms_borrowed_from_Spanish
kondentsadore,eu,es,Category:Basque_terms_borrowed_from_Spanish
kondizio,eu,es,Category:Basque_terms_borrowed_from_Spanish
kondizional,eu,es,Category:Basque_terms_borrowed_from_Spanish
kono,eu,es,Category:Basque_terms_borrowed_from_Spanish
konstituzio,eu,es,Category:Basque_terms_borrowed_from_Spanish
kontzeptu,eu,es,Category:Basque_terms_borrowed_from_Spanish
kontzientzia,eu,es,Category:Basque_terms_borrowed_from_Spanish
koral,eu,es,Category:Basque_terms_borrowed_from_Spanish
Kordoba,eu,es,Category:Basque_terms_borrowed_from_Spanish
kortxea,eu,es,Category:Basque_terms_borrowed_from_Spanish
kosmonauta,eu,es,Category:Basque_terms_borrowed_from_Spanish
kotxe,eu,es,Category:Basque_terms_borrowed_from_Spanish
krater,eu,es,Category:Basque_terms_borrowed_from_Spanish
kronologia,eu,es,Category:Basque_terms_borrowed_from_Spanish
kuantu,eu,es,Category:Basque_terms_borrowed_from_Spanish
kultura,eu,es,Category:Basque_terms_borrowed_from_Spanish
lama,eu,es,Category:Basque_terms_borrowed_from_Spanish
lanbas,eu,es,Category:Basque_terms_borrowed_from_Spanish
landa,eu,es,Category:Basque_terms_borrowed_from_Spanish
laratro,eu,es,Category:Basque_terms_borrowed_from_Spanish
letra,eu,es,Category:Basque_terms_borrowed_from_Spanish
Libano,eu,es,Category:Basque_terms_borrowed_from_Spanish
libreto,eu,es,Category:Basque_terms_borrowed_from_Spanish
lima,eu,es,Category:Basque_terms_borrowed_from_Spanish
linguistika,eu,es,Category:Basque_terms_borrowed_from_Spanish
llama,eu,es,Category:Basque_terms_borrowed_from_Spanish
logika,eu,es,Category:Basque_terms_borrowed_from_Spanish
lupa,eu,es,Category:Basque_terms_borrowed_from_Spanish
Makaronesia,eu,es,Category:Basque_terms_borrowed_from_Spanish
mandarina,eu,es,Category:Basque_terms_borrowed_from_Spanish
mapa,eu,es,Category:Basque_terms_borrowed_from_Spanish
marikoi,eu,es,Category:Basque_terms_borrowed_from_Spanish
marka,eu,es,Category:Basque_terms_borrowed_from_Spanish
marroi,eu,es,Category:Basque_terms_borrowed_from_Spanish
martxo,eu,es,Category:Basque_terms_borrowed_from_Spanish
masturbazio,eu,es,Category:Basque_terms_borrowed_from_Spanish
mauser,eu,es,Category:Basque_terms_borrowed_from_Spanish
mediku,eu,es,Category:Basque_terms_borrowed_from_Spanish
mekanizazio,eu,es,Category:Basque_terms_borrowed_from_Spanish
militarismo,eu,es,Category:Basque_terms_borrowed_from_Spanish
militarizazio,eu,es,Category:Basque_terms_borrowed_from_Spanish
mina,eu,es,Category:Basque_terms_borrowed_from_Spanish
misantropo,eu,es,Category:Basque_terms_borrowed_from_Spanish
misil,eu,es,Category:Basque_terms_borrowed_from_Spanish
mitiko,eu,es,Category:Basque_terms_borrowed_from_Spanish
mito,eu,es,Category:Basque_terms_borrowed_from_Spanish
modifikazio,eu,es,Category:Basque_terms_borrowed_from_Spanish
monarka,eu,es,Category:Basque_terms_borrowed_from_Spanish
monarkia,eu,es,Category:Basque_terms_borrowed_from_Spanish
monarkiko,eu,es,Category:Basque_terms_borrowed_from_Spanish
monasterio,eu,es,Category:Basque_terms_borrowed_from_Spanish
monitore,eu,es,Category:Basque_terms_borrowed_from_Spanish
moralitate,eu,es,Category:Basque_terms_borrowed_from_Spanish
motozikleta,eu,es,Category:Basque_terms_borrowed_from_Spanish
multinazional,eu,es,Category:Basque_terms_borrowed_from_Spanish
mundu,eu,es,Category:Basque_terms_borrowed_from_Spanish
nazional,eu,es,Category:Basque_terms_borrowed_from_Spanish
nazionalismo,eu,es,Category:Basque_terms_borrowed_from_Spanish
nazionalista,eu,es,Category:Basque_terms_borrowed_from_Spanish
nazionalitate,eu,es,Category:Basque_terms_borrowed_from_Spanish
nazionalsozialismo,eu,es,Category:Basque_terms_borrowed_from_Spanish
nenufar,eu,es,Category:Basque_terms_borrowed_from_Spanish
neurologia,eu,es,Category:Basque_terms_borrowed_from_Spanish
neurozientzia,eu,es,Category:Basque_terms_borrowed_from_Spanish
nominatibo,eu,es,Category:Basque_terms_borrowed_from_Spanish
ofentsiba,eu,es,Category:Basque_terms_borrowed_from_Spanish
ogro,eu,es,Category:Basque_terms_borrowed_from_Spanish
oilo,eu,es,Category:Basque_terms_borrowed_from_Spanish
oligarka,eu,es,Category:Basque_terms_borrowed_from_Spanish
oligarkia,eu,es,Category:Basque_terms_borrowed_from_Spanish
oligarkiko,eu,es,Category:Basque_terms_borrowed_from_Spanish
ondo,eu,es,Category:Basque_terms_borrowed_from_Spanish
opaku,eu,es,Category:Basque_terms_borrowed_from_Spanish
opalo,eu,es,Category:Basque_terms_borrowed_from_Spanish
opera,eu,es,Category:Basque_terms_borrowed_from_Spanish
operadore,eu,es,Category:Basque_terms_borrowed_from_Spanish
operatibo,eu,es,Category:Basque_terms_borrowed_from_Spanish
operazio,eu,es,Category:Basque_terms_borrowed_from_Spanish
opereta,eu,es,Category:Basque_terms_borrowed_from_Spanish
operkulu,eu,es,Category:Basque_terms_borrowed_from_Spanish
organizazio,eu,es,Category:Basque_terms_borrowed_from_Spanish
orgasmo,eu,es,Category:Basque_terms_borrowed_from_Spanish
pabo,eu,es,Category:Basque_terms_borrowed_from_Spanish
pakete,eu,es,Category:Basque_terms_borrowed_from_Spanish
pase,eu,es,Category:Basque_terms_borrowed_from_Spanish
patata,eu,es,Category:Basque_terms_borrowed_from_Spanish
pauso,eu,es,Category:Basque_terms_borrowed_from_Spanish
pelikula,eu,es,Category:Basque_terms_borrowed_from_Spanish
penintsula,eu,es,Category:Basque_terms_borrowed_from_Spanish
pentagrama,eu,es,Category:Basque_terms_borrowed_from_Spanish
pertsonal,eu,es,Category:Basque_terms_borrowed_from_Spanish
pila,eu,es,Category:Basque_terms_borrowed_from_Spanish
pilota,eu,es,Category:Basque_terms_borrowed_from_Spanish
pintxo,eu,es,Category:Basque_terms_borrowed_from_Spanish
piraña,eu,es,Category:Basque_terms_borrowed_from_Spanish
pistoi,eu,es,Category:Basque_terms_borrowed_from_Spanish
pistola,eu,es,Category:Basque_terms_borrowed_from_Spanish
pisu,eu,es,Category:Basque_terms_borrowed_from_Spanish
pixa,eu,es,Category:Basque_terms_borrowed_from_Spanish
plaia,eu,es,Category:Basque_terms_borrowed_from_Spanish
plastiko,eu,es,Category:Basque_terms_borrowed_from_Spanish
plaza,eu,es,Category:Basque_terms_borrowed_from_Spanish
plutokrazia,eu,es,Category:Basque_terms_borrowed_from_Spanish
pobrezia,eu,es,Category:Basque_terms_borrowed_from_Spanish
polaritate,eu,es,Category:Basque_terms_borrowed_from_Spanish
polarizazio,eu,es,Category:Basque_terms_borrowed_from_Spanish
politiko,eu,es,Category:Basque_terms_borrowed_from_Spanish
poltsa,eu,es,Category:Basque_terms_borrowed_from_Spanish
pornografia,eu,es,Category:Basque_terms_borrowed_from_Spanish
portuges,eu,es,Category:Basque_terms_borrowed_from_Spanish
potentzia,eu,es,Category:Basque_terms_borrowed_from_Spanish
prepuzio,eu,es,Category:Basque_terms_borrowed_from_Spanish
presa,eu,es,Category:Basque_terms_borrowed_from_Spanish
presidente,eu,es,Category:Basque_terms_borrowed_from_Spanish
prezio,eu,es,Category:Basque_terms_borrowed_from_Spanish
probabilitate,eu,es,Category:Basque_terms_borrowed_from_Spanish
probintzia,eu,es,Category:Basque_terms_borrowed_from_Spanish
produktibo,eu,es,Category:Basque_terms_borrowed_from_Spanish
produkzio,eu,es,Category:Basque_terms_borrowed_from_Spanish
prostituzio,eu,es,Category:Basque_terms_borrowed_from_Spanish
psikologia,eu,es,Category:Basque_terms_borrowed_from_Spanish
publizitate,eu,es,Category:Basque_terms_borrowed_from_Spanish
punta,eu,es,Category:Basque_terms_borrowed_from_Spanish
puntu,eu,es,Category:Basque_terms_borrowed_from_Spanish
purifikazio,eu,es,Category:Basque_terms_borrowed_from_Spanish
puta,eu,es,Category:Basque_terms_borrowed_from_Spanish
putre,eu,es,Category:Basque_terms_borrowed_from_Spanish
putzu,eu,es,Category:Basque_terms_borrowed_from_Spanish
radar,eu,es,Category:Basque_terms_borrowed_from_Spanish
radian,eu,es,Category:Basque_terms_borrowed_from_Spanish
radio,eu,es,Category:Basque_terms_borrowed_from_Spanish
radon,eu,es,Category:Basque_terms_borrowed_from_Spanish
raid,eu,es,Category:Basque_terms_borrowed_from_Spanish
raja,eu,es,Category:Basque_terms_borrowed_from_Spanish
ralenti,eu,es,Category:Basque_terms_borrowed_from_Spanish
rally,eu,es,Category:Basque_terms_borrowed_from_Spanish
ramadan,eu,es,Category:Basque_terms_borrowed_from_Spanish
ranking,eu,es,Category:Basque_terms_borrowed_from_Spanish
rantxera,eu,es,Category:Basque_terms_borrowed_from_Spanish
rap,eu,es,Category:Basque_terms_borrowed_from_Spanish
rapanui,eu,es,Category:Basque_terms_borrowed_from_Spanish
rappel,eu,es,Category:Basque_terms_borrowed_from_Spanish
rapsoda,eu,es,Category:Basque_terms_borrowed_from_Spanish
rapsodia,eu,es,Category:Basque_terms_borrowed_from_Spanish
robotika,eu,es,Category:Basque_terms_borrowed_from_Spanish
saltxitxa,eu,es,Category:Basque_terms_borrowed_from_Spanish
San,eu,es,Category:Basque_terms_borrowed_from_Spanish
seguru,eu,es,Category:Basque_terms_borrowed_from_Spanish
sekularismo,eu,es,Category:Basque_terms_borrowed_from_Spanish
semaforo,eu,es,Category:Basque_terms_borrowed_from_Spanish
separazio,eu,es,Category:Basque_terms_borrowed_from_Spanish
serafin,eu,es,Category:Basque_terms_borrowed_from_Spanish
setio,eu,es,Category:Basque_terms_borrowed_from_Spanish
sexismo,eu,es,Category:Basque_terms_borrowed_from_Spanish
sinekdoke,eu,es,Category:Basque_terms_borrowed_from_Spanish
Singapur,eu,es,Category:Basque_terms_borrowed_from_Spanish
soldadu,eu,es,Category:Basque_terms_borrowed_from_Spanish
sozial,eu,es,Category:Basque_terms_borrowed_from_Spanish
sozialismo,eu,es,Category:Basque_terms_borrowed_from_Spanish
sozialista,eu,es,Category:Basque_terms_borrowed_from_Spanish
suizidio,eu,es,Category:Basque_terms_borrowed_from_Spanish
suma,eu,es,Category:Basque_terms_borrowed_from_Spanish
taberna,eu,es,Category:Basque_terms_borrowed_from_Spanish
talo,eu,es,Category:Basque_terms_borrowed_from_Spanish
tamaina,eu,es,Category:Basque_terms_borrowed_from_Spanish
tekla,eu,es,Category:Basque_terms_borrowed_from_Spanish
teklatu,eu,es,Category:Basque_terms_borrowed_from_Spanish
teknokrazia,eu,es,Category:Basque_terms_borrowed_from_Spanish
teknologia,eu,es,Category:Basque_terms_borrowed_from_Spanish
teokrazia,eu,es,Category:Basque_terms_borrowed_from_Spanish
teologo,eu,es,Category:Basque_terms_borrowed_from_Spanish
terrorismo,eu,es,Category:Basque_terms_borrowed_from_Spanish
tibia,eu,es,Category:Basque_terms_borrowed_from_Spanish
tiro,eu,es,Category:Basque_terms_borrowed_from_Spanish
tradizio,eu,es,Category:Basque_terms_borrowed_from_Spanish
tradizional,eu,es,Category:Basque_terms_borrowed_from_Spanish
trafiko,eu,es,Category:Basque_terms_borrowed_from_Spanish
traiektoria,eu,es,Category:Basque_terms_borrowed_from_Spanish
tranbia,eu,es,Category:Basque_terms_borrowed_from_Spanish
tranpa,eu,es,Category:Basque_terms_borrowed_from_Spanish
trepeta,eu,es,Category:Basque_terms_borrowed_from_Spanish
tronu,eu,es,Category:Basque_terms_borrowed_from_Spanish
truke,eu,es,Category:Basque_terms_borrowed_from_Spanish
txalupa,eu,es,Category:Basque_terms_borrowed_from_Spanish
txanda,eu,es,Category:Basque_terms_borrowed_from_Spanish
txantxa,eu,es,Category:Basque_terms_borrowed_from_Spanish
txartel,eu,es,Category:Basque_terms_borrowed_from_Spanish
tximinia,eu,es,Category:Basque_terms_borrowed_from_Spanish
txiste,eu,es,Category:Basque_terms_borrowed_from_Spanish
txoke,eu,es,Category:Basque_terms_borrowed_from_Spanish
txokolate,eu,es,Category:Basque_terms_borrowed_from_Spanish
txorizo,eu,es,Category:Basque_terms_borrowed_from_Spanish
txuleta,eu,es,Category:Basque_terms_borrowed_from_Spanish
ultzera,eu,es,Category:Basque_terms_borrowed_from_Spanish
Valentzia,eu,es,Category:Basque_terms_borrowed_from_Spanish
wahabismo,eu,es,Category:Basque_terms_borrowed_from_Spanish
wahabista,eu,es,Category:Basque_terms_borrowed_from_Spanish
Xisto,eu,es,Category:Basque_terms_borrowed_from_Spanish
yarda,eu,es,Category:Basque_terms_borrowed_from_Spanish
zabor,eu,es,Category:Basque_terms_borrowed_from_Spanish
ze,eu,es,Category:Basque_terms_borrowed_from_Spanish
zebra,eu,es,Category:Basque_terms_borrowed_from_Spanish
zerbeza,eu,es,Category:Basque_terms_borrowed_from_Spanish
zerbitzu,eu,es,Category:Basque_terms_borrowed_from_Spanish
zeremonia,eu,es,Category:Basque_terms_borrowed_from_Spanish
zero,eu,es,Category:Basque_terms_borrowed_from_Spanish
zertzeta,eu,es,Category:Basque_terms_borrowed_from_Spanish
zeta,eu,es,Category:Basque_terms_borrowed_from_Spanish
zibil,eu,es,Category:Basque_terms_borrowed_from_Spanish
zibilizazio,eu,es,Category:Basque_terms_borrowed_from_Spanish
zientzia,eu,es,Category:Basque_terms_borrowed_from_Spanish
ziklotroi,eu,es,Category:Basque_terms_borrowed_from_Spanish
zirkonio,eu,es,Category:Basque_terms_borrowed_from_Spanish
zirku,eu,es,Category:Basque_terms_borrowed_from_Spanish
zirkulu,eu,es,Category:Basque_terms_borrowed_from_Spanish
zumake,eu,es,Category:Basque_terms_borrowed_from_Spanish
abangoardia,eu,fr,Category:Basque_terms_borrowed_from_French
abant,eu,fr,Category:Basque_terms_borrowed_from_French
abantaila,eu,fr,Category:Basque_terms_borrowed_from_French
abantailos,eu,fr,Category:Basque_terms_borrowed_from_French
abantzamendu,eu,fr,Category:Basque_terms_borrowed_from_French
abrikot,eu,fr,Category:Basque_terms_borrowed_from_French
absente,eu,fr,Category:Basque_terms_borrowed_from_French
absentzia,eu,fr,Category:Basque_terms_borrowed_from_French
abside,eu,fr,Category:Basque_terms_borrowed_from_French
Aljeria,eu,fr,Category:Basque_terms_borrowed_from_French
biera,eu,fr,Category:Basque_terms_borrowed_from_French
bizikleta,eu,fr,Category:Basque_terms_borrowed_from_French
camembert,eu,fr,Category:Basque_terms_borrowed_from_French
chantilly,eu,fr,Category:Basque_terms_borrowed_from_French
chauvinista,eu,fr,Category:Basque_terms_borrowed_from_French
chef,eu,fr,Category:Basque_terms_borrowed_from_French
collage,eu,fr,Category:Basque_terms_borrowed_from_French
coulomb,eu,fr,Category:Basque_terms_borrowed_from_French
croissant,eu,fr,Category:Basque_terms_borrowed_from_French
Danimarka,eu,fr,Category:Basque_terms_borrowed_from_French
espioi,eu,fr,Category:Basque_terms_borrowed_from_French
greba,eu,fr,Category:Basque_terms_borrowed_from_French
hierarkia,eu,fr,Category:Basque_terms_borrowed_from_French
Kanbodia,eu,fr,Category:Basque_terms_borrowed_from_French
kanixe,eu,fr,Category:Basque_terms_borrowed_from_French
kode,eu,fr,Category:Basque_terms_borrowed_from_French
letra,eu,fr,Category:Basque_terms_borrowed_from_French
Maroko,eu,fr,Category:Basque_terms_borrowed_from_French
Norvegia,eu,fr,Category:Basque_terms_borrowed_from_French
omonier,eu,fr,Category:Basque_terms_borrowed_from_French
pabo,eu,fr,Category:Basque_terms_borrowed_from_French
raja,eu,fr,Category:Basque_terms_borrowed_from_French
ralenti,eu,fr,Category:Basque_terms_borrowed_from_French
Suedia,eu,fr,Category:Basque_terms_borrowed_from_French
tren,eu,fr,Category:Basque_terms_borrowed_from_French
ttantta,eu,fr,Category:Basque_terms_borrowed_from_French
Tunisia,eu,fr,Category:Basque_terms_borrowed_from_French
txalupa,eu,fr,Category:Basque_terms_borrowed_from_French
Xobür,eu,fr,Category:Basque_terms_borrowed_from_French
Αβάνα,el,en,Category:Greek_terms_borrowed_from_English
αγαρδίτης,el,en,Category:Greek_terms_borrowed_from_English
αγιατολάχ,el,en,Category:Greek_terms_borrowed_from_English
Αϊντάχο,el,en,Category:Greek_terms_borrowed_from_English
Αϊόβα,el,en,Category:Greek_terms_borrowed_from_English
αιρκοντίσιον,el,en,Category:Greek_terms_borrowed_from_English
Αλαμπάμα,el,en,Category:Greek_terms_borrowed_from_English
Αλάσκα,el,en,Category:Greek_terms_borrowed_from_English
Άλμπερτ,el,en,Category:Greek_terms_borrowed_from_English
Ανγκουίλα,el,en,Category:Greek_terms_borrowed_from_English
ανθέμιο,el,en,Category:Greek_terms_borrowed_from_English
άνορακ,el,en,Category:Greek_terms_borrowed_from_English
αντεργκράουντ,el,en,Category:Greek_terms_borrowed_from_English
Αντίγκουα,el,en,Category:Greek_terms_borrowed_from_English
άουτ,el,en,Category:Greek_terms_borrowed_from_English
αουτσάιντερ,el,en,Category:Greek_terms_borrowed_from_English
απαρτχάιντ,el,en,Category:Greek_terms_borrowed_from_English
άπερκατ,el,en,Category:Greek_terms_borrowed_from_English
Αριζόνα,el,en,Category:Greek_terms_borrowed_from_English
Άρκανσας,el,en,Category:Greek_terms_borrowed_from_English
αταβιστικός,el,en,Category:Greek_terms_borrowed_from_English
ατζέντα,el,en,Category:Greek_terms_borrowed_from_English
Αυστραλασία,el,en,Category:Greek_terms_borrowed_from_English
Αυστραλία,el,en,Category:Greek_terms_borrowed_from_English
βαθμός Κέλβιν,el,en,Category:Greek_terms_borrowed_from_English
βαν,el,en,Category:Greek_terms_borrowed_from_English
Βερόνικα,el,en,Category:Greek_terms_borrowed_from_English
βεσέ,el,en,Category:Greek_terms_borrowed_from_English
Βινς,el,en,Category:Greek_terms_borrowed_from_English
βίντεο,el,en,Category:Greek_terms_borrowed_from_English
Βιρτζίνια,el,en,Category:Greek_terms_borrowed_from_English
βόας,el,en,Category:Greek_terms_borrowed_from_English
Βοστώνη,el,en,Category:Greek_terms_borrowed_from_English
γαλόνι,el,en,Category:Greek_terms_borrowed_from_English
Γέλοουναϊφ,el,en,Category:Greek_terms_borrowed_from_English
γεωπολιτική,el,en,Category:Greek_terms_borrowed_from_English
Γιόντα,el,en,Category:Greek_terms_borrowed_from_English
γιοτ,el,en,Category:Greek_terms_borrowed_from_English
γιοττα-,el,en,Category:Greek_terms_borrowed_from_English
Γκάνα,el,en,Category:Greek_terms_borrowed_from_English
Γκάρφιλντ,el,en,Category:Greek_terms_borrowed_from_English
γκέι,el,en,Category:Greek_terms_borrowed_from_English
Γκιμπς,el,en,Category:Greek_terms_borrowed_from_English
γκολ,el,en,Category:Greek_terms_borrowed_from_English
Γκόρντον,el,en,Category:Greek_terms_borrowed_from_English
Γκούντμαν,el,en,Category:Greek_terms_borrowed_from_English
Γκραντ,el,en,Category:Greek_terms_borrowed_from_English
Γκρεγκ,el,en,Category:Greek_terms_borrowed_from_English
γκρέιπφρουτ,el,en,Category:Greek_terms_borrowed_from_English
Γκρέις,el,en,Category:Greek_terms_borrowed_from_English
γκρελίνη,el,en,Category:Greek_terms_borrowed_from_English
Γκριν,el,en,Category:Greek_terms_borrowed_from_English
γκρουμ,el,en,Category:Greek_terms_borrowed_from_English
γλωσσολαλιά,el,en,Category:Greek_terms_borrowed_from_English
Γουόκερ,el,en,Category:Greek_terms_borrowed_from_English
Γουόλτερ,el,en,Category:Greek_terms_borrowed_from_English
δεινόσαυρος,el,en,Category:Greek_terms_borrowed_from_English
Δελχί,el,en,Category:Greek_terms_borrowed_from_English
δολάριο,el,en,Category:Greek_terms_borrowed_from_English
Έβαν,el,en,Category:Greek_terms_borrowed_from_English
Έιμι,el,en,Category:Greek_terms_borrowed_from_English
Έιντζελ,el,en,Category:Greek_terms_borrowed_from_English
ελληνιστικός,el,en,Category:Greek_terms_borrowed_from_English
εμού,el,en,Category:Greek_terms_borrowed_from_English
Έντι,el,en,Category:Greek_terms_borrowed_from_English
Έντουαρντ,el,en,Category:Greek_terms_borrowed_from_English
εξα-,el,en,Category:Greek_terms_borrowed_from_English
Έρικ,el,en,Category:Greek_terms_borrowed_from_English
ευτηκτοειδής,el,en,Category:Greek_terms_borrowed_from_English
ζεττα-,el,en,Category:Greek_terms_borrowed_from_English
θεατρόφιλος,el,en,Category:Greek_terms_borrowed_from_English
θρίλερ,el,en,Category:Greek_terms_borrowed_from_English
ιαγουάρος,el,en,Category:Greek_terms_borrowed_from_English
Ίαν,el,en,Category:Greek_terms_borrowed_from_English
Ιλινόις,el,en,Category:Greek_terms_borrowed_from_English
ίντερνετ,el,en,Category:Greek_terms_borrowed_from_English
Ιντιάνα,el,en,Category:Greek_terms_borrowed_from_English
ινφλουένσερ,el,en,Category:Greek_terms_borrowed_from_English
ιστόγραμμα,el,en,Category:Greek_terms_borrowed_from_English
Κάθριν,el,en,Category:Greek_terms_borrowed_from_English
κακατούα,el,en,Category:Greek_terms_borrowed_from_English
Καλιφόρνια,el,en,Category:Greek_terms_borrowed_from_English
καμικάζι,el,en,Category:Greek_terms_borrowed_from_English
καμπάνα,el,en,Category:Greek_terms_borrowed_from_English
Καμπέρα,el,en,Category:Greek_terms_borrowed_from_English
Κάνσας,el,en,Category:Greek_terms_borrowed_from_English
καουμπόι,el,en,Category:Greek_terms_borrowed_from_English
Κάρεν,el,en,Category:Greek_terms_borrowed_from_English
Κάρτερ,el,en,Category:Greek_terms_borrowed_from_English
κασάγια,el,en,Category:Greek_terms_borrowed_from_English
κβάντο,el,en,Category:Greek_terms_borrowed_from_English
Κέβιν,el,en,Category:Greek_terms_borrowed_from_English
κέικ,el,en,Category:Greek_terms_borrowed_from_English
κέικς,el,en,Category:Greek_terms_borrowed_from_English
Κέισι,el,en,Category:Greek_terms_borrowed_from_English
Κέιτ,el,en,Category:Greek_terms_borrowed_from_English
Κέιτι,el,en,Category:Greek_terms_borrowed_from_English
Κέλβιν,el,en,Category:Greek_terms_borrowed_from_English
Κέλι,el,en,Category:Greek_terms_borrowed_from_English
Κένεντι,el,en,Category:Greek_terms_borrowed_from_English
Κεντάκι,el,en,Category:Greek_terms_borrowed_from_English
Κιθ,el,en,Category:Greek_terms_borrowed_from_English
κιλο-,el,en,Category:Greek_terms_borrowed_from_English
κιλοβατώρα,el,en,Category:Greek_terms_borrowed_from_English
κίνα,el,en,Category:Greek_terms_borrowed_from_English
Κινγκ,el,en,Category:Greek_terms_borrowed_from_English
κίουι,el,en,Category:Greek_terms_borrowed_from_English
κλινική,el,en,Category:Greek_terms_borrowed_from_English
κλόουν,el,en,Category:Greek_terms_borrowed_from_English
κογιότ,el,en,Category:Greek_terms_borrowed_from_English
κοκτέιλ,el,en,Category:Greek_terms_borrowed_from_English
κόλα,el,en,Category:Greek_terms_borrowed_from_English
κολέγιο,el,en,Category:Greek_terms_borrowed_from_English
Κόλιν,el,en,Category:Greek_terms_borrowed_from_English
Κόλινς,el,en,Category:Greek_terms_borrowed_from_English
Κολοράντο,el,en,Category:Greek_terms_borrowed_from_English
κόμικς,el,en,Category:Greek_terms_borrowed_from_English
Κονέκτικατ,el,en,Category:Greek_terms_borrowed_from_English
Κόνλεϋ,el,en,Category:Greek_terms_borrowed_from_English
Κορνουάλη,el,en,Category:Greek_terms_borrowed_from_English
κορνφλάουρ,el,en,Category:Greek_terms_borrowed_from_English
κουάρκ,el,en,Category:Greek_terms_borrowed_from_English
κουκαμπούρα,el,en,Category:Greek_terms_borrowed_from_English
κουλροφοβία,el,en,Category:Greek_terms_borrowed_from_English
κράκερ,el,en,Category:Greek_terms_borrowed_from_English
κριλ,el,en,Category:Greek_terms_borrowed_from_English
κρίπερ,el,en,Category:Greek_terms_borrowed_from_English
Κρίστιαν,el,en,Category:Greek_terms_borrowed_from_English
Κριστίνα,el,en,Category:Greek_terms_borrowed_from_English
κρυοπάγημα,el,en,Category:Greek_terms_borrowed_from_English
λαίδη,el,en,Category:Greek_terms_borrowed_from_English
λάμα,el,en,Category:Greek_terms_borrowed_from_English
Λάνα,el,en,Category:Greek_terms_borrowed_from_English
Λεμουρία,el,en,Category:Greek_terms_borrowed_from_English
λεμούριος,el,en,Category:Greek_terms_borrowed_from_English
Λέοναρντ,el,en,Category:Greek_terms_borrowed_from_English
Ληντς,el,en,Category:Greek_terms_borrowed_from_English
λιδοκαΐνη,el,en,Category:Greek_terms_borrowed_from_English
Λίμερικ,el,en,Category:Greek_terms_borrowed_from_English
Λίνκολν,el,en,Category:Greek_terms_borrowed_from_English
Λίο,el,en,Category:Greek_terms_borrowed_from_English
λοκ άουτ,el,en,Category:Greek_terms_borrowed_from_English
Λος Άντζελες,el,en,Category:Greek_terms_borrowed_from_English
Λουιζιάνα,el,en,Category:Greek_terms_borrowed_from_English
Λουκ,el,en,Category:Greek_terms_borrowed_from_English
λούνα παρκ,el,en,Category:Greek_terms_borrowed_from_English
μάγια,el,en,Category:Greek_terms_borrowed_from_English
Μάθιου,el,en,Category:Greek_terms_borrowed_from_English
Μάικλ,el,en,Category:Greek_terms_borrowed_from_English
Μαίρη,el,en,Category:Greek_terms_borrowed_from_English
μακαρθισμός,el,en,Category:Greek_terms_borrowed_from_English
Μαλάουι,el,en,Category:Greek_terms_borrowed_from_English
μάνατζερ,el,en,Category:Greek_terms_borrowed_from_English
μάνατζμεντ,el,en,Category:Greek_terms_borrowed_from_English
μάρκετινγκ,el,en,Category:Greek_terms_borrowed_from_English
Μάρτιν,el,en,Category:Greek_terms_borrowed_from_English
Μασαχουσέτη,el,en,Category:Greek_terms_borrowed_from_English
ματζέντα,el,en,Category:Greek_terms_borrowed_from_English
ματς,el,en,Category:Greek_terms_borrowed_from_English
Μέιν,el,en,Category:Greek_terms_borrowed_from_English
μέινστριμ,el,en,Category:Greek_terms_borrowed_from_English
Μελβούρνη,el,en,Category:Greek_terms_borrowed_from_English
μελόντικα,el,en,Category:Greek_terms_borrowed_from_English
Μέρεντιθ,el,en,Category:Greek_terms_borrowed_from_English
Μέριλαντ,el,en,Category:Greek_terms_borrowed_from_English
Μιζούρι,el,en,Category:Greek_terms_borrowed_from_English
Μίλερ,el,en,Category:Greek_terms_borrowed_from_English
Μινεσότα,el,en,Category:Greek_terms_borrowed_from_English
Μισέλ,el,en,Category:Greek_terms_borrowed_from_English
Μίσιγκαν,el,en,Category:Greek_terms_borrowed_from_English
Μισισίπι,el,en,Category:Greek_terms_borrowed_from_English
Μίτσελ,el,en,Category:Greek_terms_borrowed_from_English
Μοντάνα,el,en,Category:Greek_terms_borrowed_from_English
Μόργκαν,el,en,Category:Greek_terms_borrowed_from_English
μπαμπού,el,en,Category:Greek_terms_borrowed_from_English
μπαργούμαν,el,en,Category:Greek_terms_borrowed_from_English
μπάρμπεκιου,el,en,Category:Greek_terms_borrowed_from_English
μπελούγκα,el,en,Category:Greek_terms_borrowed_from_English
Μπέρμιγχαμ,el,en,Category:Greek_terms_borrowed_from_English
μπλάκης,el,en,Category:Greek_terms_borrowed_from_English
μπλάντι,el,en,Category:Greek_terms_borrowed_from_English
Μπομπ,el,en,Category:Greek_terms_borrowed_from_English
Μπόμπι,el,en,Category:Greek_terms_borrowed_from_English
μπόνους,el,en,Category:Greek_terms_borrowed_from_English
μπόντι μπίλντερ,el,en,Category:Greek_terms_borrowed_from_English
Μπουχάρα,el,en,Category:Greek_terms_borrowed_from_English
Μπράιαν,el,en,Category:Greek_terms_borrowed_from_English
Μπράντον,el,en,Category:Greek_terms_borrowed_from_English
Μπράουν,el,en,Category:Greek_terms_borrowed_from_English
ΝΑΤΟ,el,en,Category:Greek_terms_borrowed_from_English
Νέα Ζηλανδία,el,en,Category:Greek_terms_borrowed_from_English
Νεβάδα,el,en,Category:Greek_terms_borrowed_from_English
Νέιθαν,el,en,Category:Greek_terms_borrowed_from_English
Νεμπράσκα,el,en,Category:Greek_terms_borrowed_from_English
νέον,el,en,Category:Greek_terms_borrowed_from_English
Νίκολς,el,en,Category:Greek_terms_borrowed_from_English
Νόργουιτς,el,en,Category:Greek_terms_borrowed_from_English
Ντάνιελ,el,en,Category:Greek_terms_borrowed_from_English
Ντέιβ,el,en,Category:Greek_terms_borrowed_from_English
Ντέιβιντ,el,en,Category:Greek_terms_borrowed_from_English
Ντέιβις,el,en,Category:Greek_terms_borrowed_from_English
Ντέλαγουερ,el,en,Category:Greek_terms_borrowed_from_English
ντελιβεράς,el,en,Category:Greek_terms_borrowed_from_English
ντελίβερι,el,en,Category:Greek_terms_borrowed_from_English
Ντένις,el,en,Category:Greek_terms_borrowed_from_English
ντεντέκτιβ,el,en,Category:Greek_terms_borrowed_from_English
Ντέξτερ,el,en,Category:Greek_terms_borrowed_from_English
Ντέρεκ,el,en,Category:Greek_terms_borrowed_from_English
ντετέκτιβ,el,en,Category:Greek_terms_borrowed_from_English
ξενοφοβία,el,en,Category:Greek_terms_borrowed_from_English
Οκλαχόμα,el,en,Category:Greek_terms_borrowed_from_English
Όλιβερ,el,en,Category:Greek_terms_borrowed_from_English
Ολύμπια,el,en,Category:Greek_terms_borrowed_from_English
ορθογναθικός,el,en,Category:Greek_terms_borrowed_from_English
Οσάκα,el,en,Category:Greek_terms_borrowed_from_English
ουάου,el,en,Category:Greek_terms_borrowed_from_English
ουτοπία,el,en,Category:Greek_terms_borrowed_from_English
ούφο,el,en,Category:Greek_terms_borrowed_from_English
Οφηλία,el,en,Category:Greek_terms_borrowed_from_English
οφσάιντ,el,en,Category:Greek_terms_borrowed_from_English
παζλ,el,en,Category:Greek_terms_borrowed_from_English
Πάιπερ,el,en,Category:Greek_terms_borrowed_from_English
Πάλμερ,el,en,Category:Greek_terms_borrowed_from_English
πάλσαρ,el,en,Category:Greek_terms_borrowed_from_English
παμπ,el,en,Category:Greek_terms_borrowed_from_English
πάνελ,el,en,Category:Greek_terms_borrowed_from_English
πανοραμικός,el,en,Category:Greek_terms_borrowed_from_English
πάντα,el,en,Category:Greek_terms_borrowed_from_English
πάρκινγκ,el,en,Category:Greek_terms_borrowed_from_English
πάρκινσον,el,en,Category:Greek_terms_borrowed_from_English
Πάτρικ,el,en,Category:Greek_terms_borrowed_from_English
Πέιτζ,el,en,Category:Greek_terms_borrowed_from_English
Πέρσι,el,en,Category:Greek_terms_borrowed_from_English
πιγκ πογκ,el,en,Category:Greek_terms_borrowed_from_English
πικάπ,el,en,Category:Greek_terms_borrowed_from_English
πιόνιο,el,en,Category:Greek_terms_borrowed_from_English
πίπερμαν,el,en,Category:Greek_terms_borrowed_from_English
πόνι,el,en,Category:Greek_terms_borrowed_from_English
πουλόβερ,el,en,Category:Greek_terms_borrowed_from_English
Πωλ,el,en,Category:Greek_terms_borrowed_from_English
ραδιόφωνο,el,en,Category:Greek_terms_borrowed_from_English
Ράιαν,el,en,Category:Greek_terms_borrowed_from_English
ρακούν,el,en,Category:Greek_terms_borrowed_from_English
Ράσελ,el,en,Category:Greek_terms_borrowed_from_English
Ρέιτσελ,el,en,Category:Greek_terms_borrowed_from_English
Ρεμπέκα,el,en,Category:Greek_terms_borrowed_from_English
ρεπόρτερ,el,en,Category:Greek_terms_borrowed_from_English
ριμπάουντ,el,en,Category:Greek_terms_borrowed_from_English
Ρίτσαρντ,el,en,Category:Greek_terms_borrowed_from_English
Ρόι,el,en,Category:Greek_terms_borrowed_from_English
ρόλεϊ,el,en,Category:Greek_terms_borrowed_from_English
ρομαντικός,el,en,Category:Greek_terms_borrowed_from_English
Ρομπέν,el,en,Category:Greek_terms_borrowed_from_English
Ρόμπερτ,el,en,Category:Greek_terms_borrowed_from_English
Ρόουντ Άιλαντ,el,en,Category:Greek_terms_borrowed_from_English
Ρότζερ,el,en,Category:Greek_terms_borrowed_from_English
σαγιονάρα,el,en,Category:Greek_terms_borrowed_from_English
Σάιμον,el,en,Category:Greek_terms_borrowed_from_English
Σάλι,el,en,Category:Greek_terms_borrowed_from_English
Σαμόα,el,en,Category:Greek_terms_borrowed_from_English
σάντουιτς,el,en,Category:Greek_terms_borrowed_from_English
Σάρλοτ,el,en,Category:Greek_terms_borrowed_from_English
Σεβίλλη,el,en,Category:Greek_terms_borrowed_from_English
Σεθ,el,en,Category:Greek_terms_borrowed_from_English
σέλφι,el,en,Category:Greek_terms_borrowed_from_English
σέντερ,el,en,Category:Greek_terms_borrowed_from_English
σέντερ μπακ,el,en,Category:Greek_terms_borrowed_from_English
σέντερ φορ,el,en,Category:Greek_terms_borrowed_from_English
σέξι,el,en,Category:Greek_terms_borrowed_from_English
σεξισμός,el,en,Category:Greek_terms_borrowed_from_English
Σέπαρντ,el,en,Category:Greek_terms_borrowed_from_English
σερ,el,en,Category:Greek_terms_borrowed_from_English
Σέφιλντ,el,en,Category:Greek_terms_borrowed_from_English
Σιέρα Λεόνε,el,en,Category:Greek_terms_borrowed_from_English
σίριαλ,el,en,Category:Greek_terms_borrowed_from_English
σίριαλ κίλερ,el,en,Category:Greek_terms_borrowed_from_English
σκάνερ,el,en,Category:Greek_terms_borrowed_from_English
σκέιτ,el,en,Category:Greek_terms_borrowed_from_English
σκέιτμπορντ,el,en,Category:Greek_terms_borrowed_from_English
σκέιτμπορντινγκ,el,en,Category:Greek_terms_borrowed_from_English
σκορ,el,en,Category:Greek_terms_borrowed_from_English
Σκοτ,el,en,Category:Greek_terms_borrowed_from_English
σλόγκαν,el,en,Category:Greek_terms_borrowed_from_English
Σμιθ,el,en,Category:Greek_terms_borrowed_from_English
σνακ,el,en,Category:Greek_terms_borrowed_from_English
Σον,el,en,Category:Greek_terms_borrowed_from_English
σόου,el,en,Category:Greek_terms_borrowed_from_English
Σούβα,el,en,Category:Greek_terms_borrowed_from_English
Σούζαν,el,en,Category:Greek_terms_borrowed_from_English
σουλφίδιο,el,en,Category:Greek_terms_borrowed_from_English
σουπερμάρκετ,el,en,Category:Greek_terms_borrowed_from_English
σουτ,el,en,Category:Greek_terms_borrowed_from_English
σπριντ,el,en,Category:Greek_terms_borrowed_from_English
Σταν,el,en,Category:Greek_terms_borrowed_from_English
σταννάνιο,el,en,Category:Greek_terms_borrowed_from_English
Στιβ,el,en,Category:Greek_terms_borrowed_from_English
Στίβεν,el,en,Category:Greek_terms_borrowed_from_English
στοπ,el,en,Category:Greek_terms_borrowed_from_English
σωματολογία,el,en,Category:Greek_terms_borrowed_from_English
Τάιλερ,el,en,Category:Greek_terms_borrowed_from_English
τάπερ,el,en,Category:Greek_terms_borrowed_from_English
τάσπιν,el,en,Category:Greek_terms_borrowed_from_English
Τέιλορ,el,en,Category:Greek_terms_borrowed_from_English
τεκίλα,el,en,Category:Greek_terms_borrowed_from_English
τένις,el,en,Category:Greek_terms_borrowed_from_English
Τέξας,el,en,Category:Greek_terms_borrowed_from_English
τερπένιο,el,en,Category:Greek_terms_borrowed_from_English
τεστ,el,en,Category:Greek_terms_borrowed_from_English
τεστοστερόνη,el,en,Category:Greek_terms_borrowed_from_English
τζαζ,el,en,Category:Greek_terms_borrowed_from_English
Τζακ,el,en,Category:Greek_terms_borrowed_from_English
Τζάκσον,el,en,Category:Greek_terms_borrowed_from_English
Τζέικ,el,en,Category:Greek_terms_borrowed_from_English
Τζέικομπ,el,en,Category:Greek_terms_borrowed_from_English
Τζέιμι,el,en,Category:Greek_terms_borrowed_from_English
Τζέιμς,el,en,Category:Greek_terms_borrowed_from_English
Τζέιν,el,en,Category:Greek_terms_borrowed_from_English
Τζέισον,el,en,Category:Greek_terms_borrowed_from_English
Τζένιφερ,el,en,Category:Greek_terms_borrowed_from_English
τζετ σκι,el,en,Category:Greek_terms_borrowed_from_English
Τζεφ,el,en,Category:Greek_terms_borrowed_from_English
Τζιμ,el,en,Category:Greek_terms_borrowed_from_English
Τζίμι,el,en,Category:Greek_terms_borrowed_from_English
τζιν,el,en,Category:Greek_terms_borrowed_from_English
Τζιν,el,en,Category:Greek_terms_borrowed_from_English
τζίντζερ,el,en,Category:Greek_terms_borrowed_from_English
Τζόι,el,en,Category:Greek_terms_borrowed_from_English
Τζον,el,en,Category:Greek_terms_borrowed_from_English
Τζόναθαν,el,en,Category:Greek_terms_borrowed_from_English
Τζόνι,el,en,Category:Greek_terms_borrowed_from_English
Τζόνσον,el,en,Category:Greek_terms_borrowed_from_English
Τζόουνς,el,en,Category:Greek_terms_borrowed_from_English
Τζορτζ,el,en,Category:Greek_terms_borrowed_from_English
Τζόρτζια,el,en,Category:Greek_terms_borrowed_from_English
Τζούλια,el,en,Category:Greek_terms_borrowed_from_English
τηλεφωνικός,el,en,Category:Greek_terms_borrowed_from_English
τηλέφωνο,el,en,Category:Greek_terms_borrowed_from_English
τηλεφωνώ,el,en,Category:Greek_terms_borrowed_from_English
τιρζεπατίδη,el,en,Category:Greek_terms_borrowed_from_English
Τόμας,el,en,Category:Greek_terms_borrowed_from_English
Τόνι,el,en,Category:Greek_terms_borrowed_from_English
Τοντ,el,en,Category:Greek_terms_borrowed_from_English
Τορόντο,el,en,Category:Greek_terms_borrowed_from_English
τοστ,el,en,Category:Greek_terms_borrowed_from_English
τραμ,el,en,Category:Greek_terms_borrowed_from_English
τρανς,el,en,Category:Greek_terms_borrowed_from_English
τρόλεϊ,el,en,Category:Greek_terms_borrowed_from_English
Τσακ,el,en,Category:Greek_terms_borrowed_from_English
Τσαρλς,el,en,Category:Greek_terms_borrowed_from_English
τσεκάρω,el,en,Category:Greek_terms_borrowed_from_English
Τσέλμσφορντ,el,en,Category:Greek_terms_borrowed_from_English
τσιπ,el,en,Category:Greek_terms_borrowed_from_English
τσίχλα,el,en,Category:Greek_terms_borrowed_from_English
Υόρκη,el,en,Category:Greek_terms_borrowed_from_English
φάρμα,el,en,Category:Greek_terms_borrowed_from_English
φαστ φουντ,el,en,Category:Greek_terms_borrowed_from_English
Φίλιπ,el,en,Category:Greek_terms_borrowed_from_English
Φίσερ,el,en,Category:Greek_terms_borrowed_from_English
φλερτ,el,en,Category:Greek_terms_borrowed_from_English
Φλόριντα,el,en,Category:Greek_terms_borrowed_from_English
Χαβάη,el,en,Category:Greek_terms_borrowed_from_English
χάκερ,el,en,Category:Greek_terms_borrowed_from_English
χακί,el,en,Category:Greek_terms_borrowed_from_English
Χάλιφαξ,el,en,Category:Greek_terms_borrowed_from_English
Χαλοουίν,el,en,Category:Greek_terms_borrowed_from_English
χάμπουργκερ,el,en,Category:Greek_terms_borrowed_from_English
Χάουαρντ,el,en,Category:Greek_terms_borrowed_from_English
χάπι εντ,el,en,Category:Greek_terms_borrowed_from_English
Χάρι,el,en,Category:Greek_terms_borrowed_from_English
Χάρις,el,en,Category:Greek_terms_borrowed_from_English
Χάρολντ,el,en,Category:Greek_terms_borrowed_from_English
χατ τρικ,el,en,Category:Greek_terms_borrowed_from_English
Χέμινγουεϊ,el,en,Category:Greek_terms_borrowed_from_English
χένα,el,en,Category:Greek_terms_borrowed_from_English
Χένρι,el,en,Category:Greek_terms_borrowed_from_English
Χέρσεϊ,el,en,Category:Greek_terms_borrowed_from_English
Χιγκς,el,en,Category:Greek_terms_borrowed_from_English
χίντι,el,en,Category:Greek_terms_borrowed_from_English
χιούμορ,el,en,Category:Greek_terms_borrowed_from_English
χιτζάμπ,el,en,Category:Greek_terms_borrowed_from_English
χόμπι,el,en,Category:Greek_terms_borrowed_from_English
ψυχοσωματικός,el,en,Category:Greek_terms_borrowed_from_English
ωογένεση,el,en,Category:Greek_terms_borrowed_from_English
γιουβαρλάκι,el,tr,Category:Greek_terms_borrowed_from_Turkish
οπ,el,tr,Category:Greek_terms_borrowed_from_Turkish
παντζούρι,el,tr,Category:Greek_terms_borrowed_from_Turkish
στράφι,el,tr,Category:Greek_terms_borrowed_from_Turkish
τζουτζές,el,tr,Category:Greek_terms_borrowed_from_Turkish
τσατίζω,el,tr,Category:Greek_terms_borrowed_from_Turkish
τσιφτετέλι,el,tr,Category:Greek_terms_borrowed_from_Turkish
φουφού,el,tr,Category:Greek_terms_borrowed_from_Turkish
α λα καρτ,el,fr,Category:Greek_terms_borrowed_from_French
αβανγκάρντ,el,fr,Category:Greek_terms_borrowed_from_French
αβαντάζ,el,fr,Category:Greek_terms_borrowed_from_French
Αβερόν,el,fr,Category:Greek_terms_borrowed_from_French
Αγγλονορμανδικές Νήσοι,el,fr,Category:Greek_terms_borrowed_from_French
αγγλόφωνος,el,fr,Category:Greek_terms_borrowed_from_French
αγκαζέ,el,fr,Category:Greek_terms_borrowed_from_French
αδενίτιδα,el,fr,Category:Greek_terms_borrowed_from_French
αδρεναλίνη,el,fr,Category:Greek_terms_borrowed_from_French
αεροβίωση,el,fr,Category:Greek_terms_borrowed_from_French
αεροδρόμιο,el,fr,Category:Greek_terms_borrowed_from_French
αεροζόλ,el,fr,Category:Greek_terms_borrowed_from_French
αεροπλάνο,el,fr,Category:Greek_terms_borrowed_from_French
αζούρ,el,fr,Category:Greek_terms_borrowed_from_French
αθεϊσμός,el,fr,Category:Greek_terms_borrowed_from_French
αθεϊστής,el,fr,Category:Greek_terms_borrowed_from_French
Άιφελ,el,fr,Category:Greek_terms_borrowed_from_French
ακαρδία,el,fr,Category:Greek_terms_borrowed_from_French
ακουαρέλα,el,fr,Category:Greek_terms_borrowed_from_French
ακροβασία,el,fr,Category:Greek_terms_borrowed_from_French
αλά,el,fr,Category:Greek_terms_borrowed_from_French
Αλγερία,el,fr,Category:Greek_terms_borrowed_from_French
αλγόριθμος,el,fr,Category:Greek_terms_borrowed_from_French
αλέ ρετούρ,el,fr,Category:Greek_terms_borrowed_from_French
αλκάλιο,el,fr,Category:Greek_terms_borrowed_from_French
αλκαλοειδές,el,fr,Category:Greek_terms_borrowed_from_French
αλκαλοειδής,el,fr,Category:Greek_terms_borrowed_from_French
αλκοόλ,el,fr,Category:Greek_terms_borrowed_from_French
αλκοτέστ,el,fr,Category:Greek_terms_borrowed_from_French
αλμανάκ,el,fr,Category:Greek_terms_borrowed_from_French
αλτ,el,fr,Category:Greek_terms_borrowed_from_French
αλτερνατίβα,el,fr,Category:Greek_terms_borrowed_from_French
αμάλγαμα,el,fr,Category:Greek_terms_borrowed_from_French
αμμωνίτης,el,fr,Category:Greek_terms_borrowed_from_French
αμόκ,el,fr,Category:Greek_terms_borrowed_from_French
αμορτισέρ,el,fr,Category:Greek_terms_borrowed_from_French
αμπαζούρ,el,fr,Category:Greek_terms_borrowed_from_French
αμπαλάζ,el,fr,Category:Greek_terms_borrowed_from_French
αμπαλάρισμα,el,fr,Category:Greek_terms_borrowed_from_French
αμπαλάρω,el,fr,Category:Greek_terms_borrowed_from_French
αμπέρ,el,fr,Category:Greek_terms_borrowed_from_French
αμπιγέ,el,fr,Category:Greek_terms_borrowed_from_French
αμπονέ,el,fr,Category:Greek_terms_borrowed_from_French
αμπραγιάζ,el,fr,Category:Greek_terms_borrowed_from_French
αμπρί,el,fr,Category:Greek_terms_borrowed_from_French
ανδρογόνο,el,fr,Category:Greek_terms_borrowed_from_French
Αντάντ,el,fr,Category:Greek_terms_borrowed_from_French
αντικέρ,el,fr,Category:Greek_terms_borrowed_from_French
αντικερί,el,fr,Category:Greek_terms_borrowed_from_French
αντισηπτικό,el,fr,Category:Greek_terms_borrowed_from_French
αντρέ,el,fr,Category:Greek_terms_borrowed_from_French
ανφάν-γκατέ,el,fr,Category:Greek_terms_borrowed_from_French
αξεσουάρ,el,fr,Category:Greek_terms_borrowed_from_French
αξιολογικός,el,fr,Category:Greek_terms_borrowed_from_French
απεριτίφ,el,fr,Category:Greek_terms_borrowed_from_French
απέταλος,el,fr,Category:Greek_terms_borrowed_from_French
απλίκα,el,fr,Category:Greek_terms_borrowed_from_French
απλολογία,el,fr,Category:Greek_terms_borrowed_from_French
αργκό,el,fr,Category:Greek_terms_borrowed_from_French
αρζαντέ,el,fr,Category:Greek_terms_borrowed_from_French
αριβίστας,el,fr,Category:Greek_terms_borrowed_from_French
Αριέζ,el,fr,Category:Greek_terms_borrowed_from_French
ασανσέρ,el,fr,Category:Greek_terms_borrowed_from_French
ασετόν,el,fr,Category:Greek_terms_borrowed_from_French
ασιανολογία,el,fr,Category:Greek_terms_borrowed_from_French
ασορτί,el,fr,Category:Greek_terms_borrowed_from_French
αταβισμός,el,fr,Category:Greek_terms_borrowed_from_French
ατμόσφαιρα,el,fr,Category:Greek_terms_borrowed_from_French
ατού,el,fr,Category:Greek_terms_borrowed_from_French
ατραξιόν,el,fr,Category:Greek_terms_borrowed_from_French
αυτόγραφο,el,fr,Category:Greek_terms_borrowed_from_French
αφίσα,el,fr,Category:Greek_terms_borrowed_from_French
αψέντι,el,fr,Category:Greek_terms_borrowed_from_French
βαγοτομή,el,fr,Category:Greek_terms_borrowed_from_French
βαλς,el,fr,Category:Greek_terms_borrowed_from_French
βαμπίρ,el,fr,Category:Greek_terms_borrowed_from_French
βαμπιρικός,el,fr,Category:Greek_terms_borrowed_from_French
βενζίνη,el,fr,Category:Greek_terms_borrowed_from_French
βίζα,el,fr,Category:Greek_terms_borrowed_from_French
βιζόν,el,fr,Category:Greek_terms_borrowed_from_French
βιολογία,el,fr,Category:Greek_terms_borrowed_from_French
βιόσφαιρα,el,fr,Category:Greek_terms_borrowed_from_French
βιταμίνη,el,fr,Category:Greek_terms_borrowed_from_French
βιτρίνα,el,fr,Category:Greek_terms_borrowed_from_French
βοτανική,el,fr,Category:Greek_terms_borrowed_from_French
βουλκανιζατέρ,el,fr,Category:Greek_terms_borrowed_from_French
Βρετάνη,el,fr,Category:Greek_terms_borrowed_from_French
βρώμιο,el,fr,Category:Greek_terms_borrowed_from_French
γάζα,el,fr,Category:Greek_terms_borrowed_from_French
γάντι,el,fr,Category:Greek_terms_borrowed_from_French
γεωθερμικός,el,fr,Category:Greek_terms_borrowed_from_French
γκαζόν,el,fr,Category:Greek_terms_borrowed_from_French
γκαλερί,el,fr,Category:Greek_terms_borrowed_from_French
γκαράζ,el,fr,Category:Greek_terms_borrowed_from_French
γκαρσόνι,el,fr,Category:Greek_terms_borrowed_from_French
γκισέ,el,fr,Category:Greek_terms_borrowed_from_French
Γκραντ Εστ,el,fr,Category:Greek_terms_borrowed_from_French
γκρι,el,fr,Category:Greek_terms_borrowed_from_French
γλυκόζη,el,fr,Category:Greek_terms_borrowed_from_French
γλυπτοθήκη,el,fr,Category:Greek_terms_borrowed_from_French
γραβάτα,el,fr,Category:Greek_terms_borrowed_from_French
γρανάζι,el,fr,Category:Greek_terms_borrowed_from_French
γυπαετός,el,fr,Category:Greek_terms_borrowed_from_French
δακτυλογράφος,el,fr,Category:Greek_terms_borrowed_from_French
δημοτική,el,fr,Category:Greek_terms_borrowed_from_French
διαχρονικός,el,fr,Category:Greek_terms_borrowed_from_French
διπλωματία,el,fr,Category:Greek_terms_borrowed_from_French
δρύπη,el,fr,Category:Greek_terms_borrowed_from_French
δυναμική,el,fr,Category:Greek_terms_borrowed_from_French
εβαπορέ,el,fr,Category:Greek_terms_borrowed_from_French
εγκυκλοπαιδικός,el,fr,Category:Greek_terms_borrowed_from_French
εικονολατρία,el,fr,Category:Greek_terms_borrowed_from_French
εκλαίρ,el,fr,Category:Greek_terms_borrowed_from_French
εκλέρ,el,fr,Category:Greek_terms_borrowed_from_French
ελλειπτικός,el,fr,Category:Greek_terms_borrowed_from_French
εμαγιέ,el,fr,Category:Greek_terms_borrowed_from_French
εμπειρισμός,el,fr,Category:Greek_terms_borrowed_from_French
εξπρές,el,fr,Category:Greek_terms_borrowed_from_French
έξτρα,el,fr,Category:Greek_terms_borrowed_from_French
εποποιία,el,fr,Category:Greek_terms_borrowed_from_French
εστέτ,el,fr,Category:Greek_terms_borrowed_from_French
εστραγκόν,el,fr,Category:Greek_terms_borrowed_from_French
ζαμπόν,el,fr,Category:Greek_terms_borrowed_from_French
ζέβρα,el,fr,Category:Greek_terms_borrowed_from_French
ζέμπρα,el,fr,Category:Greek_terms_borrowed_from_French
ζενίθ,el,fr,Category:Greek_terms_borrowed_from_French
ζούγκλα,el,fr,Category:Greek_terms_borrowed_from_French
ηλεκτρικός,el,fr,Category:Greek_terms_borrowed_from_French
ηωσίνη,el,fr,Category:Greek_terms_borrowed_from_French
θεραπευτική,el,fr,Category:Greek_terms_borrowed_from_French
θερμοδυναμική,el,fr,Category:Greek_terms_borrowed_from_French
θερμόμετρο,el,fr,Category:Greek_terms_borrowed_from_French
ιαγουάρος,el,fr,Category:Greek_terms_borrowed_from_French
-ιανός,el,fr,Category:Greek_terms_borrowed_from_French
Ιαπωνία,el,fr,Category:Greek_terms_borrowed_from_French
Ιλ-ντε-Φρανς,el,fr,Category:Greek_terms_borrowed_from_French
ιμπεριαλισμός,el,fr,Category:Greek_terms_borrowed_from_French
Ιουρασική,el,fr,Category:Greek_terms_borrowed_from_French
ισλαμισμός,el,fr,Category:Greek_terms_borrowed_from_French
ιώδιο,el,fr,Category:Greek_terms_borrowed_from_French
ιωδισμός,el,fr,Category:Greek_terms_borrowed_from_French
καλοριφέρ,el,fr,Category:Greek_terms_borrowed_from_French
καμβάς,el,fr,Category:Greek_terms_borrowed_from_French
Καμερούν,el,fr,Category:Greek_terms_borrowed_from_French
καμουφλάζ,el,fr,Category:Greek_terms_borrowed_from_French
καμουφλάρω,el,fr,Category:Greek_terms_borrowed_from_French
καμπάνια,el,fr,Category:Greek_terms_borrowed_from_French
Καμπερνέ Σοβινιόν,el,fr,Category:Greek_terms_borrowed_from_French
Καμπότζη,el,fr,Category:Greek_terms_borrowed_from_French
καναπές,el,fr,Category:Greek_terms_borrowed_from_French
Κάννες,el,fr,Category:Greek_terms_borrowed_from_French
κανό,el,fr,Category:Greek_terms_borrowed_from_French
καρμανιόλα,el,fr,Category:Greek_terms_borrowed_from_French
καρό,el,fr,Category:Greek_terms_borrowed_from_French
καρτ-ποστάλ,el,fr,Category:Greek_terms_borrowed_from_French
κασκαντέρ,el,fr,Category:Greek_terms_borrowed_from_French
κασκόλ,el,fr,Category:Greek_terms_borrowed_from_French
κατίνα,el,fr,Category:Greek_terms_borrowed_from_French
καυστικός,el,fr,Category:Greek_terms_borrowed_from_French
καφέ,el,fr,Category:Greek_terms_borrowed_from_French
κεκ,el,fr,Category:Greek_terms_borrowed_from_French
κιλό,el,fr,Category:Greek_terms_borrowed_from_French
κιλοβάτ,el,fr,Category:Greek_terms_borrowed_from_French
κινηματογραφία,el,fr,Category:Greek_terms_borrowed_from_French
κινηματογραφικός,el,fr,Category:Greek_terms_borrowed_from_French
κινηματογράφος,el,fr,Category:Greek_terms_borrowed_from_French
κις,el,fr,Category:Greek_terms_borrowed_from_French
κλασικός,el,fr,Category:Greek_terms_borrowed_from_French
κλικ,el,fr,Category:Greek_terms_borrowed_from_French
κλινική,el,fr,Category:Greek_terms_borrowed_from_French
κολιέ,el,fr,Category:Greek_terms_borrowed_from_French
κολιμπρί,el,fr,Category:Greek_terms_borrowed_from_French
κολλώδιο,el,fr,Category:Greek_terms_borrowed_from_French
κομεντί,el,fr,Category:Greek_terms_borrowed_from_French
κομμουνισμός,el,fr,Category:Greek_terms_borrowed_from_French
κομμουνίστρια,el,fr,Category:Greek_terms_borrowed_from_French
κομπέρ,el,fr,Category:Greek_terms_borrowed_from_French
κομπινεζόν,el,fr,Category:Greek_terms_borrowed_from_French
κομπρεσέρ,el,fr,Category:Greek_terms_borrowed_from_French
Κονγκό,el,fr,Category:Greek_terms_borrowed_from_French
κορ ανγκλέ,el,fr,Category:Greek_terms_borrowed_from_French
κορσές,el,fr,Category:Greek_terms_borrowed_from_French
κόρυμβος,el,fr,Category:Greek_terms_borrowed_from_French
Κοτ-ντ'Ορ,el,fr,Category:Greek_terms_borrowed_from_French
κουαφέζα,el,fr,Category:Greek_terms_borrowed_from_French
κουντεπιέ,el,fr,Category:Greek_terms_borrowed_from_French
κουπ,el,fr,Category:Greek_terms_borrowed_from_French
κούρσα,el,fr,Category:Greek_terms_borrowed_from_French
κουστούμι,el,fr,Category:Greek_terms_borrowed_from_French
κραγιόν,el,fr,Category:Greek_terms_borrowed_from_French
κρεμ,el,fr,Category:Greek_terms_borrowed_from_French
κριτική,el,fr,Category:Greek_terms_borrowed_from_French
κρουασάν,el,fr,Category:Greek_terms_borrowed_from_French
λικέρ,el,fr,Category:Greek_terms_borrowed_from_French
λιλά,el,fr,Category:Greek_terms_borrowed_from_French
λιμπεραλισμός,el,fr,Category:Greek_terms_borrowed_from_French
λουξ,el,fr,Category:Greek_terms_borrowed_from_French
μάγια,el,fr,Category:Greek_terms_borrowed_from_French
μαγιό,el,fr,Category:Greek_terms_borrowed_from_French
μαγιονέζα,el,fr,Category:Greek_terms_borrowed_from_French
μακιγιάζ,el,fr,Category:Greek_terms_borrowed_from_French
μακιγιέζ,el,fr,Category:Greek_terms_borrowed_from_French
μακιγιέρ,el,fr,Category:Greek_terms_borrowed_from_French
μακροοικονομικός,el,fr,Category:Greek_terms_borrowed_from_French
μανεκέν,el,fr,Category:Greek_terms_borrowed_from_French
μανικιούρ,el,fr,Category:Greek_terms_borrowed_from_French
μανσέτα,el,fr,Category:Greek_terms_borrowed_from_French
μαοϊσμός,el,fr,Category:Greek_terms_borrowed_from_French
μαόνι,el,fr,Category:Greek_terms_borrowed_from_French
μαργράβος,el,fr,Category:Greek_terms_borrowed_from_French
μαρμελάδα,el,fr,Category:Greek_terms_borrowed_from_French
μαρμότα,el,fr,Category:Greek_terms_borrowed_from_French
μασάζ,el,fr,Category:Greek_terms_borrowed_from_French
μασίς,el,fr,Category:Greek_terms_borrowed_from_French
μάσκα,el,fr,Category:Greek_terms_borrowed_from_French
μεγαλομανία,el,fr,Category:Greek_terms_borrowed_from_French
μεθοδολογία,el,fr,Category:Greek_terms_borrowed_from_French
μενού,el,fr,Category:Greek_terms_borrowed_from_French
μενταγιόν,el,fr,Category:Greek_terms_borrowed_from_French
μετεωρολογία,el,fr,Category:Greek_terms_borrowed_from_French
μετεωρολογικός,el,fr,Category:Greek_terms_borrowed_from_French
μετρό,el,fr,Category:Greek_terms_borrowed_from_French
μετρονόμος,el,fr,Category:Greek_terms_borrowed_from_French
μικροοικονομικός,el,fr,Category:Greek_terms_borrowed_from_French
μικροσκόπιο,el,fr,Category:Greek_terms_borrowed_from_French
Μισέλ,el,fr,Category:Greek_terms_borrowed_from_French
μοβ,el,fr,Category:Greek_terms_borrowed_from_French
μόδα,el,fr,Category:Greek_terms_borrowed_from_French
μοντάζ,el,fr,Category:Greek_terms_borrowed_from_French
μπαγκέτα,el,fr,Category:Greek_terms_borrowed_from_French
μπαλαντέρ,el,fr,Category:Greek_terms_borrowed_from_French
μπαμπάς,el,fr,Category:Greek_terms_borrowed_from_French
μπαράζ,el,fr,Category:Greek_terms_borrowed_from_French
μπαρδόν,el,fr,Category:Greek_terms_borrowed_from_French
μπεζ,el,fr,Category:Greek_terms_borrowed_from_French
Μπενίν,el,fr,Category:Greek_terms_borrowed_from_French
μπετόν,el,fr,Category:Greek_terms_borrowed_from_French
μπετονιέρα,el,fr,Category:Greek_terms_borrowed_from_French
μπιγκουντί,el,fr,Category:Greek_terms_borrowed_from_French
μπικίνι,el,fr,Category:Greek_terms_borrowed_from_French
μπικουτί,el,fr,Category:Greek_terms_borrowed_from_French
μπιμπερό,el,fr,Category:Greek_terms_borrowed_from_French
μπιφτέκι,el,fr,Category:Greek_terms_borrowed_from_French
μπλε,el,fr,Category:Greek_terms_borrowed_from_French
μπλε μαρέν,el,fr,Category:Greek_terms_borrowed_from_French
μπλε μαρίν,el,fr,Category:Greek_terms_borrowed_from_French
μπλουζόν,el,fr,Category:Greek_terms_borrowed_from_French
μπολ,el,fr,Category:Greek_terms_borrowed_from_French
μπουγιαμπέσα,el,fr,Category:Greek_terms_borrowed_from_French
μπουζί,el,fr,Category:Greek_terms_borrowed_from_French
μπουκέτο,el,fr,Category:Greek_terms_borrowed_from_French
μπούκλα,el,fr,Category:Greek_terms_borrowed_from_French
Μπουρκίνα Φάσο,el,fr,Category:Greek_terms_borrowed_from_French
Μπουρούντι,el,fr,Category:Greek_terms_borrowed_from_French
μπουφάν,el,fr,Category:Greek_terms_borrowed_from_French
μπρελόκ,el,fr,Category:Greek_terms_borrowed_from_French
μπροκαντέρ,el,fr,Category:Greek_terms_borrowed_from_French
μπροκαντερί,el,fr,Category:Greek_terms_borrowed_from_French
ναδίρ,el,fr,Category:Greek_terms_borrowed_from_French
ναΐφ,el,fr,Category:Greek_terms_borrowed_from_French
νοσταλγία,el,fr,Category:Greek_terms_borrowed_from_French
νουγκατίνα,el,fr,Category:Greek_terms_borrowed_from_French
ντεκόρ,el,fr,Category:Greek_terms_borrowed_from_French
ντισπανσέρ,el,fr,Category:Greek_terms_borrowed_from_French
ντοκιμαντέρ,el,fr,Category:Greek_terms_borrowed_from_French
ντουζ,el,fr,Category:Greek_terms_borrowed_from_French
ντουί,el,fr,Category:Greek_terms_borrowed_from_French
ντουμπλάρω,el,fr,Category:Greek_terms_borrowed_from_French
ντους,el,fr,Category:Greek_terms_borrowed_from_French
Ντωφινέ,el,fr,Category:Greek_terms_borrowed_from_French
οβάλ,el,fr,Category:Greek_terms_borrowed_from_French
οικολογία,el,fr,Category:Greek_terms_borrowed_from_French
οικολογικός,el,fr,Category:Greek_terms_borrowed_from_French
ολόγραμμα,el,fr,Category:Greek_terms_borrowed_from_French
οξαλικός,el,fr,Category:Greek_terms_borrowed_from_French
οργανοληπτικός,el,fr,Category:Greek_terms_borrowed_from_French
οργανώνω,el,fr,Category:Greek_terms_borrowed_from_French
Ορν,el,fr,Category:Greek_terms_borrowed_from_French
ορτανσία,el,fr,Category:Greek_terms_borrowed_from_French
ορχιδέα,el,fr,Category:Greek_terms_borrowed_from_French
Οσμάν,el,fr,Category:Greek_terms_borrowed_from_French
οτομπούς,el,fr,Category:Greek_terms_borrowed_from_French
οτοστόπ,el,fr,Category:Greek_terms_borrowed_from_French
ουβερτούρα,el,fr,Category:Greek_terms_borrowed_from_French
ουλάνος,el,fr,Category:Greek_terms_borrowed_from_French
Πα-ντε-Καλαί,el,fr,Category:Greek_terms_borrowed_from_French
παιδίατρος,el,fr,Category:Greek_terms_borrowed_from_French
παλτό,el,fr,Category:Greek_terms_borrowed_from_French
πανέ,el,fr,Category:Greek_terms_borrowed_from_French
πανσιόν,el,fr,Category:Greek_terms_borrowed_from_French
παντζούρι,el,fr,Category:Greek_terms_borrowed_from_French
παπιγιόν,el,fr,Category:Greek_terms_borrowed_from_French
παραφωνία,el,fr,Category:Greek_terms_borrowed_from_French
Παρίσι,el,fr,Category:Greek_terms_borrowed_from_French
παρμπρίζ,el,fr,Category:Greek_terms_borrowed_from_French
πατ,el,fr,Category:Greek_terms_borrowed_from_French
πεκάν,el,fr,Category:Greek_terms_borrowed_from_French
περιοδικό,el,fr,Category:Greek_terms_borrowed_from_French
περφορατέρ,el,fr,Category:Greek_terms_borrowed_from_French
Πικαρδία,el,fr,Category:Greek_terms_borrowed_from_French
πιόνι,el,fr,Category:Greek_terms_borrowed_from_French
πίστα,el,fr,Category:Greek_terms_borrowed_from_French
πλαζ,el,fr,Category:Greek_terms_borrowed_from_French
πλασιέ,el,fr,Category:Greek_terms_borrowed_from_French
πλατίνα,el,fr,Category:Greek_terms_borrowed_from_French
πλατφόρμα,el,fr,Category:Greek_terms_borrowed_from_French
πλαφόν,el,fr,Category:Greek_terms_borrowed_from_French
πλουραλισμός,el,fr,Category:Greek_terms_borrowed_from_French
πολωνέζα,el,fr,Category:Greek_terms_borrowed_from_French
πορνογραφία,el,fr,Category:Greek_terms_borrowed_from_French
πορτμπαγκάζ,el,fr,Category:Greek_terms_borrowed_from_French
ποσέ,el,fr,Category:Greek_terms_borrowed_from_French
πουαντιλιστής,el,fr,Category:Greek_terms_borrowed_from_French
πουρμπουάρ,el,fr,Category:Greek_terms_borrowed_from_French
πρεμιέρα,el,fr,Category:Greek_terms_borrowed_from_French
πρίζα,el,fr,Category:Greek_terms_borrowed_from_French
πριμιτίφ,el,fr,Category:Greek_terms_borrowed_from_French
προφίλ,el,fr,Category:Greek_terms_borrowed_from_French
Πωλ,el,fr,Category:Greek_terms_borrowed_from_French
ράδιο,el,fr,Category:Greek_terms_borrowed_from_French
ραδιοφωνικός,el,fr,Category:Greek_terms_borrowed_from_French
ραντεβού,el,fr,Category:Greek_terms_borrowed_from_French
ραντό,el,fr,Category:Greek_terms_borrowed_from_French
ρεκόρ,el,fr,Category:Greek_terms_borrowed_from_French
ρεπεσάζ,el,fr,Category:Greek_terms_borrowed_from_French
ρεπό,el,fr,Category:Greek_terms_borrowed_from_French
ρεπορτάζ,el,fr,Category:Greek_terms_borrowed_from_French
ρεσεψιόν,el,fr,Category:Greek_terms_borrowed_from_French
ρεσεψιονίστ,el,fr,Category:Greek_terms_borrowed_from_French
ρεσιτάλ,el,fr,Category:Greek_terms_borrowed_from_French
ρετιρέ,el,fr,Category:Greek_terms_borrowed_from_French
ρεφρέν,el,fr,Category:Greek_terms_borrowed_from_French
ροζ,el,fr,Category:Greek_terms_borrowed_from_French
ροζέ,el,fr,Category:Greek_terms_borrowed_from_French
ροκφόρ,el,fr,Category:Greek_terms_borrowed_from_French
ρολό,el,fr,Category:Greek_terms_borrowed_from_French
ρόλος,el,fr,Category:Greek_terms_borrowed_from_French
ρουτίνα,el,fr,Category:Greek_terms_borrowed_from_French
σαμπάνια,el,fr,Category:Greek_terms_borrowed_from_French
σαμπανιζέ,el,fr,Category:Greek_terms_borrowed_from_French
σαμποτάζ,el,fr,Category:Greek_terms_borrowed_from_French
σαμποτέρ,el,fr,Category:Greek_terms_borrowed_from_French
σαμπουάν,el,fr,Category:Greek_terms_borrowed_from_French
σαντιγί,el,fr,Category:Greek_terms_borrowed_from_French
σαντιγύ,el,fr,Category:Greek_terms_borrowed_from_French
σαρκαστικός,el,fr,Category:Greek_terms_borrowed_from_French
σατέν,el,fr,Category:Greek_terms_borrowed_from_French
σατιρίζω,el,fr,Category:Greek_terms_borrowed_from_French
σεβρό,el,fr,Category:Greek_terms_borrowed_from_French
σεζόν,el,fr,Category:Greek_terms_borrowed_from_French
σεισμολογία,el,fr,Category:Greek_terms_borrowed_from_French
σεισμολογικός,el,fr,Category:Greek_terms_borrowed_from_French
σεισμολόγος,el,fr,Category:Greek_terms_borrowed_from_French
Σεν-ε-Μαρν,el,fr,Category:Greek_terms_borrowed_from_French
σερίφης,el,fr,Category:Greek_terms_borrowed_from_French
σιδηρίτης,el,fr,Category:Greek_terms_borrowed_from_French
σικορέ,el,fr,Category:Greek_terms_borrowed_from_French
σινεμά,el,fr,Category:Greek_terms_borrowed_from_French
σιφόν,el,fr,Category:Greek_terms_borrowed_from_French
σοβινισμός,el,fr,Category:Greek_terms_borrowed_from_French
σοκ,el,fr,Category:Greek_terms_borrowed_from_French
σοκολάτα,el,fr,Category:Greek_terms_borrowed_from_French
σορμπέ,el,fr,Category:Greek_terms_borrowed_from_French
σος,el,fr,Category:Greek_terms_borrowed_from_French
σοσιαλισμός,el,fr,Category:Greek_terms_borrowed_from_French
σουβενίρ,el,fr,Category:Greek_terms_borrowed_from_French
σουβέρ,el,fr,Category:Greek_terms_borrowed_from_French
σουξέ,el,fr,Category:Greek_terms_borrowed_from_French
σούπα,el,fr,Category:Greek_terms_borrowed_from_French
σουτιέν,el,fr,Category:Greek_terms_borrowed_from_French
σοφίτα,el,fr,Category:Greek_terms_borrowed_from_French
σπορ,el,fr,Category:Greek_terms_borrowed_from_French
στηθοσκόπιο,el,fr,Category:Greek_terms_borrowed_from_French
στυλό,el,fr,Category:Greek_terms_borrowed_from_French
συμβιωτικός,el,fr,Category:Greek_terms_borrowed_from_French
συμβολισμός,el,fr,Category:Greek_terms_borrowed_from_French
συμμετρικός,el,fr,Category:Greek_terms_borrowed_from_French
συμπτωματικός,el,fr,Category:Greek_terms_borrowed_from_French
σφυγμογραφία,el,fr,Category:Greek_terms_borrowed_from_French
σωματολογία,el,fr,Category:Greek_terms_borrowed_from_French
σως,el,fr,Category:Greek_terms_borrowed_from_French
τακτ,el,fr,Category:Greek_terms_borrowed_from_French
ταμπλό,el,fr,Category:Greek_terms_borrowed_from_French
ταξί,el,fr,Category:Greek_terms_borrowed_from_French
ταρό,el,fr,Category:Greek_terms_borrowed_from_French
τατουάζ,el,fr,Category:Greek_terms_borrowed_from_French
τέιο,el,fr,Category:Greek_terms_borrowed_from_French
τελεφερίκ,el,fr,Category:Greek_terms_borrowed_from_French
τερπένιο,el,fr,Category:Greek_terms_borrowed_from_French
τηλεφωνικός,el,fr,Category:Greek_terms_borrowed_from_French
τηλέφωνο,el,fr,Category:Greek_terms_borrowed_from_French
τηλεφωνώ,el,fr,Category:Greek_terms_borrowed_from_French
τιρκουάζ,el,fr,Category:Greek_terms_borrowed_from_French
τιρμπουσόν,el,fr,Category:Greek_terms_borrowed_from_French
τόνος,el,fr,Category:Greek_terms_borrowed_from_French
τουαλέτα,el,fr,Category:Greek_terms_borrowed_from_French
τουκάν,el,fr,Category:Greek_terms_borrowed_from_French
τραβεστί,el,fr,Category:Greek_terms_borrowed_from_French
τρακάρω,el,fr,Category:Greek_terms_borrowed_from_French
τρακτέρ,el,fr,Category:Greek_terms_borrowed_from_French
τρίκο,el,fr,Category:Greek_terms_borrowed_from_French
τρίκυκλο,el,fr,Category:Greek_terms_borrowed_from_French
τροτσκισμός,el,fr,Category:Greek_terms_borrowed_from_French
Τσαντ,el,fr,Category:Greek_terms_borrowed_from_French
υδροηλεκτρικός,el,fr,Category:Greek_terms_borrowed_from_French
υδρόφιλος,el,fr,Category:Greek_terms_borrowed_from_French
υλοζωισμός,el,fr,Category:Greek_terms_borrowed_from_French
υπερτροφία,el,fr,Category:Greek_terms_borrowed_from_French
φαβορί,el,fr,Category:Greek_terms_borrowed_from_French
φανατικός,el,fr,Category:Greek_terms_borrowed_from_French
φενέκ,el,fr,Category:Greek_terms_borrowed_from_French
φεστιβάλ,el,fr,Category:Greek_terms_borrowed_from_French
φετίχ,el,fr,Category:Greek_terms_borrowed_from_French
φθόριο,el,fr,Category:Greek_terms_borrowed_from_French
φιλανθρωπικός,el,fr,Category:Greek_terms_borrowed_from_French
φιλελληνικός,el,fr,Category:Greek_terms_borrowed_from_French
φιλολογικός,el,fr,Category:Greek_terms_borrowed_from_French
φιλοτελιστής,el,fr,Category:Greek_terms_borrowed_from_French
φιξάρω,el,fr,Category:Greek_terms_borrowed_from_French
φλίπερ,el,fr,Category:Greek_terms_borrowed_from_French
φλου,el,fr,Category:Greek_terms_borrowed_from_French
φον ντε τεν,el,fr,Category:Greek_terms_borrowed_from_French
φραμπουάζ,el,fr,Category:Greek_terms_borrowed_from_French
φραπέ,el,fr,Category:Greek_terms_borrowed_from_French
χαλίφης,el,fr,Category:Greek_terms_borrowed_from_French
χαμίνι,el,fr,Category:Greek_terms_borrowed_from_French
χαρτομαντεία,el,fr,Category:Greek_terms_borrowed_from_French
χλώριο,el,fr,Category:Greek_terms_borrowed_from_French
χρονόμετρο,el,fr,Category:Greek_terms_borrowed_from_French
ψευδώνυμο,el,fr,Category:Greek_terms_borrowed_from_French
ψυχανάλυση,el,fr,Category:Greek_terms_borrowed_from_French
ψυχασθένεια,el,fr,Category:Greek_terms_borrowed_from_French
ψυχιατρική,el,fr,Category:Greek_terms_borrowed_from_French
ψυχιατρικός,el,fr,Category:Greek_terms_borrowed_from_French
ψυχίατρος,el,fr,Category:Greek_terms_borrowed_from_French
ψυχοθεραπεία,el,fr,Category:Greek_terms_borrowed_from_French
ψυχολογία,el,fr,Category:Greek_terms_borrowed_from_French
ψυχολογικός,el,fr,Category:Greek_terms_borrowed_from_French
ψυχολόγος,el,fr,Category:Greek_terms_borrowed_from_French
ψυχραιμία,el,fr,Category:Greek_terms_borrowed_from_French
ψύχωση,el,fr,Category:Greek_terms_borrowed_from_French
Ω-ντε-Φρανς,el,fr,Category:Greek_terms_borrowed_from_French
Ωβέρνη-Ρον-Αλπ,el,fr,Category:Greek_terms_borrowed_from_French
Ωντ,el,fr,Category:Greek_terms_borrowed_from_French
